,count,mean,std,min,25%,50%,75%,max,skew
audio_original_sampling_rate,25.0,48000.0,0.0,48000.0,48000.0,48000.0,48000.0,48000.0,0.0
audio_original_channels,25.0,2.0,0.0,2.0,2.0,2.0,2.0,2.0,0.0
audio_clipping_ratio,25.0,0.0,0.0,0.0,0.0,0.0,0.0,0.0,0.0
audio_duration_sec,25.0,0.893155,0.2918221228869566,0.4739375,0.678,0.813,1.0586875,1.7348125,0.8586308856892327
audio_trimmed_dur_sec,25.0,0.893155,0.2918221228869566,0.4739375,0.678,0.813,1.0586875,1.7348125,0.8586308856892327
audio_trimmed_fraction,25.0,1.0,0.0,1.0,1.0,1.0,1.0,1.0,0.0
audio_pitch_detected,25.0,0.76,0.43588989435406733,0.0,1.0,1.0,1.0,1.0,-1.2966976262249144
audio_voiced_frames,25.0,14.2,9.772410142846033,0.0,5.0,15.0,20.0,33.0,-0.24819359230957475
audio_voiced_ratio,25.0,0.5437994336256197,0.3660864014123304,0.0,0.22727272727272727,0.625,0.8235294117647058,1.0,-0.49146514760099136
audio_f0_mean_hz,19.0,185.6876032900977,92.54938202502937,83.18249019016342,136.87112934407736,147.1425160929423,202.25200435586257,493.14833813763744,2.2677404015215004
audio_f0_std_hz,19.0,17.45122291490125,8.95705512183576,6.471206911302764,10.667757946061172,15.211077566256943,20.626418971095624,39.6737953357217,0.974718170780228
audio_f0_min_hz,19.0,161.6762820672861,93.81627868381918,65.75526361962497,112.8569584531188,131.51052723924994,176.6543175599507,482.3827408094809,2.437662871609156
audio_f0_max_hz,19.0,219.28148674352465,95.59947030034336,97.3899599969843,161.95166916434044,187.0613654014066,240.49679036854232,499.3939314265223,1.7339029121253096
audio_f0_median_hz,19.0,184.437227965679,94.64797074501773,83.57050591403384,133.0408253685016,149.778309046088,205.03339275951706,499.3939314265223,2.263930654110873
audio_f0_range_hz,19.0,57.605204676238515,34.521838751618404,17.011190617041393,32.73620467657147,46.98310343843853,64.8360367044028,148.96840390083506,1.347418534206437
audio_period_variation_proxy,19.0,0.03207206339473001,0.02020625160143289,0.011304284897878181,0.017491674107564588,0.021749726768352476,0.04532597239702553,0.07809817538185448,1.0056276144926368
audio_f0_slope_hz_per_s,19.0,14.635257924346968,73.620516944573,-132.8594757170948,-38.94078034744763,29.97538651516788,55.41316517942165,165.72918606820872,-0.16080740641801888
audio_f0_std_semitones,19.0,1.813043230624598,0.9337384785470623,0.271293199325012,1.1173383634104797,1.787818474015258,2.471665130782181,4.114456642450358,0.6004571155275276
audio_rms_mean,25.0,0.08266523733735084,0.03332606923433173,0.03870787099003792,0.0574391707777977,0.07285238802433014,0.09561683982610703,0.15843090415000916,0.8121404283832111
audio_rms_std,25.0,0.037043696604669094,0.018649200012666185,0.014408297836780548,0.019202975556254387,0.03472091630101204,0.05367732048034668,0.07748374342918396,0.5011597557645071
audio_rms_max,25.0,0.15369319796562195,0.06355998311323362,0.07049395143985748,0.10048776119947433,0.1536027193069458,0.20811425149440765,0.29538044333457947,0.39996350055687757
audio_rms_min,25.0,0.028789803795516492,0.01592929797687618,0.012372343800961971,0.016426555812358856,0.02365110069513321,0.03609870746731758,0.07180431485176086,1.5052538057575955
audio_rms_frame_variation_proxy,25.0,0.16189840018749238,0.05188938867559833,0.0915558710694313,0.1294735223054886,0.14446903765201569,0.2046191394329071,0.28443804383277893,0.7073850307152525
audio_rms_db_mean,25.0,-23.35158737182617,3.460988038906591,-29.366596221923828,-26.142820358276367,-23.315404891967773,-21.111244201660156,-16.595813751220703,0.16485296648086498
audio_rms_db_range,25.0,14.86460620880127,4.0247894631311585,6.93406867980957,11.31011962890625,15.183448791503906,17.54531478881836,21.930606842041016,-0.28162950545007664
audio_active_ratio,25.0,0.9972571428571428,0.009635535139003237,0.96,1.0,1.0,1.0,1.0,-3.4664852354233897
audio_onset_rate_per_sec,25.0,8.664111431617826,2.0696204938327014,2.8336973847334552,7.884362680683311,8.929401916100828,9.950248756218905,12.987012987012987,-0.5221227825495399
audio_zcr_mean,25.0,0.08376288921347566,0.023457284360280627,0.043131510416666664,0.06679173519736842,0.083648681640625,0.10383064516129033,0.13225023674242425,0.24606351052349423
audio_zcr_std,25.0,0.03148232394796849,0.02150201657192298,0.009690888847819483,0.017118658029760196,0.023788585702387566,0.03926187024138381,0.09181194817951918,1.44148460945858
audio_zcr_max,25.0,0.1515234375,0.0737332604155545,0.05859375,0.10546875,0.12890625,0.169921875,0.322265625,1.1023939485221028
audio_spec_centroid_mean,25.0,1383.240153277247,214.2020995579068,977.4608706032416,1249.663454636378,1337.5949876724776,1541.8961729388022,1793.772137774824,0.27578496697004035
audio_spec_centroid_std,25.0,339.5573541164688,224.38724235067815,93.91573215243554,186.3240244512357,260.8945693350543,379.48047113907063,976.2301120689455,1.3271098440899927
audio_spec_bandwidth_mean,25.0,1568.688185415297,139.18375219097663,1347.2330268458043,1464.2820869633106,1533.4271062527362,1692.8852438920896,1836.65985512595,0.4717349667393593
audio_spec_bandwidth_std,25.0,232.58671304175513,119.50951786553338,103.15896795265236,135.57102817431618,193.94447947894363,305.1614667166178,506.337105488734,0.9026166553255196
audio_spec_rolloff85_mean,25.0,2855.4693794299133,495.4953337117029,2001.008064516129,2476.3621794871797,2790.9007352941176,3340.0493421052633,3772.5360576923076,0.40899692156235656
audio_spec_rolloff85_std,25.0,806.3517239680117,437.4975871808571,165.30580654583238,505.6450847308648,690.2838575206821,1088.3896148779802,1761.4047763318308,0.7629707612973655
audio_spec_flatness_mean,25.0,0.011665142476558685,0.007057276760396048,0.002439564559608698,0.006713725160807371,0.009089697152376175,0.016173921525478363,0.024716606363654137,0.6494007976995012
audio_spec_flatness_std,25.0,0.011698798397555948,0.01110120257081367,0.0011767460964620113,0.004522822331637144,0.00786431971937418,0.015216954052448273,0.03949080780148506,1.485198484626434
audio_spec_contrast_mean,25.0,22.821734545539393,0.8907621361127354,21.216204046734052,22.02189722082564,22.785714992328305,23.69904568911743,24.22707563221407,-0.005794257664526702
audio_spec_contrast_std,25.0,11.878170597576993,0.3972684480973002,10.352372854704807,11.724257601253838,11.923671663979924,12.03698960497944,12.599915493250181,-2.223946328797286
audio_chroma_mean,25.0,0.36792354345321654,0.07573224201468495,0.2014254927635193,0.32235100865364075,0.3672293722629547,0.4024375081062317,0.5135292410850525,0.04253319624887968
audio_chroma_std,25.0,0.2969731342792511,0.012424168451829379,0.2640623450279236,0.2894362211227417,0.29962003231048584,0.302267849445343,0.317821204662323,-0.6318252350650295
audio_mfcc_1_mean,25.0,-167.69759338378907,37.62608442930918,-275.0270690917969,-180.51609802246094,-157.95863342285156,-145.4130096435547,-105.06962585449219,-1.2534380663121472
audio_mfcc_1_std,25.0,37.51247001647949,8.681963653558594,18.78411865234375,33.625,38.03996658325195,44.831092834472656,53.43092727661133,-0.3375693643299621
audio_delta_mfcc_1_mean,25.0,0.4204700267314911,1.482763316975499,-2.661412000656128,-0.3372042179107666,0.37497925758361816,1.648999810218811,3.029547929763794,-0.27934192101436567
audio_delta_mfcc_1_std,25.0,8.809287767410279,2.3622042698908787,2.7206766605377197,7.6678314208984375,8.53093433380127,10.720403671264648,12.437281608581543,-0.6385018197213759
audio_delta2_mfcc_1_mean,25.0,-0.5863381792604924,0.36428914573043386,-1.5054371356964111,-0.8278446793556213,-0.5290046334266663,-0.34123489260673523,0.043914299458265305,-0.5699329577022555
audio_delta2_mfcc_1_std,25.0,4.151508255004883,1.2426315151395935,1.9433350563049316,2.848041296005249,4.20383882522583,5.057353496551514,6.640678405761719,0.023877811563983182
audio_mfcc_2_mean,25.0,110.36157653808594,11.096452350547683,88.55043029785156,103.2458724975586,111.33924865722656,119.39269256591797,131.00706481933594,-0.2576404289670171
audio_mfcc_2_std,25.0,18.59864791870117,7.685494294023176,8.865962028503418,13.142982482910156,15.791487693786621,23.204193115234375,34.819061279296875,0.7734602183912884
audio_delta_mfcc_2_mean,25.0,0.26845825627446174,1.3293962720207897,-1.1123124361038208,-0.3937626779079437,-0.0608501099050045,0.5467308759689331,4.607335090637207,2.064449148521327
audio_delta_mfcc_2_std,25.0,3.7322780466079712,1.5498737836384011,1.709583044052124,2.5434582233428955,3.5073764324188232,4.304262638092041,7.564373970031738,0.8728548863540013
audio_delta2_mfcc_2_mean,25.0,0.05158141270279884,0.18265861101391,-0.3339802026748657,-0.08339855819940567,0.03512030094861984,0.11310204118490219,0.5627037286758423,0.8494758453417257
audio_delta2_mfcc_2_std,25.0,2.2938040137290954,1.0648934085067796,0.7870399355888367,1.5897808074951172,2.067901372909546,2.7173993587493896,4.9267964363098145,0.8434688224186416
audio_mfcc_3_mean,25.0,-3.185901463627815,15.873797661399557,-25.927026748657227,-15.260904312133789,-6.2193217277526855,6.944622039794922,41.744110107421875,0.7922553041152793
audio_mfcc_3_std,25.0,16.283024539947508,5.226068950676543,5.832724094390869,12.145620346069336,16.782806396484375,19.755998611450195,28.74236297607422,0.23561519210269208
audio_delta_mfcc_3_mean,25.0,-0.09967083662748337,0.9654318955616685,-3.5752274990081787,-0.3140096962451935,0.052075259387493134,0.38326382637023926,1.3792229890823364,-1.8534263095427757
audio_delta_mfcc_3_std,25.0,3.551222839355469,1.2090633280048548,1.164984941482544,2.5237653255462646,3.77712345123291,4.541722297668457,5.630167484283447,-0.18383920898394188
audio_delta2_mfcc_3_mean,25.0,0.07260209422558546,0.11151008079623884,-0.06737920641899109,0.01216357946395874,0.0742000937461853,0.11000753194093704,0.3997461795806885,1.0542526979578644
audio_delta2_mfcc_3_std,25.0,2.2147840690612792,0.6959965995449715,1.0513168573379517,1.790465235710144,2.014763593673706,2.4800403118133545,3.608011484146118,0.7205288916139797
audio_mfcc_4_mean,25.0,27.45096504211426,11.824812413750925,7.851850509643555,20.108469009399414,22.761987686157227,35.036434173583984,50.8494987487793,0.37715870906107146
audio_mfcc_4_std,25.0,14.677843952178955,5.667112082784072,6.8605170249938965,9.985220909118652,13.244715690612793,18.736339569091797,25.989675521850586,0.5428603330729599
audio_delta_mfcc_4_mean,25.0,-0.04512317971326411,0.5921497172651335,-1.3992526531219482,-0.2766277492046356,0.1169511005282402,0.3538789749145508,0.7504764795303345,-0.7794210872107249
audio_delta_mfcc_4_std,25.0,3.176522665023804,1.4585455631652762,1.187252402305603,1.9639500379562378,2.922142744064331,4.187355041503906,5.966732025146484,0.48904886478709725
audio_delta2_mfcc_4_mean,25.0,-0.04189093509106897,0.1402360528016371,-0.5236674547195435,-0.11495934426784515,-0.00611071614548564,0.01903386414051056,0.2689548134803772,-1.3752231116826334
audio_delta2_mfcc_4_std,25.0,1.8611417031288147,0.6716315663040068,0.6962605118751526,1.41074538230896,1.8530712127685547,2.460052967071533,3.0609567165374756,0.14788297958436544
audio_mfcc_5_mean,25.0,-5.214209589958191,7.10862114299604,-14.95348072052002,-10.026671409606934,-8.023459434509277,-1.3656426668167114,7.828025817871094,0.5964402719760378
audio_mfcc_5_std,25.0,10.586192111968995,3.6246953999828326,5.378286361694336,7.836049556732178,9.378580093383789,12.35826587677002,19.913652420043945,0.9230775689218383
audio_delta_mfcc_5_mean,25.0,0.01934423476457596,0.5907626362781847,-1.7962665557861328,-0.17268036305904388,0.12873582541942596,0.4202664792537689,0.9029003381729126,-1.1535204280358398
audio_delta_mfcc_5_std,25.0,2.2584634041786193,1.0217825465947878,0.9100021719932556,1.652787208557129,2.0545401573181152,2.862112522125244,5.186845302581787,1.3323548772734986
audio_delta2_mfcc_5_mean,25.0,0.05330408500507474,0.1310874181968524,-0.1719006448984146,-0.023896092548966408,0.029426483437418938,0.09232642501592636,0.4821358919143677,1.5647665649203648
audio_delta2_mfcc_5_std,25.0,1.4572058033943176,0.5794699189832536,0.7205067873001099,1.0693713426589966,1.2194935083389282,1.7947237491607666,2.775026798248291,0.9608464538976382
audio_mfcc_6_mean,25.0,-9.944337806701661,7.244760312880622,-22.12203025817871,-13.134651184082031,-10.365673065185547,-5.4341721534729,2.285404682159424,-0.1923844942424089
audio_mfcc_6_std,25.0,9.074524211883546,3.023782404281611,5.134016036987305,7.216897010803223,8.551420211791992,10.660720825195312,16.733293533325195,1.0946814546594634
audio_delta_mfcc_6_mean,25.0,-0.03874217689037323,0.4740585279036164,-1.0443006753921509,-0.3122594952583313,-0.04437468945980072,0.2706437408924103,1.1650184392929077,0.19689388792148912
audio_delta_mfcc_6_std,25.0,1.8389505982398986,0.7174455029624383,0.8639142513275146,1.298643946647644,1.513182282447815,2.55597186088562,3.3706531524658203,0.6798679367701586
audio_delta2_mfcc_6_mean,25.0,0.049805355276912454,0.08979989407819884,-0.0812009647488594,-0.007009627763181925,0.04196479916572571,0.10383181273937225,0.2946590185165405,0.7814564028640709
audio_delta2_mfcc_6_std,25.0,1.1435641193389892,0.3815150604717331,0.6188288927078247,0.8335589170455933,1.098020315170288,1.3275437355041504,1.988173246383667,0.4854343145920194
audio_mfcc_7_mean,25.0,-18.507100944519042,7.19576689101862,-33.42572784423828,-21.352542877197266,-17.907203674316406,-13.035627365112305,-7.820218086242676,-0.48007185030431826
audio_mfcc_7_std,25.0,9.532015209197999,3.375793892662455,5.077857971191406,6.9441728591918945,9.392521858215332,12.151593208312988,15.258952140808105,0.28480313525150336
audio_delta_mfcc_7_mean,25.0,-0.11067178383469582,0.502522263124321,-1.4472205638885498,-0.3569560945034027,-0.14021600782871246,0.19057105481624603,0.8314570188522339,-0.4958661945669582
audio_delta_mfcc_7_std,25.0,1.9708644509315492,0.8199981735722971,0.6223307847976685,1.3314523696899414,1.944172978401184,2.6602025032043457,3.240145683288574,-0.02227846156700114
audio_delta2_mfcc_7_mean,25.0,0.07380953840911389,0.08389791669030662,-0.03774557635188103,0.012575729750096798,0.03971768170595169,0.12703610956668854,0.28599217534065247,0.8409882648029656
audio_delta2_mfcc_7_std,25.0,1.1810446429252623,0.433395366336309,0.5279517769813538,0.8781720995903015,1.1141448020935059,1.2876276969909668,2.20542573928833,0.8824338952866826
audio_mfcc_8_mean,25.0,-6.76673233449459,7.510178854201282,-26.51749038696289,-10.034024238586426,-7.445169925689697,-3.4393062591552734,8.244032859802246,-0.19932169429742339
audio_mfcc_8_std,25.0,8.477463092803955,2.37717336430441,4.643324375152588,6.983856201171875,8.210147857666016,9.960038185119629,13.567427635192871,0.39980035173530043
audio_delta_mfcc_8_mean,25.0,-0.10505839496850967,0.3959720336995396,-0.7487955093383789,-0.36667224764823914,-0.17847983539104462,0.1460205465555191,0.835576593875885,0.47120534554401844
audio_delta_mfcc_8_std,25.0,1.7338000679016112,0.5616179972549391,1.0584957599639893,1.1647955179214478,1.7274776697158813,2.038156509399414,3.2157628536224365,0.7882117624873003
audio_delta2_mfcc_8_mean,25.0,0.026773116413969546,0.07834191605580816,-0.16111095249652863,-0.012823909521102905,0.007809945847839117,0.0815223678946495,0.17916320264339447,0.019489107138575427
audio_delta2_mfcc_8_std,25.0,1.0893922853469848,0.37976561206328463,0.5809704065322876,0.8023773431777954,1.0188885927200317,1.3269078731536865,2.1739511489868164,0.8832029301764038
audio_mfcc_9_mean,25.0,-8.379450685977936,5.596830772448206,-16.476028442382812,-12.186484336853027,-9.362481117248535,-6.132009029388428,3.7117879390716553,0.6342018670106776
audio_mfcc_9_std,25.0,7.390801906585693,1.9977530590553576,2.849940776824951,5.907816410064697,7.407995223999023,8.306010246276855,10.912647247314453,0.01363313384416289
audio_delta_mfcc_9_mean,25.0,0.13258607380092144,0.3908975582913285,-0.6976578235626221,-0.16792364418506622,-0.003190884832292795,0.40601250529289246,1.0424046516418457,0.3669455151340687
audio_delta_mfcc_9_std,25.0,1.4984420800209046,0.5095412601838275,0.29232627153396606,1.1410138607025146,1.5041955709457397,1.877018928527832,2.4352469444274902,-0.28211995191148964
audio_delta2_mfcc_9_mean,25.0,0.05278553059557453,0.061867010003834814,-0.03178732097148895,0.019698895514011383,0.036174993962049484,0.09133755415678024,0.2090197205543518,0.9636465184288772
audio_delta2_mfcc_9_std,25.0,0.9306252992153168,0.2738995369004817,0.304120808839798,0.7349898219108582,0.8790064454078674,1.0865968465805054,1.427633285522461,-0.03847096085598126
audio_mfcc_10_mean,25.0,-8.88040632724762,4.512476916032844,-18.17725372314453,-10.95737075805664,-9.35338020324707,-6.050265789031982,1.8499940633773804,0.04595312017821385
audio_mfcc_10_std,25.0,8.11671308517456,2.4880163981702625,5.131350994110107,6.615904331207275,7.486720561981201,8.857805252075195,17.01630210876465,2.017272182536207
audio_delta_mfcc_10_mean,25.0,-0.07870470553636551,0.41139648758416847,-0.8627140522003174,-0.34754785895347595,-0.08270090073347092,0.14762528240680695,0.6935473680496216,0.2863793222633544
audio_delta_mfcc_10_std,25.0,1.6500613737106322,0.7447925200998566,0.6522359848022461,1.3045579195022583,1.4917378425598145,1.8585470914840698,4.590501308441162,2.6586500704746645
audio_delta2_mfcc_10_mean,25.0,0.059229258298873905,0.0779574178138043,-0.057959627360105515,0.01738821342587471,0.04828740656375885,0.07882289588451385,0.29903024435043335,1.5028394023323728
audio_delta2_mfcc_10_std,25.0,0.9839653432369232,0.3271707134426982,0.40180760622024536,0.7983369827270508,0.9616736769676208,1.1171811819076538,1.9495023488998413,0.9451536832063139
audio_mfcc_11_mean,25.0,-6.110599526166916,4.737330589752763,-13.923895835876465,-10.959237098693848,-4.930471897125244,-2.034186363220215,3.3961002826690674,-0.08724682701927523
audio_mfcc_11_std,25.0,6.986099920272827,2.680532238117036,3.8999295234680176,5.126134395599365,5.896543025970459,7.691055774688721,12.576050758361816,1.0893219886367345
audio_delta_mfcc_11_mean,25.0,0.01069387286901474,0.327362483472444,-0.6213228702545166,-0.1484171748161316,0.020045289769768715,0.13504493236541748,0.8067528009414673,0.30922004240069917
audio_delta_mfcc_11_std,25.0,1.3550607311725615,0.7151794946801067,0.3899785578250885,0.9192081689834595,1.1066135168075562,1.6739999055862427,3.0827887058258057,1.127651702268587
audio_delta2_mfcc_11_mean,25.0,0.031154778630007058,0.06025467073972079,-0.0869867354631424,-0.0007967829587869346,0.030097877606749535,0.05331870913505554,0.1936674416065216,0.5200747685642462
audio_delta2_mfcc_11_std,25.0,0.9098231101036072,0.38117783250318643,0.43921250104904175,0.6328573822975159,0.7488206624984741,1.1404345035552979,2.0133261680603027,1.1968318901115254
audio_mfcc_12_mean,25.0,-6.745718613862992,5.7764778056428705,-21.135881423950195,-8.307845115661621,-6.945795059204102,-3.0410702228546143,4.558082580566406,-0.7257405505048611
audio_mfcc_12_std,25.0,6.436581869125366,2.3578619020834997,3.6619038581848145,5.222273349761963,5.875710487365723,7.012351036071777,12.667864799499512,1.4013108825103278
audio_delta_mfcc_12_mean,25.0,-0.12131031453609467,0.3132371210123866,-0.7660342454910278,-0.3259763717651367,-0.038612090051174164,0.08167996257543564,0.5460034012794495,-0.24549210072885336
audio_delta_mfcc_12_std,25.0,1.2557448220252991,0.5810306678355747,0.47162818908691406,0.8938822150230408,1.1805449724197388,1.537610650062561,2.7353134155273438,0.9914296621032
audio_delta2_mfcc_12_mean,25.0,0.044766670167446135,0.06462727089643874,-0.07841005176305771,0.002768784062936902,0.04032314196228981,0.06607484072446823,0.25412875413894653,1.3853980559443317
audio_delta2_mfcc_12_std,25.0,0.8301614785194397,0.3199581600218554,0.38088342547416687,0.6122714877128601,0.7736791372299194,0.9227998852729797,1.6079775094985962,1.0712674957807231
audio_mfcc_13_mean,25.0,-9.270754898786544,4.989251931483741,-19.052663803100586,-12.622349739074707,-10.158953666687012,-4.248152256011963,-0.4439121186733246,0.16070238577911464
audio_mfcc_13_std,25.0,6.712373733520508,1.8572519948033586,3.8116917610168457,5.476449012756348,6.307906627655029,7.411813735961914,11.358817100524902,0.8951940329056475
audio_delta_mfcc_13_mean,25.0,0.022858411148190497,0.3305391741870692,-0.7023266553878784,-0.16070221364498138,0.01797148957848549,0.23468483984470367,0.6917147636413574,-0.037703754637730055
audio_delta_mfcc_13_std,25.0,1.4460449147224426,0.5734565474724013,0.6964167952537537,1.0518949031829834,1.3568341732025146,1.7345689535140991,2.8383569717407227,1.0348605972873872
audio_delta2_mfcc_13_mean,25.0,0.05822242991998792,0.07092290079652903,-0.08285670727491379,0.03215550631284714,0.05959269776940346,0.08316600322723389,0.27005574107170105,0.6328074472255936
audio_delta2_mfcc_13_std,25.0,0.8927669727802277,0.2644211867219921,0.4292273223400116,0.7334778904914856,0.8434203863143921,0.9385159611701965,1.5283116102218628,1.0478440132628288
audio_extraction_ok,25.0,1.0,0.0,1.0,1.0,1.0,1.0,1.0,0.0
