feature,target,rho,p_value,n
audio_delta_mfcc_9_std,valence_score,0.5764153603630239,0.0025622458157624995,25
audio_onset_rate_per_sec,valence_score,-0.5695018328024479,0.002963551164959482,25
audio_delta_mfcc_3_mean,arousal_score,-0.5568457656985134,0.0038373231338474987,25
audio_delta2_mfcc_6_mean,valence_score,-0.5466007727580399,0.004695942499807422,25
audio_trimmed_dur_sec,valence_score,0.52715647649392,0.006774382788531602,25
audio_duration_sec,valence_score,0.52715647649392,0.006774382788531602,25
audio_mfcc_4_mean,valence_score,-0.49474931605371986,0.011928060466774122,25
audio_delta2_mfcc_10_mean,valence_score,-0.47789759262481585,0.01568514851712943,25
audio_delta_mfcc_10_std,valence_score,-0.47616921073467194,0.01611996515121545,25
audio_mfcc_5_mean,valence_score,-0.4753050197895999,0.016341048706767242,25
audio_zcr_mean,arousal_score,0.4681645887845223,0.018264478140834654,25
audio_mfcc_3_mean,valence_score,-0.4597495827783039,0.02076440155699097,25
audio_delta_mfcc_7_mean,arousal_score,-0.4560103158064625,0.02196108547271973,25
audio_spec_centroid_mean,arousal_score,0.4416052515361696,0.027104715737951347,25
audio_mfcc_12_mean,arousal_score,-0.4407049350192762,0.02745587380710176,25
audio_delta2_mfcc_9_std,valence_score,0.4390090000965759,0.028127288632022948,25
audio_delta_mfcc_9_std,arousal_score,0.4366535106932563,0.029081640746774415,25
audio_mfcc_10_std,valence_score,-0.4320954725359999,0.03100210958625368,25
audio_delta2_mfcc_5_mean,arousal_score,0.4231487629398567,0.035066340766545086,25
audio_mfcc_5_std,valence_score,-0.41049069890919987,0.04152891706246393,25
audio_spec_flatness_mean,arousal_score,0.4087436986695636,0.04249019305644092,25
audio_delta2_mfcc_9_std,arousal_score,0.3965894256915039,0.049672955303143425,25
audio_mfcc_8_std,arousal_score,0.3911875265901441,0.05315520557176042,25
audio_mfcc_2_mean,arousal_score,-0.3857856274887842,0.056824757381813314,25
audio_delta2_mfcc_8_mean,arousal_score,-0.38488531097189094,0.05745500112836183,25
audio_delta_mfcc_11_mean,valence_score,-0.3828365886668959,0.05890935377318787,25
audio_delta2_mfcc_10_std,valence_score,-0.38110820677675195,0.0601583283321632,25
audio_pitch_detected,arousal_score,-0.36483434391108643,0.07294568336011106,25
audio_delta2_mfcc_6_std,valence_score,-0.36339229240277593,0.07417166580023328,25
audio_delta_mfcc_10_mean,arousal_score,0.35292407462217834,0.08354763575789668,25
audio_mfcc_13_std,valence_score,-0.3521578101168399,0.08426753661353874,25
audio_delta2_mfcc_4_mean,valence_score,0.3482689508640159,0.08799347994609814,25
audio_delta2_mfcc_1_std,arousal_score,0.34347075119479853,0.09275981786979914,25
audio_spec_rolloff85_mean,arousal_score,0.338969168610332,0.09740484035408616,25
audio_mfcc_1_mean,arousal_score,0.33716853557654536,0.09931061056081797,25
audio_delta_mfcc_2_mean,arousal_score,0.3349177442843121,0.10173167744343611,25
audio_delta_mfcc_9_mean,arousal_score,0.3286155286660589,0.10874367934979066,25
audio_delta_mfcc_13_std,valence_score,-0.3214790315667839,0.11710734237714845,25
audio_delta2_mfcc_1_mean,valence_score,0.3214790315667839,0.11710734237714845,25
audio_mfcc_4_std,valence_score,-0.31413340853367194,0.12619835210764782,25
audio_trimmed_dur_sec,arousal_score,0.31376030613731926,0.1266733988433089,25
audio_duration_sec,arousal_score,0.31376030613731926,0.1266733988433089,25
audio_onset_rate_per_sec,arousal_score,-0.3070079322606194,0.13549652936977824,25
audio_delta2_mfcc_4_std,valence_score,-0.304195212665344,0.1392994574538939,25
audio_mfcc_9_std,arousal_score,0.30385682445149287,0.13976208595275,25
audio_mfcc_5_mean,arousal_score,-0.3029565079345995,0.14099832525985506,25
audio_delta2_mfcc_8_mean,valence_score,-0.2964174941596959,0.15021316635517903,25
audio_delta_mfcc_4_std,valence_score,-0.29512120774208794,0.15208960334017027,25
audio_rms_frame_variation_proxy,valence_score,-0.29512120774208794,0.15208960334017027,25
audio_delta2_mfcc_9_mean,valence_score,-0.2886397756540479,0.16172174174228834,25
audio_delta_mfcc_8_mean,valence_score,0.28691139376390395,0.16436125853253192,25
audio_delta_mfcc_1_mean,valence_score,0.28302253451107995,0.17041050219377046,25
audio_mfcc_4_mean,arousal_score,-0.2799984367538201,0.17522089320177014,25
audio_delta2_mfcc_7_std,valence_score,-0.27913367525825594,0.17661366068261675,25
audio_delta_mfcc_5_mean,valence_score,-0.27567691147796797,0.18225788237501558,25
audio_delta2_mfcc_8_std,arousal_score,0.27504669591090686,0.1833001942519965,25
audio_mfcc_3_mean,arousal_score,-0.27459653765246017,0.18404722755283992,25
audio_mfcc_3_std,arousal_score,0.27459653765246017,0.18404722755283992,25
audio_delta2_mfcc_12_mean,arousal_score,0.2736962211355669,0.1855475968741046,25
audio_delta_mfcc_5_std,valence_score,-0.2704917658075359,0.1909561809349588,25
audio_mfcc_9_std,valence_score,0.2704917658075359,0.1909561809349588,25
audio_zcr_max,arousal_score,0.2651432142250804,0.2002228889232779,25
audio_delta_mfcc_11_std,valence_score,0.26357823824696,0.20299123237348343,25
audio_voiced_frames,valence_score,0.26292902038036164,0.20414725220202096,25
audio_delta_mfcc_6_mean,valence_score,0.2596893789941359,0.20998261891255077,25
audio_spec_centroid_std,valence_score,-0.25882518804906396,0.21155806751507503,25
audio_spec_rolloff85_std,valence_score,-0.257528901631456,0.2139361524024938,25
audio_delta2_mfcc_2_std,valence_score,-0.2545042333237039,0.21955477040291516,25
audio_delta_mfcc_3_std,arousal_score,0.25343909950546734,0.22155666481458958,25
audio_chroma_std,arousal_score,0.2520886247301274,0.22411234173399514,25
audio_spec_bandwidth_mean,arousal_score,0.2516384664716807,0.22496858490723048,25
audio_delta2_mfcc_5_std,valence_score,-0.24931908765327196,0.22941479397159287,25
audio_mfcc_11_mean,valence_score,-0.24888699218073596,0.23024951244776642,25
audio_delta_mfcc_5_mean,arousal_score,-0.24353561781964092,0.2407542822896151,25
audio_delta2_mfcc_9_mean,arousal_score,-0.24308545956119426,0.24165206608535594,25
audio_mfcc_2_std,valence_score,-0.23938089178494396,0.24912379870077353,25
audio_delta2_mfcc_3_std,valence_score,-0.23505993705958395,0.258027078943256,25
audio_delta_mfcc_10_std,arousal_score,-0.23498261090915445,0.2581882589324766,25
audio_delta2_mfcc_6_std,arousal_score,-0.2304810283246879,0.2676837329050819,25
audio_delta2_mfcc_4_mean,arousal_score,-0.2295807118077946,0.2696093415055606,25
audio_delta2_mfcc_10_mean,arousal_score,-0.22778007877400797,0.2734870913101086,25
audio_delta2_mfcc_6_mean,arousal_score,-0.2255292874817747,0.27838404343732415,25
audio_delta2_mfcc_8_std,valence_score,-0.22512174119125594,0.27927663848542633,25
audio_rms_max,arousal_score,0.22237817967264809,0.28533269615315726,25
audio_voiced_ratio,arousal_score,-0.22148389935433732,0.287324464402484,25
audio_mfcc_6_std,valence_score,-0.22123288193843194,0.2878851073617777,25
audio_mfcc_7_std,valence_score,-0.21518354532292797,0.30160417103007253,25
audio_spec_contrast_mean,arousal_score,0.21517564753750157,0.3016223430464328,25
audio_rms_mean,valence_score,-0.21388725890531998,0.30459589914132124,25
audio_mfcc_9_mean,valence_score,-0.21215887701517597,0.3086133504129675,25
audio_delta2_mfcc_13_std,valence_score,-0.20827001776235196,0.3177714910083774,25
audio_delta2_mfcc_7_std,arousal_score,-0.20707279888546176,0.320623996744046,25
audio_mfcc_10_std,arousal_score,-0.2039216910763352,0.3282061857416506,25
audio_rms_max,valence_score,-0.20351696756445595,0.3291878276230571,25
audio_rms_std,valence_score,-0.19617134453134397,0.3473117821009397,25
audio_f0_range_hz,arousal_score,0.22719332340084228,0.3495852332000883,19
audio_zcr_mean,valence_score,0.19444296264119998,0.35166064492416294,25
audio_mfcc_11_mean,arousal_score,-0.19311789287361544,0.3550163999318693,25
audio_delta_mfcc_12_mean,arousal_score,-0.19266773461516876,0.3561607074593358,25
audio_delta_mfcc_8_std,arousal_score,0.19221757635672213,0.35730718156900576,25
audio_delta2_mfcc_13_mean,valence_score,-0.19185038980598398,0.3582439447262954,25
audio_delta2_mfcc_3_mean,arousal_score,0.19086710158138215,0.3607595896462007,25
audio_delta2_mfcc_7_mean,valence_score,-0.18882572149823196,0.3660151624020892,25
audio_delta_mfcc_3_mean,valence_score,-0.18796153055315998,0.36825339390826595,25
audio_delta2_mfcc_12_std,arousal_score,-0.18636551899691559,0.37240785542803634,25
audio_delta2_mfcc_7_mean,arousal_score,-0.18501504422157564,0.3759442469253186,25
audio_zcr_std,arousal_score,0.18456488596312898,0.3771273275741067,25
audio_delta_mfcc_7_std,valence_score,-0.18364057582779997,0.3795632504158083,25
audio_delta2_mfcc_1_mean,arousal_score,-0.183214411187789,0.380689396014137,25
audio_delta2_mfcc_11_mean,valence_score,-0.18148009846511998,0.38529204982106846,25
audio_delta_mfcc_11_std,arousal_score,-0.18051346163710907,0.38787109212821524,25
audio_spec_flatness_std,arousal_score,0.17961314512021578,0.3902819914737682,25
audio_rms_std,arousal_score,0.1791629868617691,0.3914906202140169,25
audio_f0_mean_hz,arousal_score,0.20348619400249357,0.4034056150338643,19
audio_spec_flatness_std,valence_score,-0.17327028448693596,0.40750638082654433,25
audio_spec_bandwidth_std,valence_score,-0.17154190259679195,0.41227206522334714,25
audio_f0_std_hz,arousal_score,0.19755941165290636,0.4175283780722706,19
audio_rms_db_mean,valence_score,-0.16506047050875197,0.43041543546396366,25
audio_delta2_mfcc_13_mean,arousal_score,-0.16475792259147612,0.43127276869589337,25
audio_mfcc_10_mean,arousal_score,0.16430776433302946,0.4325500949847947,25
audio_delta_mfcc_2_std,valence_score,-0.16419627956368,0.43286674894974053,25
audio_zcr_std,valence_score,-0.16333208861860798,0.43532558083475814,25
audio_delta2_mfcc_12_mean,valence_score,0.16030742031085596,0.4439904247814095,25
audio_mfcc_6_std,arousal_score,-0.1575553904563296,0.4519533488262827,25
audio_period_variation_proxy,valence_score,-0.1826739342892327,0.45413859290567593,19
audio_rms_mean,arousal_score,0.15440428264720302,0.4611626875473669,25
audio_f0_median_hz,arousal_score,0.17985796698433326,0.46124396632319753,19
audio_mfcc_13_mean,arousal_score,0.1503528583211831,0.4731454973916934,25
audio_f0_min_hz,valence_score,0.1701090605021426,0.48627217271973155,19
audio_f0_slope_hz_per_s,valence_score,-0.16720947424358337,0.49384256420563055,19
audio_mfcc_12_mean,valence_score,-0.14302360140941597,0.4952225008065567,25
audio_delta2_mfcc_2_std,arousal_score,0.14270016792758994,0.49620841170644114,25
audio_mfcc_7_mean,valence_score,-0.14259150593688,0.4965398613099037,25
audio_f0_mean_hz,valence_score,0.1652764167378772,0.49892111449868437,19
audio_rms_db_mean,arousal_score,0.14179985141069665,0.4989579499602216,25
audio_delta_mfcc_4_mean,valence_score,-0.13913474215659197,0.5071411510587516,25
audio_mfcc_6_mean,valence_score,-0.13524588290376796,0.5191987017432372,25
audio_f0_min_hz,arousal_score,0.15607193520579601,0.5234440338122692,19
audio_f0_max_hz,valence_score,0.1556111292093464,0.5246863057235278,19
audio_mfcc_7_mean,arousal_score,-0.13324684450021018,0.5254500408927525,25
audio_delta_mfcc_4_std,arousal_score,-0.13279668624176352,0.5268627011913821,25
audio_delta2_mfcc_4_std,arousal_score,-0.13279668624176352,0.5268627011913821,25
audio_delta2_mfcc_12_std,valence_score,-0.132221214596016,0.5286712427621854,25
audio_rms_db_range,arousal_score,0.12919542017419028,0.5382286718691253,25
audio_mfcc_4_std,arousal_score,-0.12559415410661703,0.5497081411014216,25
audio_voiced_ratio,valence_score,-0.12533852353454353,0.550527251751762,25
audio_rms_min,valence_score,-0.12487559156290397,0.5520120381876548,25
audio_delta_mfcc_7_mean,valence_score,-0.12487559156290397,0.5520120381876548,25
audio_delta_mfcc_6_std,arousal_score,-0.12469383758972372,0.5525954885618036,25
audio_delta2_mfcc_2_mean,valence_score,-0.12314720967275998,0.5575717215141966,25
audio_delta2_mfcc_13_std,arousal_score,0.12289320455593711,0.5583909168518508,25
audio_mfcc_7_std,arousal_score,-0.12289320455593711,0.5583909168518508,25
audio_voiced_frames,arousal_score,-0.12275261209045389,0.5588445780591693,25
audio_mfcc_2_mean,valence_score,0.12185092325515198,0.5617580945601508,25
audio_delta_mfcc_8_mean,arousal_score,0.11974209674681051,0.5685986963629575,25
audio_active_ratio,arousal_score,-0.11955029916793974,0.569222686244296,25
audio_f0_slope_hz_per_s,arousal_score,-0.13829158815703443,0.572345809537999,19
audio_delta_mfcc_6_mean,arousal_score,0.11794146371302389,0.5744688056323212,25
audio_delta2_mfcc_3_std,arousal_score,0.11614083067923726,0.5803655234599553,25
audio_f0_median_hz,valence_score,0.1315056009373792,0.5915133085197442,19
audio_delta2_mfcc_10_std,arousal_score,-0.10803798202719744,0.6072218941945681,25
audio_mfcc_1_std,arousal_score,0.10533703247651752,0.6162875141835761,25
audio_spec_bandwidth_mean,valence_score,-0.10499919982624799,0.6174253230866833,25
audio_delta_mfcc_9_mean,valence_score,0.10413500888117598,0.6203397853298418,25
audio_spec_rolloff85_mean,valence_score,-0.10370291340863999,0.6217991088330939,25
audio_mfcc_11_std,valence_score,0.10327081793610397,0.6232598211495597,25
audio_delta_mfcc_13_mean,arousal_score,0.10173576640894426,0.6284602729814328,25
audio_delta_mfcc_12_std,arousal_score,-0.10128560815049761,0.629988603040383,25
audio_f0_std_hz,valence_score,0.11694997909522305,0.6334995345189979,19
audio_delta_mfcc_12_mean,valence_score,0.09506100395791997,0.6512710308758136,25
audio_delta_mfcc_1_mean,arousal_score,0.09453323427379777,0.65308807194501,25
audio_delta_mfcc_13_std,arousal_score,-0.0891313351724379,0.6717950168841358,25
audio_delta2_mfcc_1_std,valence_score,-0.08641909450719998,0.6812604714659463,25
audio_mfcc_1_std,valence_score,-0.08469071261705599,0.687316983689237,25
audio_mfcc_3_std,valence_score,-0.08382652167198398,0.6903523032975746,25
audio_mfcc_1_mean,valence_score,0.083394426199448,0.6918717108816259,25
audio_spec_contrast_std,valence_score,-0.08253023525437599,0.6949139956254116,25
audio_delta2_mfcc_5_std,arousal_score,0.08147864477884474,0.6986221874677516,25
audio_delta_mfcc_7_std,arousal_score,-0.08102848652039808,0.7002116263304805,25
audio_delta_mfcc_10_mean,valence_score,0.077345089583944,0.7132626484796846,25
audio_delta_mfcc_6_std,valence_score,-0.077345089583944,0.7132626484796846,25
audio_mfcc_10_mean,valence_score,0.07302413485858399,0.7286728437228431,25
audio_delta_mfcc_12_std,valence_score,-0.07302413485858399,0.7286728437228431,25
audio_pitch_detected,valence_score,0.07295733651797444,0.7289118949807768,25
audio_mfcc_11_std,arousal_score,-0.06797389702544507,0.7468140938940666,25
audio_spec_flatness_mean,valence_score,0.06740689371561599,0.7488592574413244,25
audio_delta_mfcc_1_std,valence_score,-0.064382225407864,0.7597967046198958,25
audio_f0_std_semitones,arousal_score,0.07309698231157534,0.7661693591304083,19
audio_f0_range_hz,valence_score,0.06765701269971583,0.7831595260769276,19
audio_delta_mfcc_13_mean,valence_score,0.05790079331982399,0.783383128673271,25
audio_rms_frame_variation_proxy,arousal_score,0.055819624047385344,0.790997318235556,25
audio_f0_std_semitones,valence_score,0.0628243689354504,0.7983323659886608,19
audio_mfcc_12_std,valence_score,-0.05314774312192799,0.8007999517893285,25
audio_f0_max_hz,arousal_score,0.061243417612400965,0.8033113505054259,19
audio_delta_mfcc_11_mean,arousal_score,-0.0522183579798121,0.8042166461830688,25
audio_delta2_mfcc_2_mean,arousal_score,-0.04951740842913216,0.8141657504290432,25
audio_delta2_mfcc_3_mean,valence_score,0.048826788396568,0.8167142507543126,25
audio_spec_centroid_std,arousal_score,0.04816693365379219,0.819150913004187,25
audio_rms_db_range,valence_score,-0.04709840650642399,0.8231001391068845,25
audio_delta2_mfcc_11_mean,arousal_score,-0.04591614236155892,0.8274746051857167,25
audio_mfcc_8_mean,valence_score,-0.045802120088815984,0.8278967624963116,25
audio_mfcc_9_mean,arousal_score,0.04546598410311226,0.8291415456370952,25
audio_delta2_mfcc_11_std,valence_score,0.044073738198672,0.8343015606024299,25
audio_mfcc_12_std,arousal_score,-0.04366535106932563,0.8358164200336433,25
audio_delta_mfcc_5_std,arousal_score,-0.04366535106932563,0.8358164200336433,25
audio_mfcc_13_mean,valence_score,0.04364164272613599,0.8359043805859709,25
audio_delta_mfcc_1_std,arousal_score,-0.04231487629398566,0.8408298522440188,25
audio_active_ratio,valence_score,-0.03580302775068758,0.8650854116832813,25
audio_spec_contrast_std,arousal_score,0.03556250241728583,0.8659837414570783,25
audio_delta2_mfcc_11_std,arousal_score,-0.03511234415883917,0.8676654553808564,25
audio_mfcc_5_std,arousal_score,-0.034662185900392516,0.8693477282949462,25
audio_delta_mfcc_3_std,valence_score,0.03413554233034399,0.871316532304101,25
audio_chroma_mean,valence_score,-0.029814587604983997,0.887497071060513,25
audio_spec_rolloff85_std,arousal_score,-0.02610917898990605,0.9014077732971155,25
audio_delta_mfcc_2_mean,valence_score,-0.025925728352159998,0.9020972447305202,25
audio_delta_mfcc_2_std,arousal_score,-0.02475870421456608,0.906484921625976,25
audio_spec_centroid_mean,valence_score,0.023333155516943996,0.9118481800816104,25
audio_chroma_std,valence_score,0.016851723428903998,0.9362767863556416,25
audio_chroma_mean,arousal_score,0.01575553904563296,0.940414455450578,25
audio_delta_mfcc_4_mean,arousal_score,-0.015305380787186304,0.9421140683227524,25
audio_zcr_max,valence_score,0.012098673231007996,0.9542279719595301,25
audio_spec_contrast_mean,valence_score,0.009938195868327997,0.9623952843244743,25
audio_mfcc_8_mean,arousal_score,0.009453323427379777,0.964228795571614,25
audio_mfcc_2_std,arousal_score,-0.005401899101359873,0.9795550060969979,25
audio_rms_min,arousal_score,-0.004051424326019904,0.984665569439243,25
audio_spec_bandwidth_std,arousal_score,-0.003151107809126592,0.9880729499900893,25
audio_mfcc_8_std,valence_score,-0.003024668307751999,0.9885514965060425,25
audio_delta2_mfcc_5_mean,valence_score,-0.00216047736268,0.9918223692546603,25
audio_delta_mfcc_8_std,valence_score,-0.00216047736268,0.9918223692546603,25
audio_mfcc_6_mean,arousal_score,0.0018006330337866242,0.9931843833347601,25
audio_mfcc_13_std,arousal_score,-0.0013504747753399682,0.9948882621228239,25
audio_period_variation_proxy,arousal_score,0.0,1.0,19
