participant_code,year_level,valence_score,arousal_score,valence_group,arousal_group,affect_category,audio_trimmed_dur_sec,audio_voiced_ratio,audio_f0_mean_hz,audio_f0_std_hz,audio_f0_min_hz,audio_f0_max_hz,audio_f0_median_hz,audio_f0_range_hz,audio_period_variation_proxy,audio_f0_slope_hz_per_s,audio_f0_std_semitones,audio_rms_mean,audio_rms_std,audio_rms_max,audio_rms_min,audio_rms_frame_variation_proxy,audio_rms_db_mean,audio_rms_db_range,audio_active_ratio,audio_onset_rate_per_sec,audio_zcr_mean,audio_zcr_std,audio_zcr_max,audio_spec_centroid_mean,audio_spec_centroid_std,audio_spec_bandwidth_mean,audio_spec_bandwidth_std,audio_spec_rolloff85_mean,audio_spec_rolloff85_std,audio_spec_flatness_mean,audio_spec_flatness_std,audio_spec_contrast_mean,audio_spec_contrast_std,audio_chroma_mean,audio_chroma_std,audio_mfcc_1_mean,audio_mfcc_1_std,audio_delta_mfcc_1_mean,audio_delta_mfcc_1_std,audio_delta2_mfcc_1_mean,audio_delta2_mfcc_1_std,audio_mfcc_2_mean,audio_mfcc_2_std,audio_delta_mfcc_2_mean,audio_delta_mfcc_2_std,audio_delta2_mfcc_2_mean,audio_delta2_mfcc_2_std,audio_mfcc_3_mean,audio_mfcc_3_std,audio_delta_mfcc_3_mean,audio_delta_mfcc_3_std,audio_delta2_mfcc_3_mean,audio_delta2_mfcc_3_std,audio_mfcc_4_mean,audio_mfcc_4_std,audio_delta_mfcc_4_mean,audio_delta_mfcc_4_std,audio_delta2_mfcc_4_mean,audio_delta2_mfcc_4_std,audio_mfcc_5_mean,audio_mfcc_5_std,audio_delta_mfcc_5_mean,audio_delta_mfcc_5_std,audio_delta2_mfcc_5_mean,audio_delta2_mfcc_5_std,audio_mfcc_6_mean,audio_mfcc_6_std,audio_delta_mfcc_6_mean,audio_delta_mfcc_6_std,audio_delta2_mfcc_6_mean,audio_delta2_mfcc_6_std,audio_mfcc_7_mean,audio_mfcc_7_std,audio_delta_mfcc_7_mean,audio_delta_mfcc_7_std,audio_delta2_mfcc_7_mean,audio_delta2_mfcc_7_std,audio_mfcc_8_mean,audio_mfcc_8_std,audio_delta_mfcc_8_mean,audio_delta_mfcc_8_std,audio_delta2_mfcc_8_mean,audio_delta2_mfcc_8_std,audio_mfcc_9_mean,audio_mfcc_9_std,audio_delta_mfcc_9_mean,audio_delta_mfcc_9_std,audio_delta2_mfcc_9_mean,audio_delta2_mfcc_9_std,audio_mfcc_10_mean,audio_mfcc_10_std,audio_delta_mfcc_10_mean,audio_delta_mfcc_10_std,audio_delta2_mfcc_10_mean,audio_delta2_mfcc_10_std,audio_mfcc_11_mean,audio_mfcc_11_std,audio_delta_mfcc_11_mean,audio_delta_mfcc_11_std,audio_delta2_mfcc_11_mean,audio_delta2_mfcc_11_std,audio_mfcc_12_mean,audio_mfcc_12_std,audio_delta_mfcc_12_mean,audio_delta_mfcc_12_std,audio_delta2_mfcc_12_mean,audio_delta2_mfcc_12_std,audio_mfcc_13_mean,audio_mfcc_13_std,audio_delta_mfcc_13_mean,audio_delta_mfcc_13_std,audio_delta2_mfcc_13_mean,audio_delta2_mfcc_13_std
Y2C-001,2nd Year,5,4,Positive,High,Positive-High,1.7348125,0.2909090909090909,248.2830207838149,10.029332686353772,234.3251202788159,263.0210544784999,250.42020561686047,28.69593419968399,0.011304284897878181,64.073784499881,0.7016721100343092,0.07857274264097214,0.022833814844489098,0.14115160703659058,0.03880423307418823,0.09679199755191803,-22.412273406982422,11.216133117675781,1.0,5.764311705155456,0.08529829545454545,0.02177176407402782,0.15283203125,1273.0223759826602,150.6651678219266,1392.8718589597715,147.86515000919985,2322.443181818182,337.92341963637216,0.0070874630473554134,0.0035256536211818457,22.58603818456861,12.231223456533677,0.33979377150535583,0.30402812361717224,-143.51739501953125,21.80402374267578,0.402676522731781,5.20329475402832,-0.14935237169265747,2.848041296005249,122.37380981445312,13.142982482910156,-0.0608501099050045,2.600261926651001,0.06780427694320679,1.2454160451889038,-25.927026748657227,11.181768417358398,0.41925692558288574,2.304274082183838,0.02196759730577469,1.4263516664505005,9.2847318649292,8.23404312133789,-0.21089425683021545,1.9639500379562378,0.049095164984464645,1.41074538230896,-11.057047843933105,5.796502590179443,-0.09380390495061874,1.166982650756836,0.02700033038854599,0.9016565680503845,-20.522369384765625,8.728706359863281,-0.06792338937520981,1.814157247543335,0.0164805818349123,1.098020315170288,-28.897109985351562,8.586355209350586,0.07674313336610794,1.848313570022583,0.03971768170595169,1.1141448020935059,-12.851503372192383,7.9717583656311035,0.1460205465555191,1.6194686889648438,0.007809945847839117,1.044451355934143,-16.476028442382812,5.704564094543457,-0.003190884832292795,1.275282621383667,0.019698895514011383,0.9156262278556824,-9.508381843566895,6.039554119110107,0.06924880295991898,1.2770529985427856,0.06162416189908981,0.7367145419120789,-6.049066543579102,6.6115498542785645,0.029262468218803406,1.0762852430343628,0.017687756568193436,0.7488206624984741,-9.086939811706543,5.6138176918029785,-0.25692763924598694,0.9826378226280212,0.04032314196228981,0.7791497111320496,-12.537910461425781,3.8116917610168457,-0.05720525234937668,0.6964167952537537,0.03525348752737045,0.4292273223400116
Y2C-002,2nd Year,3,4,Neutral,High,Neutral-High,1.227,0.0,147.1425160929423,15.211077566256943,131.51052723924994,187.0613654014066,149.778309046088,46.98310343843853,0.021749726768352476,29.97538651516788,1.787818474015258,0.11863161623477936,0.06001513451337814,0.24502241611480713,0.04009149968624115,0.1294735223054886,-19.6407527923584,15.723072052001953,1.0,8.964955175224123,0.09169671474358974,0.019997129077501515,0.1220703125,1426.8393080100066,238.1879204432883,1566.5265301267027,157.63162986443072,2824.9198717948716,505.6450847308648,0.014364569447934628,0.010462220758199692,22.49597740204886,12.599915493250181,0.35601988434791565,0.29962003231048584,-105.06962585449219,25.230018615722656,-0.3372042179107666,4.848663330078125,-0.2983955442905426,2.4297893047332764,106.93866729736328,14.177674293518066,-0.31722089648246765,2.942161798477173,0.02426554076373577,1.2919222116470337,-14.29470443725586,11.201118469238281,0.052075259387493134,2.021764039993286,0.01216357946395874,1.6797585487365723,15.108905792236328,14.717880249023438,0.6287459135055542,3.0647313594818115,-0.032378628849983215,1.6111276149749756,-14.95348072052002,11.904982566833496,0.15221655368804932,2.9018797874450684,0.003733531106263399,1.7947237491607666,-17.817955017089844,5.834193706512451,0.04916290193796158,1.2530730962753296,0.04008137807250023,0.6851392388343811,-19.010005950927734,5.077857971191406,0.041253067553043365,1.3314523696899414,0.08966108411550522,0.9000917673110962,-10.732793807983398,6.203019142150879,0.1438152939081192,1.146931767463684,0.03248664364218712,0.6058576703071594,-13.716806411743164,6.533785343170166,-0.1810394823551178,1.1362861394882202,0.04961632937192917,1.0865968465805054,-16.485193252563477,7.476568698883057,-0.08270090073347092,1.3045579195022583,0.054896384477615356,0.49833735823631287,-5.138843059539795,5.744802474975586,0.13504493236541748,0.9192081689834595,0.04842543974518776,0.678095281124115,-7.426871299743652,5.386503219604492,0.0990661084651947,0.8938822150230408,0.019553497433662415,0.6358159780502319,-12.622349739074707,6.850969314575195,-0.09881916642189026,1.3812564611434937,0.00623532896861434,0.7920428514480591
Y2C-003,2nd Year,4,4,Positive,High,Positive-High,1.097,0.9428571428571428,160.60208120702728,20.099856430737987,137.7302022667084,194.7799199939686,153.70651218352927,57.0497177272602,0.01874371318174024,-61.36003131402796,2.129059079026102,0.15843090415000916,0.07748374342918396,0.29538044333457947,0.02365110069513321,0.28443804383277893,-17.41213035583496,21.930606842041016,0.9714285714285714,10.027347310847766,0.06611328125,0.024171563515226882,0.111328125,1274.34730294725,221.04724240795494,1464.2820869633106,170.03776254982597,2362.0535714285716,606.6817281147639,0.006697567645460367,0.00786431971937418,23.977699748086486,12.34879980272891,0.29903432726860046,0.317821204662323,-126.03092956542969,38.50127410888672,0.945158064365387,8.53093433380127,-0.5290046334266663,5.582764625549316,114.32215118408203,17.65241050720215,0.31124043464660645,3.957585096359253,-0.12205009162425995,2.035733222961426,-15.260904312133789,17.142803192138672,0.16543394327163696,4.587392807006836,0.07198701053857803,2.300832748413086,14.639012336730957,19.74294662475586,0.34676608443260193,3.470738410949707,0.07537281513214111,1.4398937225341797,-8.670275688171387,12.35826587677002,0.6931616067886353,1.7393736839294434,0.04113558307290077,1.4252334833145142,-19.22237777709961,11.120732307434082,0.13349540531635284,1.9019033908843994,-0.010288585908710957,1.0003116130828857,-8.033677101135254,5.860433578491211,0.1902783364057541,1.4999362230300903,-0.03774557635188103,0.8536996245384216,-12.5811128616333,12.113162994384766,0.5366361141204834,2.038156509399414,-0.006064893677830696,1.3269078731536865,-12.186484336853027,7.9346184730529785,0.3537652790546417,1.7339270114898682,0.049191150814294815,0.8122801780700684,-6.957198619842529,11.69779109954834,-0.34754785895347595,1.8585470914840698,0.01738821342587471,1.0423858165740967,-4.809586048126221,5.0373992919921875,0.027537668123841286,1.0671961307525635,0.019445013254880905,0.6703766584396362,-3.0410702228546143,5.2999162673950195,0.13061341643333435,0.960946798324585,-0.006636625621467829,0.4671248495578766,-6.2470526695251465,5.418463706970215,0.17454953491687775,1.0518949031829834,0.03295169770717621,0.7334778904914856
Y2C-004,2nd Year,4,4,Positive,High,Positive-High,0.813,0.9615384615384616,135.11555757471345,9.391209645517895,114.4865635674993,145.9200662802185,136.93693467412865,31.43350271271919,0.018736196704404226,-29.198816742595334,1.2542025354782218,0.04920761287212372,0.014408297836780548,0.07049395143985748,0.019171036779880524,0.1405184417963028,-26.62679100036621,11.31011962890625,1.0,8.61008610086101,0.091796875,0.017211214791186046,0.11767578125,1626.2452100362896,260.8945693350543,1836.65985512595,225.71003896735954,3772.5360576923076,680.9101752939467,0.022955862805247307,0.020014408975839615,21.91337528627137,11.923033542091911,0.3878447115421295,0.2923290431499481,-170.17013549804688,28.252111434936523,0.37139761447906494,7.6678314208984375,-0.548784613609314,3.683274030685425,95.31078338623047,10.263814926147461,-1.0572477579116821,2.452272415161133,-0.05747643858194351,0.9497617483139038,4.486710071563721,13.459562301635742,0.15637892484664917,2.8317224979400635,0.02122187614440918,1.8707510232925415,20.294963836669922,9.985220909118652,-0.2261027693748474,2.0340588092803955,0.008273651823401451,1.2784556150436401,-7.095821857452393,9.345090866088867,-0.05839815363287926,2.0545401573181152,-0.03528846055269241,1.6244308948516846,-10.365673065185547,5.993943691253662,-0.1733420491218567,1.3077826499938965,-0.0812009647488594,0.938297688961029,-17.907203674316406,5.889155864715576,-0.5893558263778687,0.6223307847976685,-0.013582943007349968,0.6262919902801514,-7.453958988189697,8.683113098144531,0.19416669011116028,2.0955288410186768,-0.0001910810242407024,1.2255561351776123,-9.362481117248535,6.390102386474609,-0.03310060873627663,1.5041955709457397,0.046559326350688934,1.130162000656128,-5.9401164054870605,8.364322662353516,0.26151230931282043,2.009572982788086,-0.008887415751814842,1.2846490144729614,-11.547441482543945,5.5872297286987305,-0.6190333962440491,1.2658047676086426,0.04367588460445404,0.8957911133766174,-0.6239041090011597,4.373796463012695,-0.3207659423351288,1.028658151626587,0.05207065865397453,0.6517336368560791,-11.802201271057129,5.062158107757568,-0.1492348164319992,1.0062824487686157,0.05959269776940346,0.8677290081977844
Y2C-005,2nd Year,3,2,Neutral,Low,Neutral-Low,0.6,1.0,267.8045897970556,15.211077566256943,245.40732129724032,290.159257083858,267.61858152730787,44.75193578661768,0.017610208497572995,22.187847240179604,0.9804741913427377,0.07024957984685898,0.015601723454892635,0.08911510556936264,0.04010956361889839,0.0915558710694313,-23.315404891967773,6.93406867980957,1.0,10.0,0.06679173519736842,0.021060588236576337,0.12890625,1383.486830493764,251.634427282542,1533.4271062527362,145.70033302293834,2865.9539473684213,776.2018778631201,0.006713725160807371,0.004522822331637144,23.31994992411533,10.352372854704807,0.2014254927635193,0.2894362211227417,-169.2227783203125,18.78411865234375,-1.727616786956787,2.7206766605377197,-0.29179278016090393,1.9433350563049316,109.64458465576172,15.791487693786621,1.3652445077896118,2.2825989723205566,0.10361704975366592,1.4342378377914429,-10.603226661682129,11.006643295288086,1.1812353134155273,2.5237653255462646,-0.06526400148868561,1.8924705982208252,21.107398986816406,9.841097831726074,0.1169511005282402,2.407787561416626,0.05151226371526718,1.3864967823028564,-9.720911979675293,6.621443748474121,0.1990552395582199,1.4077671766281128,-0.05224008113145828,0.9251700639724731,-2.777517557144165,8.518436431884766,-0.6393341422080994,1.5010120868682861,0.04400064796209335,1.2928898334503174,-30.31390380859375,7.010673999786377,0.5105408430099487,0.8892493844032288,0.19818328320980072,0.8781720995903015,-5.200639247894287,6.991827487945557,-0.7370837926864624,1.5255424976348877,0.17916320264339447,0.952914834022522,-13.020223617553711,8.306010246276855,0.1669790893793106,1.9728610515594482,0.1888764649629593,0.8517128825187683,-18.17725372314453,8.131796836853027,-0.41149747371673584,1.5625715255737305,0.019861485809087753,0.87006676197052,-10.770040512084961,6.56349515914917,-0.10533890873193741,1.506426453590393,0.030097877606749535,0.5995423793792725,-7.39131498336792,4.013984203338623,-0.2127874344587326,0.6683827042579651,0.07614841312170029,0.5989151000976562,-9.627435684204102,4.418176174163818,0.1088016927242279,1.0775425434112549,-0.08285670727491379,0.7286830544471741
Y2C-006,2nd Year,4,4,Positive,High,Positive-High,1.0586875,0.0,147.1425160929423,15.211077566256943,131.51052723924994,187.0613654014066,149.778309046088,46.98310343843853,0.021749726768352476,29.97538651516788,1.787818474015258,0.060779061168432236,0.01840943656861782,0.09136086702346802,0.016067955642938614,0.12371077388525009,-24.857587814331055,15.095991134643555,1.0,2.8336973847334552,0.0886374080882353,0.023788585702387566,0.13525390625,1394.068237377879,130.20742570386597,1514.3856297857847,103.15896795265236,2809.9724264705883,315.0614268827106,0.013107103295624256,0.0057960087433457375,22.83034983821801,11.994555179270419,0.43610912561416626,0.28463229537010193,-147.92910766601562,45.14942932128906,2.7855825424194336,11.84257984161377,-0.43375614285469055,5.382883071899414,112.61278533935547,8.865962028503418,0.22618162631988525,1.901235818862915,0.009253768250346184,1.0481685400009155,-18.883604049682617,14.00324821472168,-0.6964668035507202,3.77712345123291,0.027541548013687134,2.104142427444458,19.923053741455078,8.966351509094238,0.12092220038175583,1.541247844696045,0.0990029126405716,0.8881475329399109,-14.906949996948242,7.809296131134033,-0.1254696249961853,1.8486170768737793,0.058758147060871124,1.1672561168670654,-9.39046573638916,7.216897010803223,0.02072586677968502,1.2761095762252808,0.04196479916572571,0.6330618858337402,-18.499637603759766,6.9441728591918945,-0.3858824074268341,1.4226213693618774,0.0047127255238592625,0.8787059783935547,-7.445169925689697,7.590944290161133,0.20958207547664642,1.3120044469833374,-0.010114890523254871,0.8873752951622009,-10.80139446258545,7.407995223999023,0.46674880385398865,1.877018928527832,-0.025649650022387505,1.005921721458435,-11.600353240966797,5.663332939147949,-0.2817533612251282,0.6522359848022461,-0.010568424127995968,0.7368769645690918,-11.699468612670898,4.929487705230713,-0.22193698585033417,1.105387568473816,0.05226658284664154,0.6895827054977417,-8.084299087524414,6.189149379730225,0.030008891597390175,1.230069637298584,0.06546839326620102,0.5686210989952087,-12.463519096374512,5.072564601898193,0.12739193439483643,0.9343628883361816,0.016628041863441467,0.5701183080673218
Y2C-007,2nd Year,4,4,Positive,High,Positive-High,1.146,0.5277777777777778,217.3406632344721,11.306183205768573,200.48740730303228,234.3251202788159,218.63306796596578,33.8377129757836,0.013911255497991782,42.72021561317587,0.9077688699937002,0.0913953110575676,0.05605503171682358,0.20811425149440765,0.02760806307196617,0.13340842723846436,-22.440488815307617,17.54531478881836,1.0,7.853403141361257,0.07496473524305555,0.016689287614228696,0.12158203125,1266.2927357833137,266.9943411158866,1498.0831686348617,296.8654429497532,2512.152777777778,896.5246931831134,0.009089697152376175,0.008199991658329964,22.628416917736104,11.945047636798593,0.3544168174266815,0.3124690353870392,-152.17967224121094,33.625,1.6471898555755615,7.553564071655273,0.043914299458265305,2.8185107707977295,122.8355712890625,15.060762405395508,-0.24556000530719757,3.5367136001586914,0.06769619882106781,2.0529346466064453,-10.965352058410645,16.24695587158203,0.015305813401937485,3.689953565597534,-0.06737920641899109,2.0017476081848145,7.851850509643555,6.8605170249938965,-0.11048875004053116,1.187252402305603,-0.08212855458259583,0.6962605118751526,-12.688404083251953,7.271414279937744,0.1510380655527115,1.5233333110809326,0.017017308622598648,0.8900780081748962,-21.556987762451172,6.317032814025879,-0.24115361273288727,1.4839930534362793,-0.05198698490858078,0.9015315175056458,-19.581125259399414,5.625618934631348,-0.02177095040678978,1.2940438985824585,0.012575729750096798,0.8732317686080933,-16.641324996948242,8.062017440795898,-0.45476213097572327,1.7274776697158813,-0.023699233308434486,0.9370498657226562,-11.702579498291016,7.217601299285889,0.4155144691467285,1.9877427816390991,0.10564802587032318,0.8253662586212158,-9.964677810668945,5.253490447998047,0.16689318418502808,1.2113536596298218,0.0141567038372159,0.6643003821372986,-11.035249710083008,4.080970287322998,-0.08872757852077484,0.7408702373504639,-0.040971215814352036,0.537152886390686,-4.538848400115967,6.824847221374512,-0.1386663317680359,1.5067325830459595,0.052256565541028976,0.8391957879066467,-14.01025676727295,5.476449012756348,-0.2955234944820404,0.8764362931251526,0.07599097490310669,0.7177576422691345
Y4D-008,4th Year,3,4,Neutral,High,Neutral-High,0.521625,0.0,147.1425160929423,15.211077566256943,131.51052723924994,187.0613654014066,149.778309046088,46.98310343843853,0.021749726768352476,29.97538651516788,1.787818474015258,0.12570756673812866,0.031491879373788834,0.17365965247154236,0.07180431485176086,0.17206239700317383,-18.320148468017578,7.670968055725098,1.0,9.58543014617781,0.0637350643382353,0.04203128445056738,0.14404296875,1277.4257056620763,603.5547201020094,1733.0444351791937,460.28306448857995,2882.3529411764707,1726.9200675046234,0.007093549706041813,0.008014444261789322,21.283215652219,11.891435324032061,0.4405198097229004,0.30179062485694885,-153.16734313964844,38.03996658325195,-0.3246749937534332,10.434466361999512,-1.1052937507629395,4.818924903869629,107.36100006103516,33.75474548339844,3.436281204223633,5.768686771392822,0.5627037286758423,3.753999710083008,41.744110107421875,20.123022079467773,1.3792229890823364,4.778703689575195,-0.06706482917070389,3.500973701477051,37.872772216796875,10.497936248779297,-0.9326096773147583,1.6419204473495483,0.0003323064011055976,1.8530712127685547,7.521015167236328,7.039123058319092,0.136031836271286,0.9100021719932556,0.029426483437418938,1.2194935083389282,1.067503571510315,7.714728832244873,0.4936118423938751,1.2371888160705566,0.10383181273937225,1.226391315460205,-13.035627365112305,9.392521858215332,0.8314570188522339,1.4448128938674927,0.12703610956668854,1.0616341829299927,-3.4393062591552734,13.567427635192871,-0.35063275694847107,3.2157628536224365,-0.05950523167848587,2.1739511489868164,0.9845842719078064,7.430075168609619,0.4184609651565552,1.5019664764404297,0.11665363609790802,1.3947986364364624,-6.050265789031982,8.311644554138184,0.6935473680496216,1.4917378425598145,0.023275544866919518,0.8026538491249084,-13.923895835876465,3.8999295234680176,0.2888578474521637,0.3899785578250885,0.06861329078674316,0.43921250104904175,-0.2709555923938751,5.3161115646362305,-0.6899664402008057,0.47162818908691406,-0.005188886076211929,0.38088342547416687,-8.783530235290527,5.742754936218262,0.5674941539764404,0.7117722034454346,0.05041484162211418,0.8434203863143921
Y4D-009,4th Year,3,2,Neutral,Low,Neutral-Low,0.698,0.5454545454545454,83.18249019016342,7.6975472429630125,65.75526361962497,97.3899599969843,83.57050591403384,31.634696377359333,0.05128102046746775,-58.889544739053726,1.673050274863915,0.09561683982610703,0.03472091630101204,0.1536027193069458,0.028207650408148766,0.14836637675762177,-21.111244201660156,14.720638275146484,1.0,10.02865329512894,0.06740500710227272,0.017118658029760196,0.09375,1148.6149517298707,271.04678074635353,1504.9282409484235,231.67061597994513,2345.1704545454545,708.8961247027264,0.007069454062730074,0.008255786262452602,21.216204046734052,12.104506567248787,0.49244365096092224,0.2788369059562683,-157.95863342285156,35.245174407958984,2.0918593406677246,9.962258338928223,-1.0023428201675415,3.6728692054748535,119.64718627929688,23.204193115234375,-1.1123124361038208,4.688436985015869,-0.3339802026748657,2.579690456390381,11.341187477111816,10.114885330200195,0.08971366286277771,1.892077922821045,-0.06632056832313538,1.5320937633514404,40.38875961303711,21.998046875,-0.002541888738051057,5.546036720275879,-0.1364046037197113,2.627412796020508,7.828025817871094,19.913652420043945,-0.5103652477264404,5.186845302581787,-0.1719006448984146,2.775026798248291,-10.670461654663086,12.115347862243652,0.2706437408924103,2.950608968734741,0.1474566012620926,1.988173246383667,-10.167621612548828,11.16617202758789,0.1999683827161789,2.576249599456787,0.2160193771123886,1.8961963653564453,-2.0380239486694336,8.210147857666016,-0.30673933029174805,2.022793769836426,-0.05233306065201759,0.9491587281227112,-6.775506973266602,5.480051517486572,0.3207000494003296,0.8487205505371094,0.03083103336393833,0.815646767616272,-2.541485548019409,9.509332656860352,-0.2273644059896469,2.09734845161438,0.08460719138383865,0.9988830089569092,-2.8158211708068848,9.810416221618652,-0.2954629063606262,2.1400225162506104,-0.0869867354631424,1.2095181941986084,4.558082580566406,7.796778678894043,-0.04911288246512413,1.6257845163345337,-0.07841005176305771,1.455678105354309,-15.387310028076172,9.89517593383789,-0.7023266553878784,2.7198526859283447,0.08316600322723389,1.368735432624817
Y4D-010,4th Year,2,4,Negative,High,Negative-High,0.539,0.8235294117647058,146.4448370915608,11.798168949646264,131.51052723924994,174.53442536143424,149.778309046088,43.023898122184306,0.024549383232727415,84.14722941875124,1.373454604644948,0.09559539705514908,0.05367732048034668,0.18742528557777405,0.023096023127436638,0.23948495090007782,-22.142074584960938,18.18581771850586,1.0,12.987012987012987,0.07473575367647059,0.0177017318664918,0.10546875,1337.5949876724776,98.84986299988809,1506.9360773001795,125.64304966440896,2790.9007352941176,165.30580654583238,0.008484888821840286,0.007710257079452276,23.762991055993975,12.152003887731226,0.316726952791214,0.31261390447616577,-160.47142028808594,35.61870193481445,2.01680326461792,8.52874755859375,-0.9974680542945862,5.65800666809082,111.33924865722656,10.209183692932129,-0.6694344282150269,1.709583044052124,-0.08367201685905457,1.6571619510650635,-13.596733093261719,12.145620346069336,0.13008050620555878,2.8668715953826904,0.10872560739517212,2.014763593673706,33.199398040771484,10.636502265930176,0.7504764795303345,2.838874578475952,-0.156244158744812,0.9550778269767761,-9.556286811828613,13.430695533752441,0.6798479557037354,2.862112522125244,0.28563904762268066,2.7434818744659424,-10.418112754821777,9.457313537597656,-0.6263824701309204,1.8830896615982056,0.08504577726125717,1.4439643621444702,-7.820218086242676,5.57465124130249,-0.22128503024578094,0.965453028678894,-0.03032783977687359,0.5279517769813538,-15.780059814453125,10.292206764221191,-0.7487955093383789,1.675513744354248,0.15000206232070923,1.4420363903045654,-14.468058586120605,2.849940776824951,-0.004212967585772276,0.29232627153396606,0.026282763108611107,0.304120808839798,-7.778858661651611,7.486720561981201,0.038460612297058105,1.52866530418396,0.18231235444545746,1.0546798706054688,-5.1500349044799805,5.706064701080322,0.8067528009414673,0.6524385809898376,0.021482981741428375,0.6924676299095154,-5.758203983306885,5.943965435028076,-0.3259763717651367,1.0751420259475708,0.03193030506372452,0.7736791372299194,-14.103216171264648,9.081686973571777,-0.4253268539905548,2.2688450813293457,0.27005574107170105,0.8601164221763611
Y4D-011,4th Year,3,3,Neutral,Moderate,Neutral-Moderate,0.9958125,0.625,133.10681309988513,20.97503495359037,103.18106837793296,165.6928815515041,125.21010280843024,62.51181317357113,0.07809817538185448,39.017903339185615,2.6711420778386157,0.052751217037439346,0.020666098222136497,0.10504510253667831,0.023689180612564087,0.1302904635667801,-26.142820358276367,12.936515808105469,1.0,9.037845980041423,0.083648681640625,0.06557283116037875,0.2685546875,1300.8756610539976,718.5079199185575,1559.240775659574,375.360984510588,2741.2109375,1330.5838767488372,0.011322923935949802,0.02314562164247036,22.02189722082564,11.945137854348143,0.4947030544281006,0.28032416105270386,-214.12469482421875,29.187551498413086,-0.051599860191345215,7.2989277839660645,-0.37085217237472534,3.9263808727264404,113.03330993652344,30.05707550048828,0.16938164830207825,7.564373970031738,-0.09768003225326538,4.9267964363098145,10.622079849243164,19.648290634155273,0.38326382637023926,4.365109920501709,0.0742000937461853,2.595750331878662,41.10654067993164,20.711936950683594,0.199928879737854,3.834210157394409,-0.03983724117279053,2.005908966064453,5.266221046447754,9.312037467956543,0.4262958765029907,2.142671585083008,0.11777310073375702,1.0693713426589966,2.285404682159424,5.134016036987305,-0.3122594952583313,0.8639142513275146,0.06322723627090454,0.678097665309906,-8.545679092407227,12.059834480285645,0.2007032334804535,2.6602025032043457,0.021835997700691223,1.2425318956375122,-5.326192378997803,7.429437160491943,-0.19190680980682373,1.7413485050201416,0.1588497906923294,1.0876539945602417,-11.711195945739746,8.195426940917969,-0.21144023537635803,1.8594775199890137,0.11809815466403961,0.733971357345581,1.8499940633773804,6.615904331207275,-0.22253002226352692,1.486007571220398,-0.029669664800167084,0.9599085450172424,-2.034186363220215,3.9921534061431885,-0.1264486014842987,0.7035870552062988,0.07413703203201294,0.6191390156745911,-0.7122317552566528,3.8097918033599854,0.0020480304956436157,0.7126181721687317,0.04241624474525452,0.6122714877128601,-4.127574443817139,5.7335591316223145,-0.11377917975187302,1.2321007251739502,0.047060221433639526,0.6459872722625732
Y4D-012,4th Year,4,4,Positive,High,Positive-High,0.7739375,0.6,105.35313988822865,17.072742843070692,79.10522838858842,137.7302022667084,104.37997464223893,58.62497387811999,0.06818291131631747,103.45044633139177,2.6849870680425174,0.041640687733888626,0.016356661915779114,0.0734730139374733,0.016426555812358856,0.13237570226192474,-28.277660369873047,13.011625289916992,1.0,9.044657998869418,0.1190234375,0.033862726782359374,0.169921875,1541.8961729388022,210.1527855375582,1581.139704532516,172.8334335192174,3088.4375,442.23288194683124,0.016173921525478363,0.007305121514946222,22.017267359826462,11.678101009682365,0.5135292410850525,0.2640623450279236,-180.51609802246094,43.2327766418457,1.648999810218811,11.55056095123291,-0.8278446793556213,4.065826416015625,103.2458724975586,12.123333930969238,-0.3670588433742523,3.1687171459198,0.24641866981983185,1.692368745803833,-19.62198829650879,20.453819274902344,-0.12148282676935196,4.405392646789551,0.2172849029302597,1.5576146841049194,28.966562271118164,13.163434982299805,0.286188542842865,3.2195961475372314,0.2689548134803772,2.07791805267334,-2.7910101413726807,10.607732772827148,0.12873582541942596,2.1423332691192627,-0.023896092548966408,2.08752703666687,-1.013471245765686,12.252326965332031,0.3613583445549011,2.7337000370025635,-0.054997190833091736,1.4988192319869995,-17.266069412231445,13.639314651489258,-0.1635991930961609,3.0820200443267822,0.1119203194975853,1.4687442779541016,6.014395236968994,5.30092191696167,0.20886941254138947,1.1647955179214478,0.0815223678946495,0.8023773431777954,-4.176406383514404,7.989380359649658,-0.04716735705733299,1.8090574741363525,0.022007867693901062,1.0857194662094116,-10.95737075805664,6.602421760559082,-0.26319873332977295,1.3322702646255493,0.04828740656375885,0.40180760622024536,-4.830928325653076,7.588351726531982,0.0478021614253521,1.8198853731155396,0.022012444213032722,1.1448431015014648,-6.945795059204102,6.424211025238037,0.5460034012794495,0.6715022921562195,-0.015653345733880997,0.6381169557571411,-3.798142194747925,5.576295852661133,0.023579277098178864,1.0810695886611938,0.06042581424117088,0.9385159611701965
Y4D-013,4th Year,5,4,Positive,High,Positive-High,0.761,0.625,144.83898365732253,25.308232868539424,120.59568520237023,181.73609144327253,133.80929076365396,61.140406240902294,0.04095057296237021,-132.8594757170948,2.9102577205464137,0.042689789086580276,0.019202975556254387,0.07633189111948013,0.012552998028695583,0.14478613436222076,-28.346799850463867,15.67917251586914,1.0,7.884362680683311,0.07147216796875,0.009690888847819483,0.0859375,1249.663454636378,171.6992866309313,1556.7479440773002,193.94447947894363,2702.4739583333335,500.22332184501846,0.008967778645455837,0.00466107577085495,22.286033961075926,11.658555671568058,0.37589699029922485,0.29692623019218445,-213.8011016845703,33.7563591003418,3.029547929763794,8.477978706359863,-0.4325600564479828,2.655620813369751,119.39269256591797,13.963739395141602,-0.4774470031261444,2.510465383529663,-0.08778691291809082,2.3438148498535156,4.243197917938232,12.55333137512207,-0.08871354907751083,2.797919511795044,0.08749886602163315,1.790465235710144,22.761987686157227,8.815816879272461,-0.7218754291534424,1.3205640316009521,0.02893020771443844,1.0926300287246704,-11.913655281066895,7.836049556732178,-0.17268036305904388,1.7442505359649658,0.09232642501592636,0.9120842814445496,-11.38250732421875,5.451855182647705,0.39430156350135803,0.8762416243553162,-0.007009627763181925,0.6188288927078247,-13.75464153289795,5.143312931060791,-0.14021600782871246,0.801946759223938,0.025347113609313965,0.7063621282577515,-7.357022762298584,6.119566917419434,-0.36667224764823914,1.0771809816360474,0.0888543426990509,0.5813320875167847,-15.549901008605957,7.7839741706848145,-0.16792364418506622,1.7527633905410767,0.029352495446801186,1.298779845237732,-5.883378982543945,6.906610012054443,-0.4793832004070282,0.980364203453064,0.021699070930480957,0.7983369827270508,-4.322984218597412,6.326427459716797,0.020045289769768715,1.3823490142822266,-0.014379143714904785,0.6328573822975159,-3.774491310119629,3.7255330085754395,0.08167996257543564,0.5939121842384338,0.017002860084176064,0.6513392329216003,-4.248152256011963,6.153609752655029,0.2400691956281662,1.3647115230560303,0.06953654438257217,0.6520068645477295
Y4D-014,4th Year,4,5,Positive,High,Positive-High,0.986,0.0,147.1425160929423,15.211077566256943,131.51052723924994,187.0613654014066,149.778309046088,46.98310343843853,0.021749726768352476,29.97538651516788,1.787818474015258,0.06982497870922089,0.016693171113729477,0.10048776119947433,0.03609870746731758,0.11177898943424225,-23.388525009155273,8.89242935180664,1.0,8.113590263691684,0.11411605342741936,0.03926187024138381,0.1865234375,1452.439085236235,315.3516461056657,1462.672683844741,125.38264374452967,2727.3185483870966,726.0063743754457,0.00969156064093113,0.005538875702768564,23.06091692313207,11.845703743630215,0.36751294136047363,0.3013603091239929,-148.89256286621094,34.86684799194336,0.549178421497345,7.8366875648498535,-0.4465174973011017,4.471214294433594,110.8631820678711,17.857969284057617,0.5736184120178223,4.268813610076904,0.03512030094861984,2.275360345840454,-19.332469940185547,19.755998611450195,-0.916575014591217,4.7203240394592285,0.1040458083152771,2.9645802974700928,34.609535217285156,25.774839401245117,-0.7913923859596252,5.778764724731445,-0.11811095476150513,3.0609567165374756,-10.026671409606934,11.476616859436035,-0.4275612235069275,3.084362506866455,0.12378751486539841,1.6185050010681152,-2.073606252670288,7.291604518890381,-0.025665966793894768,1.585834264755249,-0.07597876340150833,1.0741910934448242,-17.803434371948242,6.956948280334473,-0.3547866642475128,1.3836020231246948,0.014455453492701054,1.2876276969909668,8.244032859802246,9.55268669128418,-0.40281611680984497,1.7839661836624146,-0.06520262360572815,1.2709404230117798,-7.704624176025391,10.664741516113281,0.6817095279693604,2.4352469444274902,0.06919433921575546,1.2137678861618042,-6.099131107330322,6.254091262817383,0.14016757905483246,1.2282187938690186,0.021706320345401764,0.9616736769676208,-1.3554656505584717,12.546492576599121,-0.6213228702545166,2.751985549926758,-0.04824916273355484,1.378419280052185,-16.34271812438965,8.86418342590332,-0.47784483432769775,1.8825502395629883,0.10605355352163315,1.6079775094985962,-0.9982720613479614,8.77667236328125,0.6917147636413574,2.1405622959136963,-0.08144310861825943,1.5283116102218628
Y4D-015,4th Year,4,5,Positive,High,Positive-High,1.0406875,0.696969696969697,299.6159150489998,32.1008642452282,249.6969657132611,398.66536961409616,295.23115155842805,148.96840390083506,0.04788148505174466,-27.755788330819456,1.787818474015258,0.09017357975244522,0.055225055664777756,0.20916175842285156,0.020922349765896797,0.19109657406806946,-22.620223999023438,19.9974365234375,1.0,6.726322743378776,0.13225023674242425,0.054967402896382495,0.26513671875,1793.772137774824,592.1553632592135,1656.0847711231581,352.4405944180566,3599.905303030303,1190.5515478934856,0.022934317588806152,0.038097769021987915,23.771632091555233,11.724257601253838,0.30668044090270996,0.30167248845100403,-149.60775756835938,46.82188034057617,-1.0018353462219238,10.720403671264648,-1.0259175300598145,6.640678405761719,88.55043029785156,29.68995475769043,1.709346055984497,4.155966758728027,-0.09796807169914246,3.8961117267608643,-16.691579818725586,23.268367767333984,-0.6597378253936768,5.630167484283447,0.3997461795806885,3.5890328884124756,20.910701751708984,17.924339294433594,0.6392807364463806,4.678899765014648,-0.21605923771858215,2.4928667545318604,-9.224404335021973,8.944644927978516,-0.7010025978088379,2.055241346359253,0.22372017800807953,1.2958338260650635,-5.4341721534729,16.140274047851562,0.24761557579040527,3.3706531524658203,0.16263213753700256,1.3275437355041504,-33.42572784423828,15.258952140808105,0.010881312191486359,2.9885411262512207,0.16144214570522308,1.0304579734802246,1.265419602394104,9.163999557495117,-0.17847983539104462,1.9770642518997192,-0.16111095249652863,1.0188885927200317,1.9458426237106323,10.337260246276855,0.06334792077541351,2.076131582260132,0.005809363443404436,1.03594172000885,-2.5278818607330322,8.442821502685547,0.32325610518455505,1.9637541770935059,0.005213858559727669,1.3639155626296997,-10.959237098693848,10.783615112304688,-0.3339787423610687,1.8158015012741089,0.043562375009059906,1.4247095584869385,-12.199505805969238,5.875710487365723,-0.3461817502975464,1.247769832611084,0.08869077265262604,0.6039933562278748,-10.505890846252441,7.746384143829346,-0.2689821422100067,1.9331302642822266,0.10077197104692459,1.1741796731948853
Y4D-016,4th Year,3,4,Neutral,High,Neutral-High,0.559,0.7777777777777778,171.0558082536836,13.728803127470362,145.07962854192903,183.84776310850236,178.0996037738115,38.76813456657334,0.021213562144266673,-97.58393529988459,1.442450437729533,0.11544317752122879,0.06835518777370453,0.22709904611110687,0.0313529297709465,0.22574421763420105,-20.483070373535156,17.198741912841797,1.0,12.522361359570661,0.1132541232638889,0.09181194817951918,0.322265625,1761.0279085303496,976.2301120689455,1757.6834814678668,506.337105488734,3503.0381944444443,1761.4047763318308,0.024716606363654137,0.03949080780148506,24.179836637207305,12.024511800574638,0.35044214129447937,0.30065223574638367,-141.8197021484375,36.88837432861328,-2.661412000656128,7.905090808868408,-0.8303666710853577,2.7645230293273926,95.27303314208984,34.819061279296875,4.607335090637207,3.71311354637146,-0.06392154097557068,2.7173993587493896,6.944622039794922,28.74236297607422,-3.5752274990081787,4.973892688751221,0.14136375486850739,3.179307699203491,34.12306594848633,18.736339569091797,0.3538789749145508,4.9715447425842285,-0.11495934426784515,2.460052967071533,3.496455669403076,12.74488353729248,-1.7962665557861328,1.652787208557129,-0.023096011951565742,1.0703246593475342,-22.12203025817871,9.486627578735352,-0.45007261633872986,2.742987632751465,0.11255183815956116,1.2489705085754395,-24.931396484375,9.809455871582031,-0.2684638500213623,2.7947795391082764,0.1495203971862793,1.126865029335022,-10.034024238586426,10.7152681350708,-0.5654934048652649,2.670346260070801,-0.00215563434176147,1.3163284063339233,-1.886149287223816,5.907816410064697,-0.21073681116104126,1.16897451877594,0.036174993962049484,0.7082358002662659,-10.85669994354248,17.01630210876465,-0.1349678635597229,4.590501308441162,0.20730508863925934,1.9495023488998413,-1.4595938920974731,5.26436710357666,0.12626433372497559,1.1450382471084595,0.058916125446558,0.8298810124397278,-8.307845115661621,7.012351036071777,-0.7660342454910278,1.1805449724197388,0.080243319272995,0.7861322164535522,-7.8285956382751465,7.258952617645264,-0.019953811541199684,1.7345689535140991,-0.008209066465497017,0.9808008074760437
Y4D-017,4th Year,3,4,Neutral,High,Neutral-High,0.4739375,1.0,139.13894392677446,14.610522480458076,111.2273533387383,158.21045677717683,132.2723599733492,46.98310343843853,0.0427704597423064,29.97538651516788,1.8290981384277873,0.15600059926509857,0.048154573887586594,0.23970825970172882,0.06935420632362366,0.2046191394329071,-16.595813751220703,10.77220344543457,1.0,8.439931425557168,0.043131510416666664,0.010430898480987135,0.05859375,1046.3423527172338,186.3240244512357,1441.4075793062427,116.9850744393975,2427.0833333333335,565.3405323649829,0.002439564559608698,0.0011767460964620113,22.96055220675751,11.491889970327557,0.3672293722629547,0.3121284544467926,-145.4130096435547,31.113252639770508,-0.4997059404850006,7.213786602020264,-1.5054371356964111,5.76149845123291,121.259765625,15.101818084716797,0.5467308759689331,2.7966115474700928,0.41310545802116394,2.4770450592041016,17.069608688354492,5.832724094390869,-0.14454571902751923,1.164984941482544,-0.009617972187697887,1.0513168573379517,50.8494987487793,17.33315658569336,-1.3992526531219482,3.8057048320770264,-0.5236674547195435,2.0316710472106934,-2.388406991958618,14.373908042907715,0.7135815024375916,3.996910333633423,0.4821358919143677,2.1827242374420166,-9.504870414733887,8.551420211791992,-1.0443006753921509,1.3171062469482422,0.2946590185165405,1.2639957666397095,-12.662367820739746,14.779637336730957,-1.4472205638885498,3.057631015777588,0.28599217534065247,1.2618756294250488,-5.60451078414917,8.672670364379883,0.835576593875885,1.0961054563522339,0.04425858333706856,1.4865962266921997,-9.62063217163086,7.247054576873779,1.0424046516418457,1.109926700592041,0.2090197205543518,0.6686867475509644,-8.76677131652832,10.683134078979492,-0.6323213577270508,2.3984124660491943,0.29903024435043335,1.4819351434707642,3.3961002826690674,4.755743503570557,0.36039572954177856,0.8579461574554443,0.04173161834478378,0.5377637147903442,-17.94437599182129,5.15946626663208,0.2546103298664093,1.2239577770233154,0.25412875413894653,0.8893702626228333,-15.14489459991455,5.102513313293457,0.40921327471733093,0.9304190278053284,0.1395988166332245,0.8357023596763611
Y4D-018,4th Year,3,4,Neutral,High,Neutral-High,0.783,0.92,147.1425160929423,20.277802988600875,119.9011051661721,187.0613654014066,149.33078614961454,67.16026023523449,0.05742898863510745,-48.68274395229992,2.4063243703676624,0.06130539998412132,0.04406021162867546,0.1614418923854828,0.014976345002651215,0.23254503309726715,-26.416919708251953,20.652206420898438,0.96,8.939974457215836,0.11109375,0.07575898714542574,0.30810546875,1606.7885031777362,679.7486915092242,1739.7298038834656,328.7140474921257,3348.125,1172.8185368216602,0.02391003631055355,0.032170794904232025,21.96701183173831,12.03698960497944,0.4024375081062317,0.28539037704467773,-189.87184143066406,42.08305740356445,1.2264375686645508,10.84988021850586,-0.5876386761665344,3.3616905212402344,94.93093872070312,27.103656768798828,-0.1139352098107338,6.56248140335083,0.09958461672067642,4.236366271972656,9.824111938476562,20.646060943603516,-0.7923769354820251,3.817246675491333,0.07525227218866348,2.2518420219421387,35.036434173583984,13.244715690612793,-0.6494613885879517,2.579195261001587,-0.02600671723484993,2.371201276779175,-1.3656426668167114,14.420404434204102,0.20294129848480225,3.1070594787597656,0.07710420340299606,2.1291213035583496,-11.80698013305664,7.222014427185059,-0.1883547157049179,1.286027193069458,0.052550338208675385,0.8229676485061646,-16.562231063842773,8.403360366821289,-0.14283274114131927,2.165708065032959,0.02842211164534092,1.2219620943069458,-7.308132171630859,9.960038185119629,0.03236137703061104,2.2314295768737793,-0.012823909521102905,1.6623284816741943,-15.198711395263672,5.3113908767700195,-0.07031792402267456,1.1410138607025146,0.09133755415678024,0.5259049534797668,-9.35338020324707,9.218269348144531,0.6818572878837585,1.3893115520477295,0.11922097206115723,0.8211126327514648,-12.544599533081055,5.817234039306641,0.6071645617485046,0.4981880784034729,-0.0007967829587869346,0.5503420233726501,-7.365537166595459,3.6619038581848145,0.0722530260682106,0.6930774450302124,0.03048846684396267,0.5635898113250732,-2.682889461517334,5.619365692138672,0.01797148957848549,1.2341017723083496,0.11126747727394104,0.7580537796020508
Y4D-019,4th Year,3,4,Neutral,High,Neutral-High,0.968,0.0,147.1425160929423,15.211077566256943,131.51052723924994,187.0613654014066,149.778309046088,46.98310343843853,0.021749726768352476,29.97538651516788,1.787818474015258,0.07285238802433014,0.029117973521351814,0.11900205910205841,0.022847052663564682,0.14446903765201569,-23.6016845703125,14.334484100341797,1.0,10.330578512396695,0.10383064516129033,0.033781465742200124,0.16455078125,1702.5419452138908,379.48047113907063,1833.2568123242024,305.1614667166178,3708.1653225806454,1021.1862096776391,0.021310733631253242,0.015216954052448273,22.785714992328305,11.941851624469686,0.36991021037101746,0.294158935546875,-138.73167419433594,53.43092727661133,1.6674220561981201,11.79529094696045,-0.6158859133720398,5.380117416381836,92.52916717529297,21.33100700378418,-0.030473969876766205,4.304262638092041,0.1713026762008667,3.3022220134735107,2.8555541038513184,23.460264205932617,0.058510083705186844,5.16476583480835,0.015001295134425163,3.608011484146118,19.353633880615234,10.186135292053223,-0.2766277492046356,1.811639666557312,0.00154291617218405,1.5534693002700806,-5.837540149688721,11.380067825317383,0.04597088322043419,2.082674264907837,0.036631301045417786,1.104278802871704,-6.966695785522461,9.308966636657715,-0.10346224159002304,2.1332855224609375,0.011947651393711567,1.7347004413604736,-24.93319320678711,15.202275276184082,-0.6457008123397827,2.6097686290740967,0.009340938180685043,1.6942675113677979,-8.182209968566895,6.983856201171875,-0.16146613657474518,1.3799879550933838,0.08505844324827194,0.6994935870170593,-2.0487191677093506,10.912647247314453,0.795490026473999,1.5930134057998657,-0.00016850040992721915,1.427633285522461,-11.80709457397461,7.26216459274292,0.14762528240680695,1.6180111169815063,-0.057959627360105515,1.135038137435913,-4.622029781341553,5.896543025970459,-0.1016528382897377,1.0549606084823608,0.011893733404576778,1.0497881174087524,-4.375080108642578,5.222273349761963,-0.03796030580997467,0.9043014645576477,-0.002565945265814662,0.6875577569007874,-7.003111839294434,6.900079727172852,0.35030466318130493,1.3167829513549805,0.015304435975849628,1.066009283065796
Y4D-020,4th Year,3,3,Neutral,Moderate,Neutral-Moderate,0.678,0.22727272727272727,493.14833813763744,7.700131732438745,482.3827408094809,499.3939314265223,499.3939314265223,17.011190617041393,0.017373139717556184,44.427424460570315,0.271293199325012,0.06718357652425766,0.04510081186890602,0.16119110584259033,0.019218841567635536,0.22570136189460754,-25.216642379760742,18.47227668762207,1.0,8.849557522123893,0.10502485795454546,0.05226411786253393,0.236328125,1618.082536024034,560.357438851019,1699.5611793288829,433.32443213754766,3447.7982954545455,1460.9306376761315,0.017990075051784515,0.020427851006388664,21.894803227285113,11.638980737483509,0.34558042883872986,0.3120192587375641,-170.99754333496094,44.831092834472656,-0.4148852229118347,11.399598121643066,-0.7904104590415955,2.7000961303710938,103.11058807373047,25.276771545410156,0.10635848343372345,6.0828704833984375,-0.03148553520441055,2.410343647003174,-6.2193217277526855,16.782806396484375,0.9016180634498596,4.180361747741699,0.11000753194093704,2.2600786685943604,21.037885665893555,17.46088409423828,0.5624525547027588,4.187355041503906,-0.002284223446622491,3.0028839111328125,-8.023459434509277,9.378580093383789,0.9029003381729126,2.139077663421631,0.1248420998454094,1.4104095697402954,-20.417089462280273,10.660720825195312,0.4637785851955414,2.55597186088562,0.17135363817214966,1.242368459701538,-19.86650276184082,12.151593208312988,0.499691367149353,2.7651734352111816,0.03802187740802765,2.0360403060913086,-7.9557576179504395,4.643324375152588,0.48710259795188904,1.0584957599639893,-0.028437308967113495,0.5809704065322876,-7.519057750701904,4.7239580154418945,-0.09249374270439148,0.9061277508735657,-0.01522314827889204,0.7349898219108582,-9.544906616210938,6.873095512390137,-0.050438836216926575,1.3841145038604736,0.07033213973045349,0.9669663906097412,-4.930471897125244,12.48068618774414,0.2514292299747467,3.0827887058258057,-0.0566985160112381,2.0133261680603027,-2.7028696537017822,5.710338115692139,0.23745346069335938,1.2611006498336792,0.010754753835499287,1.0332392454147339,-10.158953666687012,6.307906627655029,0.41558244824409485,1.3568341732025146,0.1465109884738922,0.8896189332008362
Y4D-021,4th Year,3,3,Neutral,Moderate,Neutral-Moderate,0.6719375,0.9047619047619048,138.62670111344127,39.6737953357217,108.68691707750624,230.29955496661373,121.9969395672486,121.61263788910749,0.015315137052865005,165.72918606820872,4.114456642450358,0.10529890656471252,0.03725206479430199,0.1755390763282776,0.04799828305840492,0.17569033801555634,-20.123611450195312,11.262962341308594,1.0,8.929401916100828,0.0691499255952381,0.015005624859739093,0.0849609375,1212.3948891092668,93.91573215243554,1347.2330268458043,105.06464453681414,2300.223214285714,247.24781868307235,0.004893906880170107,0.0020873218309134245,23.69904568911743,11.704756409769875,0.32235100865364075,0.295569509267807,-133.192626953125,39.436397552490234,-0.15434026718139648,9.56570053100586,-0.34123489260673523,4.20383882522583,126.29499053955078,9.47912883758545,-1.0496878623962402,1.799111008644104,0.20173636078834534,0.7870399355888367,-25.331436157226562,15.376545906066895,0.9576190114021301,2.9784581661224365,0.14274875819683075,2.004821300506592,20.108469009399414,8.560318946838379,0.36621740460395813,1.6148240566253662,0.01903386414051056,1.5087685585021973,-10.918468475341797,11.57723617553711,-0.8495554327964783,2.0280587673187256,0.06506074965000153,1.2085312604904175,-13.134651184082031,11.951863288879395,-0.6997900009155273,2.6919312477111816,0.1574949026107788,1.7515085935592651,-17.928504943847656,7.222870349884033,0.6655970811843872,1.134346842765808,0.14593932032585144,0.8402801752090454,-8.665730476379395,5.153757572174072,-0.4816280007362366,1.1626375913619995,0.12257515639066696,0.6797247529029846,-7.947604179382324,8.796674728393555,-0.6976578235626221,1.1436171531677246,0.10708869248628616,0.8790064454078674,-9.43503189086914,8.857805252075195,-0.518257200717926,1.6988426446914673,0.07882289588451385,1.2967532873153687,-9.765989303588867,7.691055774688721,-0.018402576446533203,1.6739999055862427,0.1936674416065216,1.1219555139541626,-3.5543103218078613,9.264925956726074,-0.5588770508766174,2.181084632873535,-0.014502192847430706,1.1735835075378418,-12.76173210144043,11.358817100524902,-0.46380260586738586,2.8383569717407227,0.05998656153678894,1.492248773574829
Y4D-022,4th Year,4,4,Positive,High,Positive-High,1.244,0.717948717948718,176.49864954794958,20.090773733375542,146.76537262479707,239.8022103323442,175.548421529493,93.03683770754714,0.021749726768352476,46.75254585896229,1.9199542936736593,0.09511668980121613,0.05868016183376312,0.21990133821964264,0.03335653990507126,0.13345086574554443,-22.079010009765625,16.380939483642578,1.0,8.038585209003216,0.056790865384615384,0.012487098612041655,0.078125,1216.8508049238978,198.7583308063534,1525.5948081941633,125.24626492642439,2476.3621794871797,596.9399359192263,0.004361625760793686,0.001881296280771494,24.22707563221407,11.91808962635037,0.251223087310791,0.29731258749961853,-177.59552001953125,46.75958251953125,0.37497925758361816,8.969399452209473,-0.2109723687171936,4.467214584350586,114.80445861816406,18.03019905090332,-0.3937626779079437,3.2491581439971924,0.14697974920272827,1.7512470483779907,-0.1960790902376175,9.798069953918457,-0.2663307189941406,2.3001041412353516,0.10838799923658371,1.4680372476577759,20.19432258605957,12.585766792297363,0.5412673950195312,2.37380313873291,-0.1167500838637352,1.4692034721374512,-8.866360664367676,8.862799644470215,0.4202664792537689,2.018254041671753,-0.03072443976998329,1.2125132083892822,-11.740657806396484,6.621585369110107,-0.04437468945980072,1.4562954902648926,0.01937888190150261,0.7392930388450623,-16.813610076904297,9.851188659667969,-0.3569560945034027,2.2020859718322754,0.11453002691268921,0.9998592138290405,-26.51749038696289,12.14118766784668,-0.049829255789518356,2.2567713260650635,0.0015131563413888216,1.004041314125061,-10.77541732788086,9.080404281616211,-0.1715317815542221,2.0001487731933594,-0.03178732097148895,1.022731065750122,-12.764644622802734,5.131350994110107,-0.03996730595827103,0.8458586931228638,0.05079740285873413,0.727186381816864,-12.815285682678223,8.3042573928833,0.05292548984289169,1.303306221961975,0.10694393515586853,0.9442129731178284,-8.093448638916016,7.893191337585449,-0.019462114199995995,1.7263518571853638,0.15899419784545898,0.9227998852729797,-19.052663803100586,9.779642105102539,-0.16070221364498138,1.8144234418869019,0.037511758506298065,0.9365559220314026
Y4D-023,4th Year,3,4,Neutral,High,Neutral-High,1.19,0.0,147.1425160929423,15.211077566256943,131.51052723924994,187.0613654014066,149.778309046088,46.98310343843853,0.021749726768352476,29.97538651516788,1.787818474015258,0.0574391707777977,0.026445966213941574,0.10606298595666885,0.014577428810298443,0.1150112897157669,-25.947572708129883,17.237659454345703,1.0,5.882352941176471,0.090087890625,0.026835544623928106,0.134765625,1454.7218092593744,374.4169206047591,1692.8852438920896,273.36699707458183,3340.0493421052633,1088.3896148779802,0.013119039125740528,0.01078804675489664,23.2592160755817,11.816245014585137,0.45107847452163696,0.28723081946372986,-181.27020263671875,45.51720428466797,-0.29932495951652527,8.078614234924316,-0.44096970558166504,5.057353496551514,107.44032287597656,15.200872421264648,0.566860556602478,3.5073764324188232,-0.08339855819940567,2.8222763538360596,4.964733600616455,17.38918685913086,-1.2620738744735718,2.1769182682037354,0.13897693157196045,1.8532061576843262,26.512605667114258,13.535565376281738,0.30058297514915466,2.922142744064331,-0.0828382819890976,1.9317972660064697,2.7483530044555664,8.532220840454102,-0.39922213554382324,1.3834725618362427,0.007985403761267662,0.8987191915512085,-2.5755414962768555,9.097429275512695,0.4421394169330597,1.298643946647644,0.04436781629920006,0.9132315516471863,-30.965858459472656,12.263121604919434,-0.5409911274909973,1.944172978401184,0.05248761177062988,1.6581943035125732,5.010839939117432,8.441777229309082,-0.2301095724105835,1.772038459777832,0.06166265532374382,1.3689043521881104,3.7117879390716553,10.59583854675293,0.38813021779060364,2.1916370391845703,-0.02288169227540493,1.294950008392334,-5.484372615814209,6.738077163696289,-0.6036295890808105,1.5272349119186401,0.0346691720187664,0.8358760476112366,-1.793012261390686,7.532040596008301,-0.16115908324718475,1.1066135168075562,0.05331870913505554,1.1404345035552979,-10.604850769042969,12.40320110321045,-0.4103337824344635,2.3980603218078613,0.002768784062936902,1.3638393878936768,-0.4439121186733246,7.411813735961914,-0.21162281930446625,1.5814331769943237,0.03215550631284714,0.8600726127624512
Y4D-024,4th Year,3,3,Neutral,Moderate,Neutral-Moderate,0.804,0.7307692307692307,187.16334547725305,28.029948436082588,152.82122781686914,241.19137040474044,191.43371755306833,88.3701425878713,0.02915876924792697,65.35411471043106,2.5370058911966993,0.05601627007126808,0.03818569704890251,0.14149847626686096,0.015389891341328621,0.21631743013858795,-26.903837203979492,19.270322799682617,1.0,9.950248756218905,0.06505408653846154,0.030425208072273866,0.1201171875,1238.2080550363196,353.0261430783484,1424.8623464297405,135.57102817431618,2487.079326923077,690.2838575206821,0.0034406064078211784,0.002296857535839081,24.03410425856946,11.923671663979924,0.26983892917633057,0.2996754050254822,-245.86138916015625,49.94045639038086,1.653817892074585,12.437281608581543,-0.8102101683616638,4.876961708068848,114.91780853271484,20.811016082763672,-0.7750399112701416,5.240634441375732,0.08626428246498108,2.067901372909546,-8.5022611618042,18.831911087036133,-0.3140096962451935,4.289553642272949,0.2652999460697174,2.4800403118133545,50.35805130004883,25.989675521850586,0.10931997746229172,5.966732025146484,-0.00611071614548564,2.6532299518585205,-3.2751805782318115,18.3388671875,0.06474998593330383,4.159961700439453,-0.09893473982810974,2.0431435108184814,-5.440474510192871,7.941774845123291,-0.39399003982543945,1.513182282447815,0.008074818179011345,0.8335589170455933,-21.352542877197266,13.266148567199707,-0.9054181575775146,3.240145683288574,0.08440925180912018,2.20542573928833,-0.07820151746273041,11.89786148071289,-0.3228297233581543,2.484616994857788,0.055311575531959534,1.3536899089813232,-6.132009029388428,5.7721710205078125,-0.3137983977794647,1.2096461057662964,0.036005567759275436,0.8159350752830505,-16.437469482421875,10.147220611572266,-0.8627140522003174,2.3822829723358154,0.1054694801568985,1.092392086982727,-0.43411752581596375,12.576050758361816,-0.1484171748161316,2.838214159011841,0.1321510374546051,1.5015301704406738,-21.135881423950195,12.667864799499512,0.1630147248506546,2.7353134155273438,0.06607484072446823,1.2887804508209229,-3.353140115737915,6.388069152832031,0.17738202214241028,1.4351893663406372,0.06332842260599136,0.8089587688446045
Y4D-025,4th Year,3,3,Neutral,Moderate,Neutral-Moderate,0.9644375,0.6774193548387096,133.60206838893083,6.471206911302764,122.70366064862014,142.58724736030138,136.93693467412865,19.883586711681232,0.013110213999419657,26.56415260246285,0.8533514028699115,0.03870787099003792,0.017898505553603172,0.07105988264083862,0.012372343800961971,0.10377262532711029,-29.366596221923828,15.183448791503906,1.0,7.258116777914588,0.04496912802419355,0.013359677834285408,0.0712890625,977.4608706032416,185.72652883963207,1387.9594851957631,200.36857393689004,2001.008064516129,644.5827720593919,0.0036919843405485153,0.0038189066108316183,22.364037475278515,12.062628862031476,0.38534021377563477,0.302267849445343,-275.0270690917969,39.696170806884766,-2.4266998767852783,8.83997631072998,-0.10936014354228973,4.616292476654053,131.00706481933594,11.997377395629883,-0.23709137737751007,2.5434582233428955,0.11310204118490219,1.5897808074951172,11.683235168457031,17.910245895385742,0.456055223941803,4.541722297668457,-0.05272262543439865,2.391610860824585,40.67398452758789,21.442630767822266,-1.1298117637634277,4.651492118835449,0.004455907735973597,2.669295310974121,6.064668655395508,5.378286361694336,0.7011376619338989,1.1230159997940063,-0.04539470374584198,0.7205067873001099,-5.606684684753418,16.733293533325195,1.1650184392929077,2.9390716552734375,-0.05050387606024742,1.6332464218139648,-12.59963321685791,11.164752960205078,0.19057105481624603,2.5470235347747803,-0.004675912205129862,1.135501742362976,-8.509830474853516,6.074598789215088,0.12865404784679413,1.1090360879898071,0.021898804232478142,0.7762779593467712,-7.3484907150268555,6.196564197540283,0.40601250529289246,0.9339423775672913,0.057902202010154724,0.6771466732025146,-8.938233375549316,8.234004020690918,0.6680859923362732,1.4327054023742676,0.06714049726724625,1.1171811819076538,-1.3537390232086182,5.126134395599365,0.35574597120285034,0.9782359600067139,-0.013078256510198116,0.6958152055740356,-2.919699192047119,6.460731029510498,-0.038612090051174164,1.537610650062561,0.04675627872347832,0.7806490659713745,-12.076165199279785,6.86557149887085,0.23468483984470367,1.4327763319015503,0.11432229727506638,0.8408433794975281
