participant_code,year_level,valence_score,arousal_score,valence_group,arousal_group,affect_category,audio_trimmed_dur_sec,audio_voiced_frames,audio_voiced_ratio,audio_f0_mean_hz,audio_f0_std_hz,audio_f0_min_hz,audio_f0_max_hz,audio_f0_median_hz,audio_f0_range_hz,audio_period_variation_proxy,audio_f0_slope_hz_per_s,audio_f0_std_semitones,audio_rms_mean,audio_rms_std,audio_rms_max,audio_rms_min,audio_rms_frame_variation_proxy,audio_rms_db_mean,audio_rms_db_range,audio_active_ratio,audio_onset_rate_per_sec,audio_zcr_mean,audio_zcr_std,audio_zcr_max,audio_spec_centroid_mean,audio_spec_centroid_std,audio_spec_bandwidth_mean,audio_spec_bandwidth_std,audio_spec_rolloff85_mean,audio_spec_rolloff85_std,audio_spec_flatness_mean,audio_spec_flatness_std,audio_spec_contrast_mean,audio_spec_contrast_std,audio_chroma_mean,audio_chroma_std,audio_mfcc_1_mean,audio_mfcc_1_std,audio_delta_mfcc_1_mean,audio_delta_mfcc_1_std,audio_delta2_mfcc_1_mean,audio_delta2_mfcc_1_std,audio_mfcc_2_mean,audio_mfcc_2_std,audio_delta_mfcc_2_mean,audio_delta_mfcc_2_std,audio_delta2_mfcc_2_mean,audio_delta2_mfcc_2_std,audio_mfcc_3_mean,audio_mfcc_3_std,audio_delta_mfcc_3_mean,audio_delta_mfcc_3_std,audio_delta2_mfcc_3_mean,audio_delta2_mfcc_3_std,audio_mfcc_4_mean,audio_mfcc_4_std,audio_delta_mfcc_4_mean,audio_delta_mfcc_4_std,audio_delta2_mfcc_4_mean,audio_delta2_mfcc_4_std,audio_mfcc_5_mean,audio_mfcc_5_std,audio_delta_mfcc_5_mean,audio_delta_mfcc_5_std,audio_delta2_mfcc_5_mean,audio_delta2_mfcc_5_std,audio_mfcc_6_mean,audio_mfcc_6_std,audio_delta_mfcc_6_mean,audio_delta_mfcc_6_std,audio_delta2_mfcc_6_mean,audio_delta2_mfcc_6_std,audio_mfcc_7_mean,audio_mfcc_7_std,audio_delta_mfcc_7_mean,audio_delta_mfcc_7_std,audio_delta2_mfcc_7_mean,audio_delta2_mfcc_7_std,audio_mfcc_8_mean,audio_mfcc_8_std,audio_delta_mfcc_8_mean,audio_delta_mfcc_8_std,audio_delta2_mfcc_8_mean,audio_delta2_mfcc_8_std,audio_mfcc_9_mean,audio_mfcc_9_std,audio_delta_mfcc_9_mean,audio_delta_mfcc_9_std,audio_delta2_mfcc_9_mean,audio_delta2_mfcc_9_std,audio_mfcc_10_mean,audio_mfcc_10_std,audio_delta_mfcc_10_mean,audio_delta_mfcc_10_std,audio_delta2_mfcc_10_mean,audio_delta2_mfcc_10_std,audio_mfcc_11_mean,audio_mfcc_11_std,audio_delta_mfcc_11_mean,audio_delta_mfcc_11_std,audio_delta2_mfcc_11_mean,audio_delta2_mfcc_11_std,audio_mfcc_12_mean,audio_mfcc_12_std,audio_delta_mfcc_12_mean,audio_delta_mfcc_12_std,audio_delta2_mfcc_12_mean,audio_delta2_mfcc_12_std,audio_mfcc_13_mean,audio_mfcc_13_std,audio_delta_mfcc_13_mean,audio_delta_mfcc_13_std,audio_delta2_mfcc_13_mean,audio_delta2_mfcc_13_std
Y2C-001,2nd Year,5,4,Positive,High,Positive-High,2.9436188056259147,0.18799019691496066,-0.7050388220550136,0.895418378491417,-0.8986934576831923,0.9906636053420351,0.6255934195989351,0.90983733970648,-0.8892790301908279,-1.275028674031628,0.7180766390603533,-1.3949391802051225,-0.12533386039178168,-0.7776687381157199,-0.20138783892345438,0.6416437244949363,-1.2805882981391035,0.27699699915565285,-0.9251930541334554,0.29053050074649683,-1.4300185523669444,0.06680515138249253,-0.46092414805872356,0.0181136422809162,-0.5251608090222952,-0.8591721985714681,-1.2892437799172598,-0.7235288429575814,-1.0979267570360922,-1.0927777663904197,-0.6620222873188519,-0.7514213801126538,-0.27005704591011315,0.9070266390570729,-0.3790965051128969,0.5795533414598463,0.6558963545510357,-1.8466289980652135,-0.012247685632088614,-1.5580156444364395,1.2242933325589012,-1.0705871998344414,1.1048517005275087,-0.7245032011918087,-0.2528207359192002,-0.7454536792426164,0.09064665163896272,-1.0048014958125513,-1.4621620041519472,-0.996245510210747,0.5485922227413317,-1.0526013952705728,-0.463443454134501,-1.1561700902080654,-1.5679601035635355,-1.1604987844126595,-0.28572064153771665,-0.8485005792162462,0.6621856339673184,-0.6844285514220861,-0.8388858685317371,-1.3486530200113662,-0.19547840270886271,-1.0902396824638747,-0.20479583400698662,-0.9784892112933884,-1.4902022709224345,-0.11672429429714493,-0.06282547095650712,-0.03527042470455438,-0.3787527236932178,-0.12183778649591975,-1.473680113970281,-0.2859061383582266,0.3806389545756603,-0.15253444836336205,-0.41472848095800824,-0.15754521029347818,-0.8269101915643847,-0.2171203554691325,0.6471577531056087,-0.2077728555061051,-0.24704788812806408,-0.1207788239762505,-1.4764668443843947,-0.8614724689838306,-0.35450919346163395,-0.4469925922025706,-0.5458305730474354,-0.05589043076167271,-0.14203392934799425,-0.8520809966738279,0.36705324871898093,-0.511149170343977,0.03135414589247615,-0.7713077058039217,0.01325679856655776,-0.14261106615406483,0.05789146351970843,-0.3978358485604882,-0.2281104795229695,-0.431091267582722,-0.4136601852272743,-0.35614052348651526,-0.44188202208564836,-0.47973141432013855,-0.0701740444946976,-0.16272023526466495,-0.6683420137146244,-1.594019631917728,-0.24721618724576033,-1.3341655946105544,-0.33053609483807045,-1.7891840684214704
Y2C-002,2nd Year,3,4,Neutral,High,Neutral-High,1.1675918294130136,-1.4830337756624667,-1.516070989501378,-0.36509391415479725,-0.2222513459854351,-0.28429490846437305,-0.2976175544956401,-0.3225499737992437,-0.27234363600837513,-0.3040669063548269,0.17860497662790428,-0.024194069811057473,1.101480990437694,1.2571652201378412,1.4665279690360347,0.7241213695400431,-0.6377701347854111,1.0942986917548785,0.21769288562714365,0.29053050074649683,0.14835925763927466,0.345198815404231,-0.5451594686280555,-0.40769212775554564,0.20773933147777993,-0.4610767703282576,-0.01585120501224055,-0.6401223332510927,-0.06292584116329451,-0.7015065625319084,0.3903901192031565,-0.11368829279367637,-0.3732472215219117,1.8542318249839425,-0.16042204583951739,0.21743740848198162,1.6988055671257634,-1.4438812425254688,-0.5215249317986932,-1.7112387107243527,0.8067224199230476,-1.4141135355573604,-0.3148296414459471,-0.5870978676252555,-0.44964492135570117,-0.5203062516643883,-0.15262978788340661,-0.9602288118216199,-0.7142509183721814,-0.9924665581557198,0.16042064843589535,-1.2910798915820236,-0.5531769000933522,-0.7845701191999398,-1.0652652264713773,0.007210352250186085,1.1614710658547782,-0.07822623188609669,0.0692293936493102,-0.3799249067549278,-1.398316463008238,0.37133737408738055,0.22955453560934816,0.6426847850366026,-0.3859465340935068,0.5944705663142875,-1.1092122537832232,-1.093712453881035,0.18925457534462506,-0.8334552506449966,-0.11051786616679962,-1.226368190686231,-0.07133016961274972,-1.3466477336085807,0.3085587714681849,-0.7958520441930349,0.1928345390187661,-0.6616275811852195,-0.5389811107896021,-0.97651465870443,0.6414736987613501,-1.0665077577297557,0.07443453775680364,-1.299500097557645,-0.9733036602462907,-0.43783632983027865,-0.8188660585790721,-0.7254051592920123,-0.05228234650458317,0.581190445714201,-1.720031658539535,-0.26259659255636136,-0.009914036135544327,-0.4734580125449469,-0.05672610701874743,-1.5149338444120324,0.20935731037319819,-0.4726277423506532,0.3876903281515597,-0.6219979205625319,0.292538229356106,-0.6204616452413276,-0.12034990391722829,-0.45453554037737404,0.7180526501619506,-0.6356368039994517,-0.3981769043842021,-0.6199343245416712,-0.6856152398523181,0.07616280557207403,-0.37570934786277477,-0.11530854226002273,-0.7481238376888703,-0.38877794601199894
Y2C-003,2nd Year,4,4,Positive,High,Positive-High,0.7129289235025107,1.9634531677784772,1.1125421960613928,-0.1973475959825549,0.4159460132745053,-0.20716745607718465,-0.20380655565427913,-0.2744480612120568,0.06726336238892705,-0.8528625389995134,-1.266415100777739,0.4064604959991275,2.3203459530908166,2.2131753602264133,2.275156980429066,-0.3292465805740786,2.4102519469344257,1.751503577738492,1.7918220973802865,-2.735828882029496,0.6722714609430372,-0.7679301414198442,-0.34701459729071016,-0.5563862061809768,-0.5188478553981286,-0.5390407894945102,-0.7655996216523286,-0.5341729797908285,-1.0163373214610143,-0.465802194414832,-0.7184088145472529,-0.35253373569263263,1.324486073900198,1.2090915435510436,-0.9283993181303017,1.7126275143400402,1.1302228581036824,0.11624028746177192,0.36115506760007143,-0.12026617983896229,0.16063010898910518,1.1755455245005573,0.3642826052424356,-0.12565873801957123,0.032845268845606845,0.1483688847140944,-0.9701809898082562,-0.2473415609203849,-0.7763736465905993,0.16790974643040615,0.2802594716550394,0.8746742377458998,-0.005629689753607033,0.1261831820191901,-1.1058225717378327,0.9122016103163123,0.675454692765887,0.205878167839227,0.8534311363876341,-0.640134325749038,-0.4962049066701951,0.4989702617903469,1.1641087863423207,-0.5184994879667187,-0.09474155070809687,-0.05631286710121881,-1.3070632406002574,0.6906589539635608,0.3708176013649378,0.0895551295217647,-0.6829977086304477,-0.3832259643394281,1.4855113583173707,-1.1100477189177476,0.6112285022915607,-0.58614656156608,-1.3570713877731504,-0.7708783626252951,-0.7901645741042743,1.5609592170976516,1.653972149800928,0.553102809830094,-0.42780615273254546,0.6383235448424901,-0.694238866109355,0.27782736031846683,0.5774916631974155,0.47168074606716415,-0.05929652172031433,-0.4409846210313314,0.4349863020713893,1.4690105925959553,-0.6669646016544712,0.2856968067285565,-0.5477841467704114,0.18224475318271377,0.2802931515004729,-0.7419736356913496,0.05251403997768345,-0.4108067690723326,-0.19834527504009808,-0.64112860333134,0.6545582028037208,-0.49201544450657436,0.8208432653443439,-0.5178332051570808,-0.8117822143402933,-1.158034875084903,0.6185402555933048,-0.7110458863837931,0.46838352904322306,-0.7014963431254583,-0.36366015450524825,-0.6148287164514112
Y2C-004,2nd Year,4,4,Positive,High,Positive-High,-0.2803346555635106,1.1279411814897635,1.1646242754956204,-0.5149856820642931,-0.9819961495891824,-0.495401588755145,-0.797647232061058,-0.47979608504329735,-0.796924500758701,-0.713204113284774,-0.7924978359914369,-0.6976313364949535,-1.024649644011999,-1.2387746987380304,-1.3359801442014896,-0.6162928831207747,-0.42052583804558696,-0.9658342265572619,-0.9013596133485485,0.29053050074649683,-0.02664226242074276,0.34955676375237255,-0.6773964545129365,-0.46852152347504017,1.1578597875640102,-0.35779604795836323,1.9650098220877925,-0.058727339987010824,1.8889729033242024,-0.2926376013255374,1.6328597519937842,0.7645193800158481,-1.0407832228408094,0.11525720511602647,0.2684716112975035,-0.38150284899291687,-0.0670685713485619,-1.0886147739306948,-0.03377769091943676,-0.4931808904529166,0.10521298230815784,-0.384578652814905,-1.384329959761181,-1.1068518140589994,-1.0177875952789854,-0.8429075263076504,-0.6093701400322667,-1.2881640377893189,0.49331776324895676,-0.551405675498613,0.27068682388694026,-0.6073602134135391,-0.47026883232265093,-0.5044956501583021,-0.6176472734744413,-0.8451197484431742,-0.3119338147682977,-0.7994417997676709,0.3650916872037657,-0.8854579328623094,-0.27015259924113266,-0.3494620968189025,-0.13431027628875603,-0.20369137541565488,-0.6897640477114223,0.294533656854525,-0.05935648370670623,-1.0397918591981299,-0.2897857780249116,-0.7556267546636957,-1.4889523740392547,-0.5491242546742829,0.08508719040073558,-1.1013639658346595,-0.9722053945709226,-1.6784688721736014,-1.0631322130847507,-1.306410033794159,-0.09339295107974709,0.08829421570052506,0.7712547797022694,0.6573647655454201,-0.3512834527827228,0.36594057723075557,-0.1792623849803429,-0.5112417003963122,-0.43260250328826644,0.011524350517835852,-0.10271375806329726,0.7435255109395014,0.6650274097591289,0.10157307108197672,0.8440337903376147,0.49265398029274377,-0.8917854295692716,0.9379934519567742,-1.171324964640564,-0.5326240402653638,-1.963305922741187,-0.12737569662485015,0.2120881271953877,-0.037571299975453026,1.0816367647536484,-0.8928943367030583,-0.6498864088105021,-0.39889350988457745,0.11534762228979058,-0.5691592716782727,-0.5178424882490732,-0.9068474687327008,-0.5313800257776634,-0.7826760184670442,0.01971893072332095,-0.09664227708258608
Y2C-005,2nd Year,3,2,Neutral,Low,Neutral-Low,-1.0252823398630264,0.5013071917732282,1.2718520860955003,1.1387153423353398,-0.2222513459854351,1.1280891022723873,0.9554300311869633,1.1204361162312568,-0.3476142411409704,-0.917185666166923,0.05539811040447165,-1.0430836638633854,-0.38023318245529353,-1.1734617137227037,-1.0369691168428392,0.7252787604114235,-1.3835785115376389,0.010669955646249701,-2.0110545025575064,0.29053050074649683,0.6587853013600925,-0.7384107755037482,-0.49468101905819667,-0.31306862330299856,0.0011753567325827865,-0.3999156123639291,-0.2585660154547783,-0.742016551083113,0.021596101143298352,-0.07033537721536216,-0.716072120719552,-0.6597438301466432,0.5708470542822092,-3.91992066765284,-2.24384432414051,-0.6191424245915025,-0.041371175902368405,-2.2016382850442704,-1.4785784747578445,-2.630662711268018,0.8252212360410535,-1.8136569900935298,-0.0659469128033709,-0.37278616021182576,0.8420384531105527,-0.9546406456558776,0.2907536051995488,-0.8238299229384154,-0.47690388848846305,-1.0304464231614006,1.3541290390439165,-0.8673196924867244,-1.261849993435232,-0.47264571245792164,-0.5475245413847648,-0.8710756493952009,0.2793488956743404,-0.5379242167555593,0.6797769809322872,-0.7212770632970957,-0.647050078074627,-1.116370869069334,0.31047457125403116,-0.8497289412482005,-0.8217460147275248,-0.9370748764049405,1.009640757107493,-0.18769694308268395,-1.2930399342860495,-0.48074320272304555,-0.06597340292668834,0.3994728768562076,-1.6746328633569785,-0.7622897540158758,1.261680384800934,-1.3462453822502705,1.513010414814497,-0.7132471159658837,0.21282942714279893,-0.6378459865853746,-1.6290499466427173,-0.3784636418931997,1.9853035041447333,-0.3667833817770232,-0.8462769792296382,0.4675655962627586,0.08979903759919358,0.9502701215224465,2.245093600760357,-0.29404813510549294,-2.1027376575563106,0.00618757561349324,-0.8256152081304327,-0.11989104338092829,-0.5154039945471224,-0.3553106923827127,-1.0038400218115096,-0.1609080361143277,-0.36175636425930674,0.21601149736384573,-0.01790226511228592,-0.8307905594236581,-0.11406761310611976,-1.0486421561258998,-0.2980599625634564,-1.0317423577442133,0.49559352944751256,-0.737642842584512,-0.07296400486872284,-1.2607366073833464,0.265370949347857,-0.6558494439672969,-2.0302087172509635,-0.6333359665928565
Y2C-006,2nd Year,4,4,Positive,High,Positive-High,0.5789345190202329,-1.4830337756624667,-1.516070989501378,-0.36509391415479725,-0.2222513459854351,-0.28429490846437305,-0.2976175544956401,-0.3225499737992437,-0.27234363600837513,-0.3040669063548269,0.17860497662790428,-0.024194069811057473,-0.6702706177951631,-1.0198031012872146,-1.0009075797907128,-0.815113253479561,-0.7511185597227263,-0.44410880590956725,0.05867542965882972,0.29053050074649683,-2.8752331338402453,0.21208912835878743,-0.36519312915704216,-0.225203940597062,0.05159317803380097,-0.952223815042118,-0.3981952841943231,-1.1053231703827655,-0.09371457208195562,-1.146111600288921,0.20853583446058416,-0.5426898054348511,0.009871261825406642,0.29900314724374805,0.9189166532958744,-1.0137753699742051,0.5362271029359189,0.897773736720458,1.6279623494695674,1.3105728403288817,0.42748566796619414,1.011375169937188,0.20705990427429846,-1.2924843296627566,-0.032457142894070194,-1.2057753785105403,-0.23650936015494053,-1.1938484843373784,-1.009298527936825,-0.44522699384445846,-0.6309117566247237,0.19069211776915243,-0.41242663504096105,-0.1622467016136049,-0.6497474995213993,-1.028613424185672,0.28619342620095534,-1.144287444110786,1.0254080766712548,-1.4785755559288518,-1.3916358114549685,-0.7819022785867844,-0.2501851295778518,-0.4093803104992949,0.04246424906734795,-0.5106885619402814,0.07802788362740583,-0.6270070294132049,0.12803127534110975,-0.8006841080319353,-0.08911184310224814,-1.3656843837881936,0.0010585724052313366,-0.7823953779260061,-0.5589516865404447,-0.6823774369959774,-0.8405648450435775,-0.7119898626259054,-0.0921985322083517,-0.38061988986329676,0.8109880448492007,-0.7665234287660398,-0.48056859370190563,-0.5429210035600169,-0.4416581662907334,0.008783796387619586,0.8724879472080879,0.7582965467624332,-1.2939460141003463,0.28057400175494934,-0.6151907801084872,-1.0064124288026544,-0.5037370825204445,-1.3673623801588117,-0.9137932389309953,-0.7708010225241104,-1.2040780176535344,-0.7830612974905241,-0.7252751550355105,-0.35630440541384856,0.3576012396316657,-0.5897035517579742,-0.23650795883208894,-0.10710327300288923,0.49304347309383256,-0.045100245358269085,0.32693021643548387,-0.8342763692973468,-0.6531242275492232,-0.9011287597818967,0.3227728775761942,-0.9106762903571596,-0.5985668107996598,-1.2453688698551686
Y2C-007,2nd Year,4,4,Positive,High,Positive-High,0.8843018649610845,0.5013071917732282,-0.044667144047470034,0.5097843323334407,-0.732009168569471,0.5710570206074076,0.2768242015185883,0.5205952197899985,-0.7158161352716127,-1.127090598631435,0.3802412571359272,-1.1348396804038692,0.2673610895153515,1.0404394094252465,0.8738714589016053,-0.07571639862304165,-0.5603738571925022,0.2686764761691447,0.6797838154324116,0.29053050074649683,-0.3997958497081828,-0.38280553521188676,-0.7021703957182581,-0.41445094950215616,-0.5572259021340153,-0.33005136230180626,-0.5177396237894676,0.548945432690443,-0.7071631465347793,0.21036093459012445,-0.3724599397465228,-0.3216727784311923,-0.22150018469474345,0.17181352473539463,-0.18202609824450564,1.272957454049989,0.4209290492286598,-0.4569971298505639,0.8443799952261526,-0.5425515678525831,1.7657642288630055,-1.0948417481168329,1.1473232325667657,-0.4698252504679917,-0.3946285260732202,-0.12878282699737773,0.09004275581994188,-0.23085528224562307,-0.5001870809074173,-0.007044000155034194,0.12154928025882335,0.11710838570505787,-1.2812098753089585,-0.3124001288804743,-1.6916346582339867,-1.407864494031934,-0.11266315580014823,-1.391996596703643,-0.292844440526771,-1.7701697581749694,-1.0731079428420514,-0.9333559333017868,0.2275185412139737,-0.734294211561555,-0.2825216681425581,-0.9988825359524816,-1.6359562937372607,-0.9307392188258777,-0.43578017158802734,-0.5049540705704111,-1.1569208764003567,-0.6474803105597465,-0.15233560130116472,-1.181040409807463,0.18055724059919148,-0.8424129539325192,-0.7449111578036152,-0.7248813063291877,-1.3419406021264593,-0.178368329966715,-0.9013638605984272,-0.011489607987866855,-0.6575423326124417,-0.4094205109755738,-0.6059954784127686,-0.08848547561589393,0.7387167767720233,0.980078506725493,0.8720731503038727,-0.3922224902667634,-0.24523780827151107,-1.1745358146598046,0.609296151317881,-0.6011797562856409,-0.5900911620033458,-0.997206263642052,-1.0609772637913042,-1.106136860958632,-0.3099670824736873,-0.8765010077441535,-1.2217025488824425,-0.9978412224188931,0.38992229449827137,0.16806398432622252,-0.056551122846652965,0.440877435720113,0.11828354112763899,0.028818153618874576,-0.9695308846052029,-0.6791810640206335,-0.983082179350147,-1.0137723033485926,0.25569942965952047,-0.6755061960248421
Y4D-008,4th Year,3,4,Neutral,High,Neutral-High,-1.2993916110225312,-1.4830337756624667,-1.516070989501378,-0.36509391415479725,-0.2222513459854351,-0.28429490846437305,-0.2976175544956401,-0.3225499737992437,-0.27234363600837513,-0.3040669063548269,0.17860497662790428,-0.024194069811057473,1.3181840672457554,-0.3038360749972259,0.32061332144097726,2.7560223666703028,0.19991728704993517,1.4837355026674426,-1.824188883115043,0.29053050074649683,0.454342705960228,-0.8714057796979248,0.5007199065435912,-0.10354514915807289,-0.5041800177779444,1.2007865534320785,1.2052081679242244,1.9445448338185023,0.05537472998180411,2.147557286690883,-0.6611420370156103,-0.3387316076333751,-1.7628098528789302,0.03407835384793744,0.9783581210005304,0.3957472687802476,0.39413812998050063,0.06201061770229443,-0.5129007733026775,0.7021793070526527,-1.4539461810464216,0.5481747859411571,-0.2759846522257186,2.012704285560074,2.4320406379404593,1.3410130382156884,2.855939976709269,1.399488418317549,2.888817283309348,0.7499290794334261,1.5634346630228726,1.0361677239567229,-1.2783324678750847,1.8860893824386962,0.8995248325589675,-0.7527820825149987,-1.5296589481159277,-1.0738415510105248,0.30729555297391203,-0.01226403008018343,1.8284606927323428,-0.9987631493922935,0.20159329190806674,-1.3469279609225544,-0.18590628594374897,-0.4186828120814356,1.5513161317157385,-0.4589732865136804,1.1461275639078257,-0.8560518458291295,0.6140377203468919,0.22157749931674603,0.7760533967196068,-0.042173725559438026,1.913459866944004,-0.654756485406731,0.647502868353214,-0.2812046455911096,0.4521916299444198,2.1853363264904253,-0.6329696602774859,2.6931507570926154,-1.1240147639387368,2.9147537844646103,1.7075964143045221,0.0200640940199441,0.7464099813812335,0.007059432305192424,1.0536328200149438,1.729630264656954,0.6401140980876109,0.07996374041237639,1.915856104533165,-0.21695743844157314,-0.47070703648370127,-0.5656076817954774,-1.683313419284194,-1.1750686772758143,0.8672341275001585,-1.3772526699835157,0.6344891343513054,-1.2600809926366696,1.143997702237872,-0.48500517133659343,-1.8528526441414468,-1.377355330114713,-0.7889189096474976,-1.4331326718322852,0.09966856688920837,-0.5328372475946379,1.6816963638424272,-1.3068365006658635,-0.11235561925184992,-0.19046941561915542
Y4D-009,4th Year,3,2,Neutral,Low,Neutral-Low,-0.6825364569458783,-0.2297657962293962,0.004614324460555447,-1.1622265677324968,-1.2030924402480792,-1.0996969900265057,-1.3874801715980503,-1.1332824760196336,-0.7901370373092605,0.9935359659722879,-1.2273294668950019,-0.1690345379398952,0.39664665652761705,-0.1271195396380377,-0.0014528700260270139,-0.03729968601341156,-0.2661635438749904,0.6606612468686947,-0.036507911366906745,0.29053050074649683,0.6729154991275146,-0.7117274643709135,-0.6817897796106759,-0.7997037890589549,-1.1179318226705959,-0.31161892454359585,-0.46754538369097626,-0.007823541297432584,-1.0511131464602281,-0.22735029267565338,-0.6646267399412655,-0.316543142338869,-1.8395906574039609,0.5814788031338919,1.6781201660628258,-1.4898550830638913,0.26417270194687553,-0.26653519672802484,1.1504564186040473,0.4981557594075972,-1.1655108686727722,-0.3931245331765379,0.8540644755206053,0.6116086621132902,-1.0600625384430575,0.6296484528895007,-2.1543587443357675,0.2740007839069133,0.9340328244033055,-1.2046015425210175,0.20021064798225,-1.4005533459622626,-1.271520455532581,-1.0011081606020302,1.1166842084128383,1.3183347556195362,0.0733924999857406,1.658073094726385,-0.6878588435758661,1.1644362750339785,1.8725397661400363,2.626372222310853,-0.9151433138690555,2.9250521743412636,-1.753399511031089,2.321078932063037,-0.10229421222819768,1.0263726773988313,0.6660900742940263,1.5814184752027205,1.1098552688826169,2.259479821057502,1.182840631234516,0.49406284023116914,0.6309089479704812,0.7535000074480345,1.729987043422658,1.6841404568586278,0.6426235486839692,-0.11476969811995848,-0.5198340416594976,0.525184312764087,-1.0305773453803146,-0.37687792274972887,0.29249020800223036,-0.9761724257122785,0.4911594311723977,-1.3014044416816815,-0.3621835757964353,-0.42843983506268524,1.4337212243186905,0.5712729223020329,-0.3688052183388258,0.6129364217980444,0.33224862007963357,0.04653619102861947,0.7098341595278396,1.0753669414582425,-0.9545075264018779,1.1202058686711727,-2.0011341265842315,0.8024470162570717,1.9972194426425194,0.5887728430912128,0.23524094241762192,0.6500004258306468,-1.945257994634036,1.9953084924026807,-1.2512262406028998,1.7490539259075717,-2.2391866592771827,2.2670847829120855,0.3589521524915397,1.8371571549840393
Y4D-010,4th Year,2,4,Negative,High,Negative-High,-1.238624164944108,-0.02088779965721777,0.7798656609901686,-0.373789075012956,-0.6677837226575069,-0.28429490846437305,-0.44986947465541854,-0.3225499737992437,-0.405911268075574,-0.5234074796619994,1.0356591456046207,-0.547132107168682,0.39598996532554065,0.9103136470803291,0.5416563388989918,-0.36481146680069115,1.526062336628385,0.3566767076201103,0.8422048740227605,0.29053050074649683,2.1318125413483515,-0.39276846737298726,-0.6541134339684362,-0.6374920671403028,-0.2174880739328302,-1.0948530397799214,-0.45282211777034564,-0.9133073358824054,-0.13299841992732744,-1.495470532665228,-0.4599270943525308,-0.36669792398017614,1.0784763566567663,0.7035039726473578,-0.6899611070304739,1.2848581615714405,0.1960124776243511,-0.22262463099516905,1.0987935632018107,-0.12121100418319634,-1.1518533464999992,1.2373446879378527,0.08992355364226859,-1.1141067500178472,-0.7200506973352809,-1.3319822969466413,-0.755740190559593,-0.6101738250132193,-0.6693741954139322,-0.8080108610555738,0.24288505842454586,-0.5776893959097545,0.33062845959147613,-0.29331327620038766,0.49615754196210765,-0.7278269824605623,1.3712841166248573,-0.2362700514689629,-0.8322486823646429,-1.3768673445684216,-0.6234140092826673,0.8009387900340542,1.1411076901258899,0.6029627371866323,1.8089140935171122,2.2655188383244655,-0.0667440344060662,0.1292033180110126,-1.2651557297367755,0.06279117049413152,0.4005250278415036,0.8036241441466856,1.5157875885072216,-1.1964497285721682,-0.22465506537573937,-1.2513975871413896,-1.2668343951480423,-1.5379954814102053,-1.2248961065106911,0.7791459518803202,-1.6592369794040391,-0.10592294077976752,1.6053987774007399,0.9477316298394904,-1.110299680121791,-2.3198547801688787,-0.35717781806653376,-2.415872645615544,-0.4372164388760428,-2.3345182512728218,0.24914529188294932,-0.25843214979194806,0.29067178592138687,-0.16635417420227172,1.6114073873911805,0.2205964938410128,0.20694611514552574,-0.48737726647895296,2.4818795135502323,-1.0027003493103628,-0.16382524777755733,-0.5819790373791492,0.17447966273615625,-0.21323324417018885,-0.6668635545947275,-0.31724135589255703,-0.20271721351818325,-0.18017058286049042,-0.988547020833297,1.3020151311329446,-1.3838818708401663,1.4643950046922087,3.048401368589355,-0.12602556202074322
Y4D-011,4th Year,3,3,Neutral,Moderate,Neutral-Moderate,0.3590350558731339,0.6057461900593175,0.22638093274667087,-0.54002062836049,0.5301947117017141,-0.6355960584175213,-0.5573292388071788,-0.623394321079505,0.25153245090869353,2.5153322936985436,0.32166687607001904,1.0905834141356359,-0.9161257184630173,-0.8963020581354119,-0.7811716122472513,-0.3268067271017648,-0.6217015858082438,-0.8231147306743051,-0.48893216474699513,0.29053050074649683,0.18430491355285022,-0.004969143663242824,1.6181495400628618,1.619954396227606,-0.3924467035391444,1.7236488028276356,-0.06927692387530766,1.2193035603021336,-0.2353494090425273,1.222960345667519,-0.04949151737701367,1.0523963487668788,-0.916440560351381,0.17204530226863482,1.7085694693716076,-1.367680035100404,-1.2593513968918026,-0.9786477716531677,-0.3249367618373944,-0.6525704498606006,0.603722310704639,-0.1849057178898565,0.24573858338459864,1.5216599260591608,-0.07606433213514262,2.5235064721829796,-0.8340111834481043,2.5235264082208846,0.887797124226342,0.6572168023818684,0.510541581133126,0.6870359926821834,0.014626044743861472,0.5586551199434197,1.1786371771437114,1.0867122950607362,0.42236820110130313,0.4602183867281411,0.01494653148251294,0.21999035845590206,1.5047284855141865,-0.3587690811255057,0.7030628793987307,-0.11566015771414194,0.501943012936584,-0.6830930752021692,1.7228904919787498,-1.330044221834857,-0.5888670441695012,-1.3870632686506332,0.1525463929232228,-1.245205653812772,1.412890906315316,0.7642482989454882,0.6324014269623371,0.8579930128565283,-0.6322597145615131,0.14479888200752397,0.19576696693696713,-0.44996170836005733,-0.22385240540839318,0.013717671817749475,1.7206649772862979,-0.0046716594359438425,-0.607566747084198,0.4110703187784183,-0.8982414293538733,0.7231607755899612,1.0774630582602533,-0.7327836009674384,2.4269750831859653,-0.6156537076794771,-0.35681174640117935,-0.22480987188806242,-1.163867223833168,-0.07504604128433767,0.8782312493649677,-1.1399541560748623,-0.4275702281981042,-0.9297072150201896,0.7280527491160089,-0.77831968766632,1.0660305373094452,-1.1370285859496005,0.40193858019518597,-0.9540396857849509,-0.037118895288421015,-0.6950378781548876,1.052108941943121,-0.537890643036182,-0.42190205620288795,-0.3807714377960442,-0.1606305044341888,-0.9525275953344897
Y4D-012,4th Year,4,4,Positive,High,Positive-High,-0.41695211527219533,0.08355119862887145,0.15668285585674885,-0.8859141589129041,0.02077659543375232,-0.9341499529959207,-0.8971865064509379,-0.8784648887596403,0.12040615675370446,1.952669606640885,1.3410558543539541,1.1080561537725793,-1.2563889642143724,-1.132145955425699,-1.288143552990083,-0.7921370516503303,-0.5806866907482913,-1.452663847393833,-0.4698856296250524,0.29053050074649683,0.18766421909875083,1.534177863227711,0.11298886600994086,0.25467240341228387,0.7559572120477859,-0.5885940010126685,0.09130576150705771,-0.5102977287995711,0.4798674704101996,-0.8494383691273795,0.6520579400861708,-0.40394521781178166,-0.921745379565655,-0.513997950397175,1.9622843441129327,-2.7035558761465044,-0.3477064305530349,0.6724588739143311,0.8456258294069424,1.1844023241920116,-0.6766233427162354,-0.07037376701176565,-0.6544826035883247,-0.8599108152887823,-0.48790713302091054,-0.37111533969255595,1.088669960523234,-0.5764307441330184,-1.0567736364304363,0.8145318386014434,-0.02305887066702905,0.721040320167189,1.3242414697269609,-0.963683867597283,0.13081390979468888,-0.27273806481368107,0.5710441143536686,0.030140771814955093,2.2622970861807383,0.3294163740752891,0.3479110127119069,0.006065294459532252,0.1889884664901849,-0.11599808899486275,-0.6010653223525909,1.110185177420875,1.2581544621223237,1.0726073904075455,0.8613933949045164,1.2728490430982708,-1.1911333728414895,0.9503706894150442,0.17602328186191404,1.2417804737599891,-0.1074953585903555,1.3830133592455132,0.4636188191967521,0.6775158047978475,1.7369338275917405,-1.3638230220171035,0.8091511510774528,-1.0340442076774923,0.7132608393583776,-0.771353143597887,0.7664541420796084,0.30580434987222294,-0.4693303225893065,0.6221684755894056,-0.5077394342842177,0.5779210988522189,-0.46976261264593994,-0.6211844554091054,-0.4577054843719423,-0.43548261263152105,-0.143251033405149,-1.8160618535848512,0.27569512517010086,0.22930918982976511,0.1156928185880505,0.6633434922640563,-0.15485697418798997,0.6292765576301262,-0.035350636460856406,-0.005354825768352411,2.1743087377725825,-1.0262625849158773,-0.9541780064116652,-0.6125945350581262,1.1194988805316584,-0.6243119592715182,0.0022258503281807995,-0.6495721148478418,0.03170794878153967,0.1765833000391581
Y4D-013,4th Year,5,4,Positive,High,Positive-High,-0.4621998179277115,0.08355119862887145,0.22638093274667087,-0.3938027975095193,1.0958646966059553,-0.419645060328677,-0.3623407177674078,-0.5180949328171162,0.20526670766847746,0.4073128141422458,-2.3976097144487802,1.3923536072973721,-1.224259925026751,-0.9763748396326899,-1.2422368493916427,-1.0403233410726775,-0.3365839070106258,-1.4730525878614822,0.20656068185440604,0.29053050074649683,-0.38452834168021227,-0.5347662862056793,-1.034358346882535,-0.907844937004723,-0.6364603682514233,-0.7634989446552567,-0.08755661198288925,-0.3300077281182139,-0.31513979477665016,-0.7141547775981334,-0.3900917486283319,-0.6470331058238994,-0.6137969917594919,-0.5642117976704786,0.10745575323638847,-0.003853077458456968,-1.250573819576024,-0.4415550218519233,1.7958894406907873,-0.14314633953657602,0.430836716415678,-1.2286294917952822,0.8306568538460052,-0.6155080625949769,-0.5726557111060178,-0.8045863737978972,-0.7787325268120857,0.04793164787518963,0.47766092067332605,-0.728387279648131,0.01158365994266946,-0.635894722290444,0.13634600512664788,-0.6222280340179619,-0.4047140289868671,-1.0557240161338375,-1.1664404324025945,-1.2987114670970827,0.5154275577041197,-1.1678410940523012,-0.9618733350086431,-0.7743692040389573,-0.3317479346797617,-0.5136281811681676,0.30382022581691787,-0.9601228732525606,-0.2026051316976347,-1.2227636122293017,0.9323182492507828,-1.3695266441135434,-0.6457307087315087,-1.4037601749814317,0.67407111002819,-1.326858406772648,-0.06000420192157151,-1.4549076592867645,-0.5895468819947981,-1.1178495444256882,-0.08021948035676701,-1.012344216398456,-0.6743115613513632,-1.1932649094406438,0.808780145316145,-1.3654126428800208,-1.3075811137972166,0.2008655473567027,-0.7846210345481621,0.5094103675280979,-0.3865750316393727,1.371839340629844,0.6778601379663104,-0.49640198437766386,-0.9940307920295222,-0.9177143885973871,-0.491346277994017,-0.5790743007093594,0.3851276998173193,-0.25117227696286615,0.029154989926243675,0.03894265359984088,-0.7712740658613502,-0.7415881463474872,0.5249732225006728,-1.1735007271900826,0.6614033590888726,-1.1625549988444766,-0.438457629652243,-0.5704173637675023,1.0274430770136613,-0.3070590859498128,0.6706915424802145,-0.14475472575818243,0.16281651749954026,-0.9292929947889569
Y4D-014,4th Year,4,5,Positive,High,Positive-High,0.32471674999431227,-1.4830337756624667,-1.516070989501378,-0.36509391415479725,-0.2222513459854351,-0.28429490846437305,-0.2976175544956401,-0.3225499737992437,-0.27234363600837513,-0.3040669063548269,0.17860497662790428,-0.024194069811057473,-0.3932367178670838,-1.113729709059193,-0.8543515722961411,0.46829550076678805,-0.9858067459124187,-0.010892646206706214,-1.5144462925019162,0.29053050074649683,-0.2714861569304025,1.3206587781207226,0.36926611792989283,0.48447234279704104,0.32971602207084083,-0.11009916173658901,-0.7774012159742314,-0.9155312230153324,-0.2639649363741202,-0.18743447152045062,-0.2854186670866321,-0.5663300650301032,0.2740512668943708,-0.08341046013088826,-0.005533561332789809,0.3603976872327806,0.5100930429889405,-0.31100990277922796,0.08859300322907859,-0.4202244224400232,0.3917324675359108,0.26258678147455783,0.04613627706243914,-0.09836087791109728,0.23428136990060114,0.3533186522534942,-0.09197788014859058,-0.01767687691855289,-1.0381587818524598,0.6782515409276926,-0.8636024344639512,0.9868870291294082,0.2877955614256912,1.0995133763738008,0.6178690058500648,1.998517655548521,-1.2862588581609031,1.8209250692575452,-0.5547199188070402,1.8232556831435833,-0.6909495073914452,0.2507206405135849,-0.7720883910657361,0.824960012019223,0.5487700525022174,0.28409637647395997,1.1088057309226809,-0.6017909189399353,0.028152327737045825,-0.3600772114638207,-1.4295994428805157,-0.18558519806911075,0.09980544105283312,-0.7785329206735434,-0.49579635529833105,-0.7309433421093713,-0.7220442609027299,0.2509968552650395,2.0399378457205444,0.4616388128620978,-0.7674726405449737,0.0911661979257383,-1.1982390946515045,0.4879109277158545,0.12305927240288524,1.6726044325312786,1.433743359755144,1.8764377601837543,0.27069629142099866,1.0550627283500884,0.6290618627911874,-0.7640747216509757,0.5429934303704739,-0.578068748737282,-0.49125136844816236,-0.06953964911981295,1.024456304486692,2.117136257469174,-1.9704438348265947,1.9935281051997613,-1.3449796887030994,1.2546872416683725,-1.695652080549717,1.0508081332141093,-1.1616966702880063,1.101027253503184,0.9678679375653382,2.4811217888687183,1.6922511744519197,1.1343996250438082,2.065257946677539,1.2360811591501368,-2.0098662316609848,2.4530940104074843
Y4D-015,4th Year,4,5,Positive,High,Positive-High,0.5159811935864709,0.9190631849175852,0.4270269116722039,1.5351793173570234,1.9825972584988254,1.1812830945620145,2.27420891326727,1.4585595236703348,3.168229408410476,0.8006221192894936,-0.7347614777816459,-0.024194069811057473,0.22994520698092302,0.9950170449077977,0.8906919051887142,-0.5040828953287521,0.574303575145885,0.21567385042807635,1.3016017486049598,0.29053050074649683,-0.9556086751305534,2.109672674998393,1.1147493189799709,1.5726426440013324,1.956084711561904,1.1489368148428192,0.640870542465622,1.0235616177530658,1.5333882707489563,0.8962844933888293,1.6297438908484712,2.427064671300777,1.0883771142572065,-0.39541724198110384,-0.8253549364780209,0.3860425980098231,0.49069313605406734,1.0943811220867423,-0.9790061070066812,0.8257221978763171,-1.2315596044400998,2.0444505196015363,-2.006128374262228,1.4729069083913182,1.106216395672012,0.2790069008164541,-0.8356206286682439,1.535692162747848,-0.8683602716933798,1.3641967116194846,-0.5920831696160718,1.754923786046387,2.9942587393876603,2.0152208054568845,-0.5645018318401703,0.584678824996538,1.1796287349819181,1.0512919482821412,-1.2675754625889781,0.9599782277123997,-0.5757639618734313,-0.4622173435477195,-1.244494594275064,-0.20299098366329413,1.3268260141398895,-0.2842245633260609,0.6353789974134281,2.384910606741047,0.6165117602143957,2.178963233722448,1.2823328314872375,0.49217823594404153,-2.1160023733816438,1.731453612294011,0.24687385661658745,1.2666636839392096,1.0660533517652022,-0.35462279446637157,1.0915559937518804,0.294759042672182,-0.18924428359149237,0.4420806835506054,-2.4477110657934573,-0.18947879344553997,1.8828885103017152,1.505299384537918,-0.18077855059453057,1.1571229365360916,-0.7749663322677699,0.39243630377471805,1.4367980722350402,0.13377444382264225,0.9972120494630544,0.4298665307980834,-0.7071711461408822,1.1852682800995717,-1.044600942746472,1.445915351354437,-1.0745886673146754,0.6575154668867232,0.21016545059198072,1.378631536329883,-0.9636059258966103,-0.24277798306502582,-0.7326987533203064,-0.014008622844939434,0.6936676847483259,-0.721443932517976,-0.252664199948238,0.5682225453405895,-0.9011292480651809,0.8668998642715171,0.6123120046559015,1.0862050738382456
Y4D-016,4th Year,3,4,Neutral,High,Neutral-High,-1.1686760255732616,-0.02088779965721777,0.6523136248517496,-0.06706298363507805,-0.4157523528329855,-0.11603045573347731,-0.3366755461650578,0.024251959727107947,-0.5494835800310017,-0.7127057217230159,-1.839514450248769,-0.4600575618084962,1.0038341118857177,1.7135939789577006,1.1787216794117057,0.16422440575093475,1.2557936454425835,0.8459052354084461,0.5918986071285572,0.29053050074649683,1.9026724246822149,1.2831564067511303,2.8636227995725076,2.3634247883547617,1.8000664507791744,2.895892857990573,1.3858838640394016,2.33784998312929,1.3338615103952283,2.2280052927962957,1.8874978270154117,2.5551376653417037,1.5560912243598426,0.3759645790796676,-0.235591617135535,0.30223086764788776,0.7019468686338158,-0.07336646633875732,-2.12133159535314,-0.3906699213870222,-0.6836891503603556,-1.1391839422683994,-1.387802121887449,2.154043634587737,3.3310967682143224,-0.012620180013599429,-0.6453827049403409,0.4059844724165282,0.6513515212294314,2.4332359871567304,-3.674236557623071,1.2009348899629455,0.6293563372585237,1.4143931284110909,0.5758809724671045,0.7309163261889197,0.6877143683802052,1.2560709672288373,-0.5317828856664861,0.9101139371310236,1.250634310579681,0.6078318222487653,-3.1367081966277057,-0.6049875099676885,-0.5948360529723742,-0.6814139979299225,-1.7155578343534752,0.13909771977426932,-0.8855707620277369,1.286061353550257,0.7131451721745496,0.28198086175511317,-0.9111981083122431,0.08388002920559844,-0.3204750614876271,1.0254959616866626,0.9210249158934084,-0.12758981950584855,-0.4440194968012417,0.9607840309578948,-1.1867745046528568,1.7019726209021058,-0.376877208136869,0.6098912098311533,1.1840983331841985,-0.7576340466519883,-0.896404811758785,-0.6599297208680884,-0.2740242006161134,-0.8286809626484752,-0.44699313997618134,3.6507416182863315,-0.13958151547437855,4.0294093461238925,1.938612972657199,3.012027175306152,1.0020226914044328,-0.6555549575720607,0.3603149830433941,-0.299719583391072,0.47023418432523684,-0.21404854850197197,-0.2760053337453319,0.24922661702533302,-2.100704426273003,-0.13209375917700028,0.5602619895529563,-0.14044704288488957,0.2950136918147754,0.3003629766880436,-0.13219323221587373,0.513506411748189,-0.9559868719321264,0.33979560188695807
Y4D-017,4th Year,3,4,Neutral,High,Neutral-High,-1.4661742058348934,0.08355119862887145,1.2718520860955003,-0.4648422902516992,-0.3006497928105911,-0.5358176202405264,-0.6482703254338644,-0.5369150670976338,-0.27234363600837513,0.510586148969375,0.17860497662790428,0.0279019460010204,2.245917147251587,0.6080685301814659,1.3811953759234867,2.5990392059065694,0.8402810868195257,1.9922295312557432,-1.037766352338763,0.29053050074649683,-0.1105530029577494,-1.767861389900941,-0.9992328428795789,-1.2863389548149113,-1.6052357962821837,-0.6969786274674976,-0.9333361300306018,-0.9872471284532863,-0.8823890916763829,-0.5622454262468916,-1.334199628627231,-0.9673748940017104,0.15905501194124397,-0.9923919610856362,-0.00935513706496053,1.2449794072375746,0.6044771435586048,-0.7522692038906659,-0.6333786741978589,-0.6893567921982297,-2.575018924731699,1.3223464423398177,1.0023850243598347,-0.4643731252514707,0.21363893457531835,-0.6161538003124044,2.0200467506506325,0.17562284394003266,1.3023470451763204,-2.040882607939925,-0.04744015116137031,-2.0143228230531363,-0.7525373785797753,-1.7061272300300765,2.0195693282201037,0.4782095481102631,-2.3339580619030427,0.4402717175533312,-3.506310192610798,0.25913877744929753,0.4057147851233823,1.0665231025866309,1.1993868615717236,1.7364702239661833,3.338799681834224,1.2778560659356326,0.061910885846173526,-0.17656389020403218,-2.1649095724010703,-0.7423632297622615,2.782884391387624,0.32217610274331976,0.8289951377450191,1.586539959698216,-2.714525278870872,1.3526572574510831,2.5812082769935873,0.19035224311465385,0.15794396188159737,0.08381070992092614,2.424493357260709,-1.158873719661416,0.2277966999885613,1.067486265664506,-0.22633801175819493,-0.07343825773114238,2.375506517995434,-0.7782036110948629,2.577397103833033,-0.9760509923973157,0.025701682095130716,1.0527834383466674,-1.3734503006842873,1.0254971883747617,3.139481314046374,1.5534345778454188,2.0481439237666614,-0.849214925767341,1.0902683750161009,-0.7094239152349477,0.17915527041546903,-0.9962057020091041,-1.9786420392613273,-0.5528104306934793,1.2248624933994272,-0.055836152458608596,3.30633305738223,0.18886754512686338,-1.2016368003981754,-0.8846709631784712,1.1929653493600263,-0.9176954547848979,1.171052311266678,-0.22025968337144683
Y4D-018,4th Year,3,4,Neutral,High,Neutral-High,-0.38525686461978015,0.9190631849175852,1.0488182400477501,-0.36509391415479725,0.4391757453743938,-0.42825824163388315,-0.2976175544956401,-0.32803001301660273,0.40835232187297965,1.3424154578632335,-1.065847399877791,0.7563765432208224,-0.6541513359051402,0.383995058986325,0.12442542836266203,-0.8850548445020311,1.3895599778961487,-0.9039446770558456,1.4676406766869698,-3.9463726351398956,0.13604016888383239,1.1891590925053388,2.1016484660105523,2.167418957703057,1.0651533279931784,1.5473532548717548,1.2542313172084654,0.8209350321446183,1.014771488252671,0.8549158569267457,1.7708519675368959,1.8821513982201172,-0.9793273439211473,0.4080212547444491,0.46513435664533215,-0.9515004682619732,-0.6014842492092245,0.53730197500548,0.5547663396385641,0.8816642048188726,-0.0036435730028454324,-0.648707472124667,-1.419267012263304,1.129450881946723,-0.29357589249240595,1.8637415740766694,0.2682220382097696,1.861800708672773,0.8364910281105302,0.8520755130840647,-0.7323045829315941,0.2245618029460846,0.02425634111118182,0.05434238443690742,0.6547154189287059,-0.2580997844462987,-1.041628634792609,-0.4179812713736498,0.11560338186232252,0.7750936652791006,0.5525582372104316,1.0796152870082367,0.31718825292580166,0.8476311762630986,0.18530301730021828,1.1834451853835786,-0.2624036243573457,-0.6252797420209987,-0.3221071851249059,-0.7865755447146078,0.031198104428409375,-0.857652650621545,0.2758530869558047,-0.3412318883904422,-0.06531877691587025,0.24251448030111972,-0.5521394367056118,0.0963582035839537,-0.07357533098051698,0.6365319795463087,0.35420043727850825,0.9043353191815495,-0.5158610792060176,1.539766998811849,-1.243539263549823,-1.0623385035577941,-0.5297756949535034,-0.7159354447941662,0.6359931452889526,-1.5080929958135982,-0.10697604658363494,0.45187449481640984,1.8868545489345487,-0.3573165212452893,0.7854132189173388,-0.5080248469789999,-1.3861548470719367,-0.44504920599386966,1.8596216070934712,-1.222828668328521,-0.5412099276345835,-0.962526717177199,-0.10951304283711971,-1.2010431501026446,0.6306875654039839,-0.9883643302931253,-0.22548732202572316,-0.8503254567000905,1.3476393052030673,-0.6006436735643866,-0.015089568289218347,-0.37721003425397603,0.763348285836253,-0.5199699719574773
Y4D-019,4th Year,3,4,Neutral,High,Neutral-High,0.26176342456055035,-1.4830337756624667,-1.516070989501378,-0.36509391415479725,-0.2222513459854351,-0.28429490846437305,-0.2976175544956401,-0.3225499737992437,-0.27234363600837513,-0.3040669063548269,0.17860497662790428,-0.024194069811057473,-0.3005214122652386,-0.43375357887424865,-0.5570563993882475,-0.38076348276512184,-0.34282093317132406,-0.07375188283235297,-0.13443028914816169,0.29053050074649683,0.8218080789082005,0.8731431709347435,0.1091317067738104,0.18032536419956832,1.5213951096793907,0.18158947121639574,1.9400556448882427,0.6197941312075095,1.7563821361802252,0.5011788298582198,1.3949417860142224,0.323451676188603,-0.04127061654716941,0.1636026626858993,0.02677371458103894,-0.23118082831309,0.7857107090843892,1.8713171416604548,0.8583062928724443,1.2901410653907266,-0.08278322370772907,1.009103631425354,-1.6401752576472557,0.36285269455148306,-0.22949998593212392,0.37666249682742364,0.6689528744902401,0.966493268668835,0.38844105864697115,1.401672964680523,0.16722331892775175,1.3620588645480245,-0.5272040785551961,2.043051326714926,-0.6988951469871864,-0.8089359955173167,-0.39901794248053224,-0.955080123787665,0.31610622183523385,-0.4675432885815726,-0.08949472418241003,0.22353492297366162,0.04600106305541495,-0.1755892577842965,-0.12981100021708084,-0.6216105439722565,0.4194815329495777,0.07913161921864241,-0.13933857433799093,0.41871378780996016,-0.43027174613772956,1.5813949297176377,-0.911452948715042,1.714318211091125,-1.086641837904534,0.7952198764071929,-0.7842624963205775,1.2086098222496837,-0.19236103943669278,-0.6412683959971351,-0.14539135418555027,-0.6429779267463459,0.7593280276129828,-1.0478534126778198,1.1544525932612355,1.7992555850602707,1.7308205160162868,0.18942814396538313,-0.8735832162337599,1.8519806847145295,-0.6619510169690791,-0.3505482936228363,0.5614950142203318,-0.04391982386195045,-1.534240216431714,0.47127697737941504,0.3207006783924377,-0.414852070362077,-0.3502642719111309,-0.42826787878989037,-0.32625225104107425,0.37476257854403167,0.4188578012533076,-0.5256238466380909,0.27157939057964475,-0.6173346684759295,-0.7474963380697617,-0.45488545721589624,0.4638778594131787,0.10315058380985012,1.011070570833929,-0.2300565570284495,-0.6176142494544714,0.6686857990359649
Y4D-020,4th Year,3,3,Neutral,Moderate,Neutral-Moderate,-0.7524845963167246,-0.9608387842320207,-0.8824521086839057,3.9471704288750877,-1.2027550524454866,4.066716973451206,3.498459759997488,3.958588123812701,-1.283475190020836,-0.9306386368493045,0.40725105376727705,-1.9380886184716581,-0.4741304409503826,0.4409443207297081,0.12039839860304152,-0.6132299385225095,1.2549507090122185,-0.5499914403423523,0.914846179550052,0.29053050074649683,0.09145160869820403,0.9251030785489862,0.9864344362788872,1.1738721609513125,1.1189666380804744,1.0043046140105545,0.9596787554591585,1.7143159832817618,1.2200784291344469,1.5270411216265856,0.9147093839459387,0.8025303524985317,-1.0620627850947173,-0.6145016798284657,-0.3011114586847178,1.2360091969189986,-0.0895122988889066,0.8603512330908207,-0.5749945872894434,1.1191768927071128,-0.5717447275614664,-1.1921002151907112,-0.666925687424821,0.8868435945071481,-0.1244492641878287,1.547908858817246,-0.464143728140286,0.11169452659619207,-0.19503660426811695,0.09760447597501468,1.0585274932293396,0.5310823632307459,0.34236155808300384,0.06642073696450165,-0.55352436054431,0.5012126827963941,1.047208787197678,0.7073323591413299,0.2882527708942991,1.7350074354496867,-0.4033382225095227,-0.34003239426225984,1.5264602337490687,-0.11924999289778215,0.5569808426978071,-0.08242223523406986,-1.475370742162816,0.5353907533220347,1.0818982782115627,1.0200172120832214,1.3814570498709957,0.26431920533848,-0.1928124814145152,0.7919901761478587,1.2396451422975516,0.9886463634411281,-0.43535799218128124,2.0134647538588166,-0.16158654431299338,-1.646157365283809,1.526299160451401,-1.2272213079260956,-0.7192689084076458,-1.3663846611389412,0.1568985910217083,-1.3624487453022134,-0.5876760314637939,-1.1864167398554366,-1.1219399032491566,-0.7289885377995928,-0.1502950109385351,-0.5101501224564232,0.07012391437697321,-0.36443825642873695,0.14535923876068602,-0.05302883987306139,0.2542492433014783,2.09208027663669,0.7505426167816771,2.465611770490821,-1.4880986365287285,2.954678882911562,0.7143133896304029,-0.3143608310321164,1.1689602548096019,0.009407883558603902,-0.5371303207344001,0.6477890043541917,-0.18169338488367384,-0.22226790572909136,1.2126317339146258,-0.1587745962490599,1.270522380371746,-0.012150896383639299
Y4D-021,4th Year,3,3,Neutral,Moderate,Neutral-Moderate,-0.7736876260635127,0.5013071917732282,1.0063356027053214,-0.4712263632301726,2.971192725339089,-0.5673204521273764,0.22789764431023027,-0.6627403762472011,2.245356104879028,1.500300171048752,2.344252946914393,2.9120841324649627,0.6931628137737258,0.01140343247255961,0.3507923562277804,1.2307241714086181,0.27127584194968685,0.9519071121094079,-0.9133179295667082,0.29053050074649683,0.13082638470344382,-0.6358064859649362,-0.7820876024298827,-0.9213625804979441,-0.8140359872099393,-1.1172958317842174,-1.6239088341351027,-1.0890485417683229,-1.1436954209473174,-1.3043112705778677,-0.979253559980323,-0.8836585163038078,1.005208798315214,-0.4455176723290633,-0.614167391889181,-0.1153050028249565,0.9359593066544752,0.22617006903467038,-0.3956553907565489,0.3268178598682398,0.686700378917651,0.04298109610816714,1.465510962841639,-1.2110568078924286,-1.0119836177795354,-1.2730264663505795,0.8390037091646646,-1.4441207310496813,-1.423867947815448,-0.17702997995073866,1.1177297305155063,-0.48349452272143434,0.6420328871506356,-0.3078928165006513,-0.6337439758468612,-1.1017380143614952,0.7089807081285942,-1.0928023148533796,0.4434031876297944,-0.5354711612604482,-0.8189893270003653,0.27905244446744343,-1.5011392989458696,-0.23014265468340747,0.09153506699706185,-0.43799062598680677,-0.4494420540193344,0.9711915427554568,-1.4231979185489672,1.2134297675137784,1.2239455862162194,1.6263597300097186,0.08206589781213848,-0.6981353655042328,1.5765989904310078,-1.0411818418717296,0.8774610062052229,-0.8024803805125437,-0.2580706665144308,-1.4270068783976741,-0.9706108305111858,-1.037965778180696,1.2480872632594282,-1.1009821878694888,0.07875019150495559,0.7182383897638203,-2.1677396326565943,-0.7107210010309859,0.8958398428860255,-0.19234523961838618,-0.12544382077144475,0.30400684902624175,-1.0904720880139025,0.06684704111257159,0.2565204592656983,0.9757531634176717,-0.7875250625529358,0.26841406561476955,-0.09071424102756703,0.45515277522945935,2.7527126123334713,0.5679940164362464,0.5638760431706984,1.2242729711887015,-1.4257239970275295,1.6254236514063445,-0.935998521519407,1.0954671092371662,-0.7141278364990957,2.5533726260952805,-1.5026851864128181,2.477995148783672,0.025386853492444673,2.3138976056777443
Y4D-022,4th Year,4,4,Positive,High,Positive-High,1.227047747878233,1.4412581763480312,0.4855148083630474,0.0007710496171194716,0.41476032792600576,-0.09512628535248586,0.3433925314440783,-0.006987958631627137,1.281323765104465,-0.3040669063548269,0.6007162334761058,0.14256478950216345,0.38132941410086685,1.184105743873626,1.063143771818747,0.2925995565579434,-0.5595391273755066,0.37527400174746145,0.3845172976736535,0.29053050074649683,-0.30847444227542437,-1.1735461839231263,-0.9016326729668289,-1.0159860849504911,-0.7928046358654789,-0.640421442448848,-0.315999484564528,-0.916695908898544,-0.7808845802835229,-0.4885284340925743,-1.0562318564285624,-0.9026000629742681,1.6102168943139539,0.10255581164173987,-1.5727370684225888,0.027885406867421688,-0.2684847287106264,1.0870576121193893,-0.0313123620673107,0.06917831200683941,1.0516539694424503,0.25930166681296085,0.4086438973071655,-0.07548905431985853,-0.5084085347222967,-0.3181434456341746,0.5330464243241544,-0.5200002925514391,0.19223343694484593,-1.2664737341149217,-0.17618698009120792,-1.0561214161498016,0.3275384261028846,-1.0950416763767739,-0.6263337999651367,-0.3767734392596343,1.0106943510183177,-0.561704897341429,-0.5448156679660947,-0.5955948201265336,-0.5243578194177873,-0.48526286419681475,0.6926462967970036,-0.23993623184222532,-0.6542294840627486,-0.4309772186934651,-0.25306032819941215,-0.8279432473023607,-0.012126475382974814,-0.5443559581285713,-0.34581209331768453,-1.081497132063104,0.24019842571707306,0.09649731267587087,-0.5002024595559872,0.28779268560728455,0.49536598983150676,-0.42668108285735196,-2.6840949352940187,1.5729913906902813,0.14235349806750872,0.9503885343352363,-0.32908103464913835,-0.22938087983710234,-0.4369210564577433,0.8631913714801848,-0.7940417630835068,1.0049279411054914,-1.3951992374355724,0.343209979060317,-0.8785272885721188,-1.2246392055424085,0.09610240748310428,-1.1020329846102455,-0.11039009068698089,-0.8010311415387857,-1.4444720553243677,0.5018924293309474,0.13166586203028668,-0.07385799672035075,1.283750836554835,0.09208039914496388,-0.2381245532516519,0.6305058884564462,0.331852060985367,0.8266539453935182,1.8039285990115992,0.2955032556900985,-2.001025225074095,1.6855643076383153,-0.5667884257032084,0.6556290298774733,-0.2980382959537476,0.16901788293345366
Y4D-023,4th Year,3,4,Neutral,High,Neutral-High,1.0381877715769472,-1.4830337756624667,-1.516070989501378,-0.36509391415479725,-0.2222513459854351,-0.28429490846437305,-0.2976175544956401,-0.3225499737992437,-0.27234363600837513,-0.3040669063548269,0.17860497662790428,-0.024194069811057473,-0.7725557487481846,-0.5799853762993796,-0.7648268483821343,-0.9106141713792708,-0.9222301121401434,-0.7655375890507741,0.601767458613565,0.29053050074649683,-1.3718072366288376,0.27519927006220607,-0.22056532568199178,-0.2319627623436725,0.34059264491873537,0.15855801644590348,0.9107247793948703,0.348266848079924,0.9981372572842343,0.6579549818318757,0.21026198974883223,-0.08373255032079939,0.5012592012742553,-0.15909275902406572,1.120654081710017,-0.8003117842489651,-0.3681617824898053,0.9410080515788561,-0.4954517508897007,-0.31569689413266294,0.4072755911223156,0.7440052959800674,-0.26868876103194167,-0.4512188758266351,0.2290931446539587,-0.14810189785219366,-0.7542122167387242,0.5065012321482778,0.5240527349142179,0.21602703678626575,-1.228851706713563,-1.160107743643174,0.6075104080946137,-0.5302237262568597,-0.08099147734449604,-0.20571909864823076,0.595854150607597,-0.17800295459174062,-0.2980097492082971,0.10736918201782478,1.14322542357028,-0.5783453281769646,-0.7231288618750883,-0.8739959317867275,-0.35284229406512974,-0.9836628143353782,1.0380945561300443,0.007731172269808183,1.0353103943837765,-0.768627254362832,-0.06180035106858313,-0.6161806357137082,-1.7671036783904268,0.8257091165663798,-0.8739768826806943,-0.033221866772621435,-0.25938189060428457,1.123659528693619,1.6005523436459013,-0.015321445402628024,-0.32232029705636756,0.06949010799981589,0.45453300519357726,0.7511891534356132,2.204920828840732,1.6374029854333216,0.6672173930803069,1.3884825388558197,-1.2482829855245432,1.3575683750544503,0.7681063985747859,-0.5655366244063844,-1.3022697859392762,-0.16831430128884362,-0.3215413465029945,-0.4619698470182056,0.930190318354705,0.20786855721632444,-0.535787384685953,-0.35455487499816485,0.3754226281366548,0.6174723390909348,-0.6818532668329935,2.5827022566627154,-0.9417253636166287,2.0065565200448927,-0.663248074978156,1.7023561310756885,1.8056531944373397,0.38436516164433726,-0.7240182779665294,0.2409599596734428,-0.3751177997780143,-0.12619465889377243
Y4D-024,4th Year,3,3,Neutral,Moderate,Neutral-Moderate,-0.3118113182803912,0.5013071917732282,0.5212574118963406,0.1336849633582896,1.451166447004744,-0.020030290637613173,0.36027632650949243,0.18753179862444283,1.1238882782011559,0.3303645934731208,0.7447867387724656,0.9213000393863947,-0.816132503694588,0.06249862309785639,-0.19581795189169882,-0.8585581360410364,1.0703766470024014,-1.0475331790913174,1.1172176103693103,0.29053050074649683,0.6342507788683992,-0.8140154452014421,-0.05017735750865236,-0.43472741474198767,-0.6910425515371663,0.061262507737767646,-1.0546606907431642,-0.82852161490343,-0.7588094121554009,-0.27077011075790225,-1.1894293308585075,-0.8643942535400734,1.3891134419864037,0.11689660141805198,-1.3218569473877966,0.22198616688042982,-2.1202203528392958,1.4609898156432013,0.8489422280162411,1.5675213849520437,-0.6272171289240691,0.5958426299674197,0.4190695061814507,0.29379877412620825,-0.8011274590733845,0.9932807530439555,0.19379352293050994,-0.21651079391873707,-0.3418203388640348,0.4977826475579513,-0.2265915219426129,0.623255790466466,1.7637097926414351,0.3889760657925637,1.9771516192161689,2.0372086491647896,0.26619600184040687,1.9524556346980495,0.26040402815706243,1.2036683862996405,0.2783962118930331,2.182953322175929,0.07844445109394106,1.8993361928022028,-1.1853013972523911,1.0320124459348468,0.6344911397598605,-0.38233818664422414,-0.7648282026247414,-0.4634301750455495,-0.474288433333825,-0.829319121207797,-0.4035868664950716,1.1289592968648037,-1.6141267374685062,1.579826364033767,0.12894583815867972,2.412357536889314,0.9089601342318907,1.4685212020472174,-0.5613071439445214,1.3644493605056682,0.3717925771400789,0.7103003115274146,0.40983650012102896,-0.826933150143398,-1.1654952400373575,-0.5784637672901827,-0.27681922649654633,-0.427365525907019,-1.709237615745889,0.8329438936128979,-1.945024356933557,1.0033942601872856,0.6053782966906314,0.33824109979926814,1.2229535328951515,2.1283906242347057,-0.49606183123335035,2.116583514750505,1.7107200778879843,1.5843221669769187,-2.54253524568894,2.6972642052042954,0.9264164707758316,2.5989650045983725,0.33650748678357256,1.4629288670398741,1.2105302317760696,-0.17821597584242782,0.4771295276864122,-0.019320378712447607,0.07347812771935827,-0.32348538715562103
Y4D-025,4th Year,3,3,Neutral,Moderate,Neutral-Moderate,0.24930391223511822,0.7101851883454067,0.3725220617094103,-0.5338482705919758,-1.3631829624244405,-0.3935049846581257,-0.8381541777703104,-0.47979608504329735,-1.1865721213305036,-1.1725473972655596,0.12463575406624755,-1.2035159467466174,-1.3462073443465992,-1.0477649861513143,-1.3268926478710898,-1.0518982045325078,-1.1432852084166873,-1.773783275594015,0.08085325984614886,0.29053050074649683,-0.6933576898350875,-1.6879070956104392,-0.860214583809501,-1.1106095894030381,-1.9334392473185307,-0.6996963238864369,-1.3252657321873105,-0.2751454538183155,-1.7600184469346598,-0.37738435594802394,-1.1530751482252777,-0.7244603299619489,-0.5244218375169954,0.4738909639447994,0.23471924557974935,0.4349503194984129,-2.9113496420614253,0.2567080876346828,-1.959773742146889,0.013259379710283464,1.3363386608755856,0.3817450338476551,1.898914407584517,-0.8766376315018373,-0.3881268851636702,-0.7828599748590099,0.34375181200967986,-0.6747536140610814,0.9560251019016447,0.317786821621417,0.5874940926351867,0.8361218581265996,-1.147062269812675,0.25930168154835426,1.1413024813479016,1.2183068785724982,-1.8695536247544762,1.0321133826944913,0.3373066157834093,1.228081530811014,1.619365651013942,-1.4664119221277332,1.1778884783782524,-1.1341563410347584,-0.7684492595221319,-1.297548431998771,0.611075934600691,2.5850731505252518,2.5916273242555556,1.5650057704130385,-1.1400646022889231,1.3099873607127812,0.837893179877142,0.49363380646051636,0.6118230122239547,0.7171234296459267,-0.9547779105715556,-0.10725086573082615,-0.23688411745153817,-1.0316509293000578,0.6023954794739337,-1.1353750591552565,-0.06350143433636117,-0.8414952818847539,0.1880026673976712,-0.6101173277089186,0.7139074602573949,-1.1307035195290427,0.08440978308706858,-0.9445271148491796,-0.01307917694152643,0.04811445771285429,1.8526897709502492,-0.2978520907684675,0.10357416506544412,0.41557156681110413,1.0248282928092773,-0.7081874776322962,1.0757717849303792,-0.5377603447009623,-0.7492390530196937,-0.5730157535408413,0.6760027220705451,0.010453170979454118,0.26945568153966115,0.4951169052102309,0.03142072535423944,-0.15793750797063907,-0.5738856119886688,0.08418718351381142,0.654066024118783,-0.0236150248758305,0.8073088764609977,-0.20041622283741145
