participant_code,audio_filename,voiced_frames,f0_min_hz,f0_max_hz,f0_mean_hz,frames_near_lower_bound,frames_near_upper_bound,pct_frames_near_lower_bound,pct_frames_near_upper_bound,near_bound_flag,stored_f0_max_hz,recomputed_matches_stored
Y2C-001,Y2C-001_Y2_PM_Nalipay.wav,16,234.3251202788159,263.0210544784999,248.2830207838149,0,0,0.0,0.0,False,263.0210544784999,True
Y2C-002,Y2C-002_Y2_PM_Kakulba.wav,0,,,,0,0,0.0,0.0,False,,True
Y2C-003,Y2C-003_Y2_PM_Kapoy.wav,33,137.7302022667084,194.7799199939686,160.60208120702728,0,0,0.0,0.0,False,194.77991999396855,True
Y2C-004,Y2C-004_Y2_PM_Proud.wav,25,114.4865635674993,145.9200662802185,135.11555757471345,0,0,0.0,0.0,False,145.9200662802185,True
Y2C-005,Y2C-005_Y2_PM_Nalingaw.wav,19,245.40732129724032,290.159257083858,267.8045897970556,0,0,0.0,0.0,False,290.159257083858,True
Y2C-006,Y2C-006_Y2_PM_Ambot.wav,0,,,,0,0,0.0,0.0,False,,True
Y2C-007,Y2C-007_Y2_PM_Salimuang.wav,19,200.48740730303228,234.3251202788159,217.3406632344721,0,0,0.0,0.0,False,234.3251202788159,True
Y4D-008,Y4D-008_Y4_PM_Lisod.wav,0,,,,0,0,0.0,0.0,False,,True
Y4D-009,Y4D-009_Y4_PM_Grabe.wav,12,65.75526361962497,97.3899599969843,83.18249019016342,1,0,0.08333333333333333,0.0,True,97.3899599969843,True
Y4D-010,Y4D-010_Y4_PM_Ambot.wav,14,131.51052723924994,174.53442536143424,146.4448370915608,0,0,0.0,0.0,False,174.53442536143424,True
Y4D-011,Y4D-011_Y4_PM_Lisod.wav,20,103.18106837793296,165.6928815515041,133.10681309988513,0,0,0.0,0.0,False,165.6928815515041,True
Y4D-012,Y4D-012_Y4_PM_Okay.wav,15,79.10522838858842,137.7302022667084,105.35313988822865,0,0,0.0,0.0,False,137.73020226670835,True
Y4D-013,Y4D-013_Y4_PM_Ambot.wav,15,120.59568520237023,181.73609144327253,144.83898365732253,0,0,0.0,0.0,False,181.73609144327253,True
Y4D-014,Y4D-014_Y4_PM_Sayon.wav,0,,,,0,0,0.0,0.0,False,,True
Y4D-015,Y4D-015_Y4_PM_Sayon.wav,23,249.6969657132611,398.66536961409616,299.6159150489998,0,0,0.0,0.0,False,398.66536961409616,True
Y4D-016,Y4D-016_Y4_PM_Sayon.wav,14,145.07962854192903,183.84776310850236,171.0558082536836,0,0,0.0,0.0,False,183.8477631085024,True
Y4D-017,Y4D-017_Y4_PM_Libog.wav,15,111.2273533387383,158.21045677717683,139.13894392677446,0,0,0.0,0.0,False,158.21045677717683,True
Y4D-018,Y4D-018_Y4_PM_Lisod.wav,23,119.9011051661721,187.0613654014066,147.1425160929423,0,0,0.0,0.0,False,187.0613654014066,True
Y4D-019,Y4D-019_Y4_PM_Lisod.wav,0,,,,0,0,0.0,0.0,False,,True
Y4D-020,Y4D-020_Y4_PM_Lisod.wav,5,482.3827408094809,499.3939314265223,493.14833813763744,0,3,0.0,0.6,True,499.3939314265223,True
Y4D-021,Y4D-021_Y4_PM_Grabe.wav,19,108.68691707750624,230.29955496661373,138.62670111344127,0,0,0.0,0.0,False,230.29955496661373,True
Y4D-022,Y4D-022_Y4_PM_Nadumduman.wav,28,146.76537262479707,239.8022103323442,176.49864954794958,0,0,0.0,0.0,False,239.8022103323442,True
Y4D-023,Y4D-023_Y4_PM_Sakto.wav,0,,,,0,0,0.0,0.0,False,,True
Y4D-024,Y4D-024_Y4_PM_Luya.wav,19,152.82122781686914,241.19137040474044,187.16334547725305,0,0,0.0,0.0,False,241.19137040474044,True
Y4D-025,Y4D-025_Y4_PM_Libog.wav,21,122.70366064862014,142.58724736030138,133.60206838893083,0,0,0.0,0.0,False,142.58724736030138,True
