participant_code,year_level,class_activity,subject,session,session_name,spoken_word,self_reported_feeling,valence_score,valence_label,arousal_score,arousal_label,affect_category,word_english,date_collected,video_filename,video_fps,video_width,video_height,video_frames,video_duration_sec,face_frames,face_detect_ratio,face_face_size_iod_px_mean,face_face_size_iod_px_std,face_face_size_iod_px_max,face_face_size_iod_px_min,face_ear_right_mean,face_ear_right_std,face_ear_right_max,face_ear_right_min,face_ear_left_mean,face_ear_left_std,face_ear_left_max,face_ear_left_min,face_ear_mean_mean,face_ear_mean_std,face_ear_mean_max,face_ear_mean_min,face_mar_mean,face_mar_std,face_mar_max,face_mar_min,face_mouth_open_iod_mean,face_mouth_open_iod_std,face_mouth_open_iod_max,face_mouth_open_iod_min,face_mouth_width_iod_mean,face_mouth_width_iod_std,face_mouth_width_iod_max,face_mouth_width_iod_min,face_smile_lift_iod_mean,face_smile_lift_iod_std,face_smile_lift_iod_max,face_smile_lift_iod_min,face_brow_raise_right_mean,face_brow_raise_right_std,face_brow_raise_right_max,face_brow_raise_right_min,face_brow_raise_left_mean,face_brow_raise_left_std,face_brow_raise_left_max,face_brow_raise_left_min,face_brow_raise_mean_mean,face_brow_raise_mean_std,face_brow_raise_mean_max,face_brow_raise_mean_min,face_brow_inner_dist_iod_mean,face_brow_inner_dist_iod_std,face_brow_inner_dist_iod_max,face_brow_inner_dist_iod_min,face_gaze_h_right_mean,face_gaze_h_right_std,face_gaze_h_right_max,face_gaze_h_right_min,face_gaze_h_left_mean,face_gaze_h_left_std,face_gaze_h_left_max,face_gaze_h_left_min,face_gaze_h_mean_mean,face_gaze_h_mean_std,face_gaze_h_mean_max,face_gaze_h_mean_min,face_gaze_v_mean_mean,face_gaze_v_mean_std,face_gaze_v_mean_max,face_gaze_v_mean_min,face_head_pitch_mean,face_head_pitch_std,face_head_pitch_max,face_head_pitch_min,face_head_yaw_mean,face_head_yaw_std,face_head_yaw_max,face_head_yaw_min,face_head_roll_mean,face_head_roll_std,face_head_roll_max,face_head_roll_min,face_eye_closed_ratio,face_blink_count,face_motion_mean,face_motion_max,face_mouth_motion_mean,face_brow_motion_mean,face_head_pitch_range,face_head_yaw_range,face_head_roll_range,face_mouth_width_iod_delta,face_smile_lift_iod_delta,face_mar_delta,face_brow_raise_mean_delta,valence_group,audio_rms_mean,audio_f0_mean,audio_voiced_duration_sec
Y2c-001,2nd Year,Quiz,Discrete Structure,PM,Afternoon,Nalipay,Nalipay,5,Very Pleasant,4,High,,,9/24/2026,Y2c-001.mp4,30.0,1280,720,58,1.93333,58,1.0,173.7749,6.05536,186.01099,167.54899,0.27068,0.01791,0.31586,0.24458,0.23814,0.02016,0.29104,0.2005,0.25441,0.01726,0.29497,0.22377,0.10618,0.10956,0.26268,0.00071,0.06671,0.06991,0.17144,0.00042,0.65062,0.04041,0.72835,0.58968,0.03409,0.0327,0.09119,-0.00426,0.22363,0.00327,0.23619,0.21773,0.21341,0.00535,0.24132,0.20727,0.21852,0.00363,0.23875,0.21356,0.32978,0.00474,0.3466,0.31969,0.47174,0.0109,0.49097,0.41354,0.47589,0.01339,0.52611,0.44584,0.47382,0.00828,0.49489,0.45577,0.47671,0.0186,0.53109,0.44723,9.85184,1.8406,14.47051,5.10443,0.88475,1.90037,4.98602,-2.27545,-0.16605,0.81584,1.40041,-2.01004,0.0,0,0.00538,0.01611,0.01008,0.0038,9.36608,7.26146,3.41045,-0.05947,-0.05234,-0.19504,0.00089,Pleasant(4-5),0.07784,243.9077,1.73481
Y2c-002,2nd Year,Quiz,Discrete Structure,PM,Afternoon,Kakulba,Kulba,3,Neutral,4,High,,,9/24/2026,Y2c-002.mp4,30.0,1280,720,41,1.36667,41,1.0,164.56228,5.12071,172.21833,154.98493,0.20556,0.07108,0.29484,0.04936,0.28748,0.05054,0.36524,0.13745,0.24652,0.05829,0.30646,0.11406,0.14509,0.08631,0.31062,0.00146,0.07849,0.04753,0.18032,0.00081,0.59737,0.02258,0.64385,0.55025,0.04988,0.02226,0.0893,0.02119,0.22361,0.02345,0.27144,0.18325,0.22604,0.01438,0.25173,0.19248,0.22483,0.01809,0.26159,0.19147,0.30911,0.01621,0.34557,0.28367,0.50473,0.06603,0.65938,0.35872,0.5296,0.09219,0.75775,0.37123,0.51717,0.07346,0.66293,0.37072,0.40077,0.24863,0.75093,-0.40649,4.11279,3.73502,10.73938,-1.67774,-0.63005,13.69345,18.67965,-18.96709,0.31439,6.17556,9.27818,-8.11528,0.19512,1,0.01544,0.03356,0.0205,0.01319,12.41712,37.64674,17.39346,-0.0047,0.03717,-0.14765,-0.02349,Neutral(3),0.11337,158.09114,1.227
Y2c-003,2nd Year,Quiz,Discrete Structure,PM,Afternoon,Kapoy,Exhausted,4,Pleasant,4,High,,,9/24/2026,Y2c-003.mp4,30.0,1280,720,42,1.4,42,1.0,135.11156,2.6168,138.76699,129.0956,0.32832,0.02074,0.36261,0.28142,0.29574,0.02567,0.34475,0.23707,0.31203,0.0156,0.33753,0.27731,0.20846,0.13717,0.46956,0.00067,0.11799,0.07623,0.25,0.00035,0.61566,0.04543,0.7356,0.56989,0.02794,0.01914,0.0719,-0.00321,0.24055,0.03035,0.28601,0.18926,0.25119,0.03013,0.30307,0.20452,0.24587,0.02995,0.29454,0.19782,0.31418,0.00774,0.33023,0.29842,0.36314,0.01449,0.39075,0.32438,0.57193,0.02451,0.61334,0.51,0.46753,0.01526,0.48643,0.42128,0.43153,0.02834,0.47392,0.36981,1.95427,2.85263,7.13081,-4.02216,15.98391,6.61434,29.28765,3.45146,-4.51397,2.33573,0.96276,-9.61078,0.0,0,0.01123,0.03089,0.01683,0.00771,11.15297,25.83618,10.57354,0.06978,0.03726,0.0255,-0.06859,Pleasant(4-5),0.15524,159.94713,1.097
Y2c-004,2nd Year,Quiz,Discrete Structure,PM,Afternoon,Proud,I feel proud,4,Pleasant,4,High,,,9/24/2026,Y2c-004.mp4,30.0,1280,720,32,1.06667,32,1.0,181.96698,2.409,186.91355,177.20032,0.20373,0.01824,0.24034,0.1659,0.22729,0.01906,0.26293,0.18176,0.21551,0.01687,0.24624,0.18692,0.19486,0.10454,0.34527,0.00379,0.09257,0.05204,0.17473,0.0017,0.52764,0.02967,0.56469,0.4542,-0.01323,0.01068,0.00837,-0.0389,0.25589,0.01142,0.27462,0.2322,0.23108,0.00725,0.2464,0.2204,0.24349,0.00873,0.25746,0.22771,0.3436,0.00916,0.35796,0.32652,0.48754,0.04839,0.55205,0.39298,0.40422,0.04204,0.49938,0.3309,0.44588,0.01206,0.47002,0.41607,0.36602,0.05329,0.47318,0.25852,-1.34788,14.6017,79.70533,-5.93614,-13.6364,10.8308,1.26489,-25.70928,-5.61681,3.63053,-0.87666,-10.96737,0.25,2,0.01042,0.0201,0.01468,0.0091,85.64147,26.97417,10.09071,-0.00852,0.01846,-0.05811,0.01234,Pleasant(4-5),0.04823,133.85809,0.813
Y2c-005,2nd Year,Quiz,Discrete Structure,PM,Afternoon,Nalingaw,Nalingaw,3,Neutral,2,Low,,,9/24/2026,Y2c-005.mp4,30.0,1280,720,24,0.8,24,1.0,176.11408,1.66368,179.29717,172.15046,0.21743,0.06111,0.27321,0.06379,0.22084,0.06454,0.26816,0.01598,0.21914,0.06169,0.26693,0.03989,0.24777,0.05454,0.31889,0.16306,0.13315,0.03492,0.1771,0.08452,0.59088,0.02667,0.62409,0.54252,0.00899,0.02937,0.05102,-0.03322,0.27163,0.02281,0.32745,0.2441,0.28464,0.02185,0.34149,0.26452,0.27813,0.02223,0.33404,0.25431,0.31521,0.00371,0.32356,0.30833,0.43033,0.0099,0.45552,0.41502,0.48576,0.02176,0.55616,0.46097,0.45804,0.01522,0.50512,0.43859,0.34345,0.2247,0.45534,-0.66152,-2.96213,3.70455,4.90656,-8.22068,-11.33976,2.45269,-7.63626,-16.56121,-0.58539,1.01338,1.95933,-1.97973,0.25,1,0.01009,0.03929,0.01301,0.00723,13.12724,8.92496,3.93905,-0.045,-0.06677,-0.12253,0.02294,Neutral(3),0.06062,,1.05869
Y2c-006,2nd Year,Quiz,Discrete Structure,PM,Afternoon,Ambot,Ambot lang,4,Pleasant,4,High,,,9/24/2026,Y2c-006.mp4,30.0,1280,720,26,0.86667,26,1.0,167.10803,2.23034,170.55897,163.59196,0.23371,0.01289,0.25237,0.2072,0.19195,0.011,0.21794,0.17312,0.21283,0.0094,0.22885,0.19539,0.21953,0.0668,0.29654,0.02486,0.12844,0.04458,0.19204,0.01291,0.63491,0.04627,0.71053,0.56829,0.07573,0.01001,0.0927,0.04691,0.2371,0.0028,0.24262,0.23192,0.22856,0.00525,0.23888,0.21988,0.23283,0.00305,0.23881,0.22637,0.33301,0.00615,0.34354,0.32112,0.51182,0.03017,0.55629,0.44902,0.47719,0.02102,0.5442,0.4497,0.49451,0.00754,0.51015,0.48215,0.42083,0.01344,0.44783,0.39892,11.88614,1.77624,14.77597,7.89554,3.12477,11.05244,15.39397,-16.35408,0.27239,0.4424,1.06888,-0.45757,0.11538,1,0.00642,0.01275,0.00948,0.005,6.88042,31.74805,1.52644,0.11228,0.00068,0.12159,-0.0067,Pleasant(4-5),0.07065,269.14887,0.6
Y2c-007,2nd Year,Quiz,Discrete Structure,PM,Afternoon,Salimuang,Feeling great,4,Pleasant,4,High,,,9/24/2026,Y2c-007.mp4,30.0,1280,720,34,1.13333,34,1.0,189.94464,5.62309,200.39541,181.3298,0.25948,0.0416,0.30789,0.092,0.33864,0.07915,0.41761,0.07486,0.29906,0.05831,0.3545,0.08343,0.20357,0.08378,0.32587,0.00336,0.10984,0.04544,0.17191,0.00164,0.58898,0.03808,0.65373,0.52239,0.02923,0.01943,0.06334,-0.0119,0.28361,0.01237,0.32456,0.26387,0.27212,0.01311,0.31675,0.25186,0.27786,0.01085,0.32065,0.26757,0.3555,0.00809,0.382,0.34141,0.55827,0.09764,0.67014,0.35914,0.32175,0.10055,0.52409,0.23387,0.44001,0.01119,0.46942,0.41217,0.35701,0.0947,0.43574,-0.1407,7.85411,1.07062,9.54621,5.8454,-21.17564,13.11265,11.32599,-31.22865,-2.4516,0.95682,-0.5905,-3.99645,0.08824,1,0.01146,0.03007,0.01729,0.00992,3.70081,42.55464,3.40595,0.06582,0.02423,0.03686,0.00739,Pleasant(4-5),0.08995,218.0171,1.146
Y4d-008,4th Year,Examination,Graph Theory,PM,Afternoon,Lisod,Lisod,3,Neutral,4,High,,,9/29/2026,Y4d-008.mp4,30.0,1280,720,24,0.8,24,1.0,171.4423,2.97281,176.77033,167.05745,0.20979,0.02777,0.27407,0.17873,0.25164,0.01879,0.2983,0.22427,0.23072,0.02169,0.27913,0.2053,0.28738,0.06308,0.37701,0.16619,0.15181,0.04554,0.2254,0.08318,0.58089,0.06057,0.71983,0.52247,0.00188,0.00776,0.01494,-0.01119,0.25909,0.03271,0.33832,0.22547,0.24228,0.02365,0.29572,0.21625,0.25068,0.02767,0.31702,0.22246,0.34114,0.00652,0.35816,0.3247,0.4485,0.01284,0.46597,0.42117,0.48279,0.0105,0.50209,0.4638,0.46565,0.00547,0.47478,0.45382,0.50006,0.05807,0.64714,0.44427,-6.22512,2.72458,-3.27518,-12.18514,-14.30578,4.89784,-6.63942,-24.78313,9.11368,2.64585,13.12033,6.35251,0.0,0,0.01019,0.02057,0.01463,0.01287,8.90997,18.14371,6.76782,-0.09862,0.01119,-0.08281,-0.03169,Neutral(3),0.12305,,0.52162
Y4d-009,4th Year,Examination,Graph Theory,PM,Afternoon,Grabe,Grabe,3,Neutral,2,Low,,,9/29/2026,Y4d-009.mp4,30.0,1280,720,34,1.13333,34,1.0,140.09958,1.03991,141.91102,137.79326,0.18517,0.03693,0.23292,0.07981,0.19572,0.04075,0.2498,0.06777,0.19044,0.03665,0.23347,0.07559,0.14454,0.14297,0.45314,0.00068,0.08064,0.08055,0.2556,0.00039,0.62299,0.01513,0.65184,0.5866,-0.00601,0.01229,0.02137,-0.02525,0.2802,0.01081,0.30817,0.24649,0.28802,0.01394,0.32147,0.23572,0.28411,0.01185,0.31333,0.24111,0.36487,0.00624,0.37743,0.3533,0.47595,0.02846,0.52199,0.38676,0.47765,0.03973,0.59819,0.43474,0.4768,0.0135,0.52558,0.45647,0.47115,0.054,0.5927,0.3573,-5.41457,1.4754,-3.76185,-8.08576,-5.11191,5.67816,3.41428,-13.70247,7.44662,2.33163,12.22617,4.25664,0.44118,4,0.01123,0.02843,0.01763,0.00854,4.32392,17.11675,7.96953,0.01385,0.00646,-0.27014,-0.00213,Neutral(3),0.09336,83.72617,0.698
Y4d-010,4th Year,Examination,Graph Theory,PM,Afternoon,Ambot,Ambot,2,Unpleasant,4,High,,,9/29/2026,Y4d-010.mp4,30.0,1280,720,25,0.83333,25,1.0,162.76679,1.42039,165.52721,160.26757,0.28743,0.02292,0.34639,0.24473,0.26774,0.03167,0.33382,0.22921,0.27758,0.0248,0.32526,0.24888,0.17357,0.1208,0.49475,0.00105,0.09131,0.06299,0.25604,0.00058,0.59383,0.02649,0.63913,0.54287,0.02082,0.02136,0.06674,-0.01114,0.26131,0.0208,0.29345,0.23486,0.25411,0.01762,0.28566,0.23361,0.25771,0.01882,0.28443,0.23535,0.35461,0.00635,0.36804,0.34261,0.47634,0.02234,0.55206,0.45366,0.48565,0.01896,0.50814,0.4379,0.481,0.00731,0.49498,0.45996,0.47193,0.077,0.59985,0.32572,-0.75768,1.48012,2.80641,-3.15381,-25.13213,3.31328,-20.24083,-32.58491,2.08995,0.84185,3.20634,-0.92944,0.0,0,0.01007,0.02228,0.01749,0.01053,5.96022,12.34408,4.13577,0.02634,-0.02301,-0.05697,-0.02683,Unpleasant(1-2),0.08965,144.18202,0.539
Y4d-011,4th Year,Examination,Graph Theory,PM,Afternoon,Lisod,Lisod,3,Neutral,3,Moderate,,,9/29/2026,Y4d-011.mp4,30.0,1280,720,39,1.3,39,1.0,160.30565,2.93579,165.70539,156.02974,0.27977,0.02831,0.31643,0.14751,0.28612,0.02409,0.32128,0.19024,0.28295,0.02359,0.30997,0.16888,0.08456,0.08946,0.23814,0.00015,0.04107,0.04316,0.11807,8e-05,0.56258,0.02274,0.59896,0.50027,0.01743,0.01727,0.03989,-0.01639,0.24416,0.01133,0.27086,0.2274,0.24943,0.00886,0.2726,0.22754,0.24679,0.00852,0.27173,0.23229,0.33622,0.00888,0.35985,0.32194,0.51818,0.07615,0.5945,0.38409,0.38961,0.07046,0.52418,0.3116,0.45389,0.011,0.47985,0.43618,0.31438,0.03951,0.3847,0.17843,10.44013,2.32223,13.38248,6.78236,-21.33008,1.68807,-18.56777,-26.32981,-5.06224,0.45046,-4.10573,-6.18434,0.02564,0,0.00733,0.01602,0.01047,0.00712,6.60012,7.76204,2.07861,0.03261,0.02629,-0.15109,-0.01083,Neutral(3),0.05138,134.51357,0.99581
Y4d-012,4th Year,Examination,Graph Theory,PM,Afternoon,Okay lang,Okay lang,4,Pleasant,4,High,,,9/29/2026,Y4d-012.mp4,30.0,1280,720,35,1.16667,35,1.0,128.61686,5.49013,139.15294,120.19279,0.27596,0.04495,0.31089,0.09708,0.30344,0.06625,0.36474,0.02693,0.2897,0.05505,0.3347,0.06201,0.07428,0.08636,0.24362,0.00112,0.03903,0.04443,0.11692,0.00071,0.6586,0.06769,0.72946,0.5095,0.05519,0.02715,0.0885,0.00222,0.24303,0.02604,0.31027,0.21128,0.25545,0.0194,0.31632,0.23331,0.24924,0.02228,0.3133,0.22699,0.32899,0.01149,0.34876,0.3127,0.43966,0.01974,0.46904,0.40344,0.57487,0.02074,0.6137,0.53629,0.50726,0.01407,0.53627,0.47395,0.421,0.13683,0.52303,-0.29573,9.87946,8.77953,24.01716,-2.25869,-28.6048,2.50702,-21.84586,-32.12505,3.32817,4.40096,9.5738,-7.15061,0.05714,0,0.0154,0.03718,0.02035,0.01218,26.27585,10.27918,16.72441,0.13799,0.05714,-0.18049,-0.04225,Pleasant(4-5),0.04127,,0.77388
Y4d-013,4th Year,Examination,Graph Theory,PM,Afternoon,Ambot,Ambot,5,Very Pleasant,4,High,,,9/29/2026,Y4d-013.mp4,30.0,1280,720,33,1.1,33,1.0,159.40557,9.28967,171.91402,145.03706,0.20503,0.02793,0.26458,0.16337,0.23631,0.01871,0.26564,0.18262,0.22067,0.01887,0.26143,0.19214,0.20047,0.10276,0.34082,0.0045,0.11178,0.06008,0.20028,0.00218,0.60301,0.03888,0.67461,0.52132,0.02426,0.02804,0.07294,-0.03841,0.27288,0.01197,0.29467,0.25204,0.26893,0.00704,0.28534,0.25154,0.27091,0.00891,0.29001,0.25577,0.33296,0.01259,0.36128,0.30708,0.56517,0.09178,0.70668,0.41772,0.45123,0.05466,0.54882,0.37337,0.5082,0.02447,0.5572,0.46689,0.55148,0.13679,0.87954,0.38139,0.05868,2.04885,3.50371,-4.85623,-15.00771,16.14031,9.98069,-33.73827,6.86104,4.97128,16.74722,1.94344,0.06061,2,0.01396,0.03323,0.02063,0.0106,8.35994,43.71896,14.80378,0.04615,0.03853,0.14971,0.01284,Pleasant(4-5),0.04185,,0.761
Y4d-014,4th Year,Examination,Graph Theory,PM,Afternoon,Sayon,Sayon kaayo,4,Pleasant,5,Very High,,,9/29/2026,Y4d-014.mp4,30.0,1280,720,50,1.66667,50,1.0,138.058,3.16437,146.23329,132.69284,0.2721,0.06938,0.34376,0.05746,0.25628,0.05833,0.31317,0.06305,0.26419,0.06259,0.32446,0.06414,0.10185,0.12813,0.42522,0.00115,0.05004,0.06378,0.21234,0.0006,0.55149,0.02509,0.5966,0.50894,0.04032,0.01934,0.08694,0.01996,0.25247,0.02266,0.33069,0.22548,0.25215,0.02926,0.35141,0.21486,0.25231,0.02577,0.34105,0.22115,0.32468,0.00618,0.34498,0.30776,0.50498,0.04501,0.57987,0.43077,0.41547,0.03431,0.48576,0.35685,0.46022,0.01148,0.48389,0.42751,0.3128,0.30621,0.47656,-1.22742,11.05978,2.69329,16.86642,5.60295,21.09034,8.23291,33.28922,6.24891,-0.41532,1.1836,1.14467,-3.28921,0.12,0,0.00983,0.02942,0.01492,0.00792,11.26347,27.04031,4.43388,0.03201,-0.02057,-0.14566,-0.02115,Pleasant(4-5),0.06884,,0.98594
Y4d-015,4th Year,Examination,Graph Theory,PM,Afternoon,Sayon,Sayon,4,Pleasant,5,Very High,,,9/29/2026,Y4d-015.mp4,30.0,1280,720,43,1.43333,43,1.0,107.48645,2.06727,112.53767,103.52468,0.21975,0.04523,0.27592,0.06958,0.28634,0.04648,0.33604,0.12605,0.25305,0.04409,0.29638,0.09863,0.1647,0.09688,0.31536,0.00237,0.08933,0.05404,0.17778,0.00121,0.59217,0.02661,0.64155,0.51671,0.00884,0.01463,0.03861,-0.01897,0.27154,0.01831,0.31886,0.24364,0.24924,0.01558,0.29095,0.22442,0.26039,0.01675,0.3049,0.23476,0.32239,0.00692,0.33649,0.30514,0.46289,0.08172,0.72687,0.40309,0.54901,0.0654,0.59921,0.34731,0.50595,0.0112,0.54168,0.48834,0.35642,0.04964,0.44176,0.19576,2.99563,3.46167,10.07774,-4.22857,-26.12378,4.46847,-16.44671,-31.66219,-5.7807,3.18369,-3.0305,-13.18966,0.09302,1,0.00903,0.01616,0.01427,0.00719,14.30631,15.21548,10.15915,-0.00901,-0.01884,-0.10774,-0.02193,Pleasant(4-5),0.08541,307.89908,1.04062
Y4d-016,4th Year,Examination,Graph Theory,PM,Afternoon,Sayon,Sayon,3,Neutral,4,High,,,9/29/2026,Y4d-016.mp4,30.0,1280,720,25,0.83333,25,1.0,140.32711,1.10524,142.29288,137.26783,0.24428,0.01356,0.27221,0.21985,0.26705,0.02305,0.32522,0.23299,0.25566,0.01734,0.29606,0.22761,0.17273,0.06556,0.27661,0.00633,0.08761,0.03425,0.14012,0.00291,0.55555,0.03103,0.59638,0.50013,0.01745,0.00832,0.03377,0.00281,0.28003,0.00541,0.28932,0.26889,0.27893,0.00396,0.28429,0.26847,0.27948,0.00359,0.28551,0.2706,0.32193,0.00617,0.33206,0.31034,0.4719,0.09557,0.66312,0.39559,0.51575,0.066,0.57967,0.39207,0.49383,0.01891,0.53077,0.4636,0.38772,0.03462,0.46845,0.33634,1.46752,1.1382,2.92231,-0.62952,-29.68091,1.97639,-26.95478,-32.22228,2.29763,0.40379,3.10405,1.66591,0.0,0,0.00758,0.01477,0.01159,0.00655,3.55183,5.2675,1.43814,0.04397,0.01523,-0.00683,0.00535,Neutral(3),0.11469,173.45357,0.559
Y4d-017,4th Year,Examination,Graph Theory,PM,Afternoon,Libog ,Libog,3,Neutral,4,High,,,9/29/2026,Y4d-017.mp4,30.0,1280,720,29,0.96667,29,1.0,142.53303,3.44548,149.52553,137.90193,0.14763,0.0433,0.21782,0.07231,0.15936,0.04067,0.22239,0.0752,0.1535,0.03681,0.21934,0.092,0.10636,0.08436,0.35873,0.00102,0.06264,0.0508,0.21047,0.00058,0.64019,0.0496,0.72069,0.54571,-0.0445,0.0137,-0.00581,-0.07514,0.24809,0.01453,0.276,0.21957,0.25725,0.01384,0.29684,0.21297,0.25267,0.01201,0.27142,0.21627,0.31966,0.01226,0.35893,0.29618,0.48705,0.0553,0.62114,0.41007,0.52963,0.04322,0.60491,0.4309,0.50834,0.02753,0.57815,0.45987,0.39863,0.41913,1.05108,-1.38538,-5.18077,1.18321,-2.65604,-7.33594,-7.04485,9.36062,9.70497,-19.8142,-1.06599,4.20019,6.64835,-7.92752,0.82759,0,0.0194,0.03561,0.02538,0.0172,4.67989,29.51917,14.57587,0.04318,-0.00089,-0.0255,0.00448,Neutral(3),0.15009,137.26587,0.47394
Y4d-018,4th Year,Examination,Graph Theory,PM,Afternoon,Lisod,Lisod,3,Neutral,4,High,,,9/29/2026,Y4d-018.mp4,30.0,1280,720,22,0.73333,22,1.0,131.51763,2.95651,138.55101,127.97067,0.19577,0.07513,0.28603,0.03062,0.21717,0.07765,0.29156,0.04784,0.20647,0.07571,0.28071,0.03923,0.1459,0.0682,0.29125,0.02101,0.08017,0.03938,0.16749,0.01063,0.60048,0.03609,0.64345,0.52821,0.01382,0.02534,0.0503,-0.04404,0.32821,0.05097,0.43299,0.23727,0.34816,0.05678,0.44651,0.16819,0.33819,0.05274,0.43975,0.20273,0.33402,0.01224,0.36374,0.31657,0.46418,0.04571,0.58664,0.4138,0.48326,0.01726,0.51486,0.43856,0.47372,0.01892,0.52785,0.45641,0.56417,0.3375,1.89527,0.13051,-5.53737,4.77373,4.20433,-13.93891,-11.19002,3.96879,-3.65993,-17.84347,1.65134,2.69293,6.53383,-1.65395,0.22727,1,0.01951,0.04019,0.02591,0.01697,18.14324,14.18354,8.18778,0.03042,-0.01337,-0.08602,-0.05879,Neutral(3),0.05841,156.52661,0.783
Y4d-019,4th Year,Examination,Graph Theory,PM,Afternoon,Lisod siya,Lisod,3,Neutral,4,High,,,9/29/2026,Y4d-019.mp4,30.0,1280,720,28,0.93333,28,1.0,122.50716,1.96247,126.22559,118.48013,0.21559,0.05187,0.34282,0.16246,0.25356,0.03421,0.32914,0.20938,0.23458,0.04173,0.32139,0.18713,0.13812,0.02541,0.17814,0.06026,0.07889,0.01605,0.10406,0.02979,0.62517,0.03316,0.67285,0.54796,0.03337,0.0196,0.05949,0.00165,0.28047,0.02253,0.32022,0.22152,0.31714,0.02924,0.36501,0.2535,0.2988,0.02565,0.34226,0.23751,0.33698,0.01096,0.35346,0.30549,0.51477,0.06438,0.70816,0.45888,0.49058,0.04662,0.56066,0.38988,0.50268,0.01562,0.54902,0.48165,0.41449,0.04297,0.51279,0.36128,9.82381,3.33392,14.17626,2.23332,-24.81619,3.53923,-12.48942,-28.44735,-2.44481,1.6662,1.69232,-4.05004,0.14286,2,0.01066,0.02615,0.01612,0.0095,11.94294,15.95793,5.74235,0.052,0.04447,-0.00183,0.00038,Neutral(3),0.07157,,0.968
Y4d-020,4th Year,Examination,Graph Theory,PM,Afternoon,Lisod,Lisod,3,Neutral,3,Moderate,,,9/29/2026,Y4d-020.mp4,30.0,1280,720,35,1.16667,35,1.0,110.68645,1.08738,112.24976,108.05049,0.25627,0.0177,0.28971,0.22912,0.28019,0.02041,0.3266,0.23718,0.26823,0.01773,0.29836,0.2356,0.13084,0.07761,0.27046,0.00283,0.07276,0.04459,0.15455,0.00147,0.60448,0.02833,0.66203,0.57017,0.01149,0.01384,0.03736,-0.00923,0.21763,0.01179,0.24635,0.19929,0.21325,0.01902,0.26623,0.19292,0.21544,0.01507,0.25629,0.20153,0.3384,0.00905,0.35231,0.32388,0.45403,0.03301,0.57855,0.4193,0.44767,0.02337,0.48157,0.36193,0.45085,0.00835,0.47672,0.43274,0.39647,0.0332,0.5193,0.32961,7.1027,2.85453,11.0042,1.11476,-7.5761,3.71616,-1.70003,-14.34338,-2.78297,0.39366,-2.09332,-3.46096,0.0,0,0.00708,0.01827,0.00922,0.00762,9.88945,12.64335,1.36765,0.04978,0.03094,0.11373,-0.00705,Neutral(3),0.06424,489.23467,0.678
Y4d-021,4th Year,Examination,Graph Theory,PM,Afternoon,Grabi,Grabi,3,Neutral,3,Moderate,,,9/29/2026,Y4d-021.mp4,30.0,1280,720,31,1.03333,31,1.0,132.46174,2.04313,136.10796,129.43132,0.21539,0.04319,0.25634,0.07289,0.25867,0.06529,0.31938,0.06303,0.23703,0.05348,0.27579,0.06796,0.0674,0.06971,0.26892,0.001,0.03433,0.0349,0.13522,0.00052,0.56766,0.01089,0.58605,0.54692,-0.00636,0.00517,0.00416,-0.01866,0.24331,0.02131,0.3104,0.22708,0.22651,0.01962,0.29677,0.20971,0.23491,0.02032,0.30358,0.22021,0.35209,0.00618,0.3663,0.33666,0.48688,0.02533,0.58523,0.45895,0.37104,0.01866,0.42381,0.3293,0.42896,0.02097,0.50452,0.39598,0.36265,0.12768,0.9745,0.25949,4.50766,1.19424,5.9923,1.71967,-28.07918,2.97626,-20.93786,-32.91951,0.54022,1.00637,2.55753,-1.45728,0.12903,1,0.00874,0.02255,0.0123,0.00732,4.27263,11.98165,4.01481,0.00975,0.00774,-0.10947,-0.00372,Neutral(3),0.10132,141.48878,0.67194
Y4d-022,4th Year,Examination,Graph Theory,PM,Afternoon,Nadumduman,Nadumduman,4,Pleasant,4,High,,,9/29/2026,Y4d-022.mp4,30.0,1280,720,34,1.13333,34,1.0,158.68273,1.9732,162.41459,155.74438,0.19831,0.04173,0.26222,0.11362,0.20797,0.03579,0.26329,0.13359,0.20314,0.03776,0.25719,0.13028,0.13996,0.06995,0.21981,0.00196,0.09245,0.04846,0.13935,0.00111,0.70479,0.06279,0.79816,0.60104,0.03319,0.01979,0.06067,-0.00321,0.22346,0.00808,0.23786,0.20816,0.23522,0.00452,0.24639,0.22444,0.22934,0.0034,0.23549,0.21981,0.33446,0.01218,0.35307,0.31567,0.53682,0.06892,0.65496,0.47011,0.49927,0.04421,0.57146,0.42625,0.51805,0.01756,0.55768,0.48395,0.20199,0.07946,0.3059,-0.06867,2.20411,1.49465,4.65331,-0.14274,-12.18438,2.54599,-9.08486,-18.3491,-8.30295,0.38894,-7.56122,-8.85415,0.5,2,0.00756,0.02229,0.01269,0.00593,4.79604,9.26424,1.29293,0.1294,0.0347,0.07502,0.00408,Pleasant(4-5),0.09187,179.15512,1.244
Y4d-023,4th Year,Examination,Graph Theory,PM,Afternoon,Sakto lang,Sakto lang,3,Neutral,4,High,,,9/29/2026,Y4d-023.mp4,30.0,1280,720,24,0.8,24,1.0,110.64063,0.99986,114.33199,109.33465,0.23667,0.01671,0.2549,0.18944,0.24509,0.01542,0.26139,0.20859,0.24088,0.01485,0.25389,0.19902,0.2389,0.0584,0.32714,0.13736,0.13089,0.03578,0.18573,0.07176,0.60145,0.02324,0.63755,0.5634,0.05114,0.00944,0.06634,0.03168,0.26564,0.00619,0.28101,0.25672,0.26668,0.00285,0.27654,0.26048,0.26616,0.00343,0.27388,0.26075,0.36087,0.00608,0.37656,0.34596,0.47721,0.04487,0.60572,0.44516,0.47439,0.0287,0.49915,0.39004,0.4758,0.0106,0.50743,0.45907,0.3032,0.03055,0.36636,0.22752,5.76341,1.40676,8.73185,2.64906,-5.31775,1.43939,-1.64423,-7.24394,-3.23966,0.4906,-2.1504,-4.13407,0.04167,1,0.00684,0.01474,0.01161,0.00484,6.0828,5.59971,1.98367,0.03843,0.00567,0.07345,0.00047,Neutral(3),0.05669,,1.19
Y4d-024,4th Year,Examination,Graph Theory,PM,Afternoon,Luya,Luya,3,Neutral,3,Moderate,,,9/29/2026,Y4d-024.mp4,30.0,1280,720,33,1.1,33,1.0,120.81528,1.86945,124.04921,116.37407,0.19778,0.08608,0.27872,0.01324,0.18932,0.07058,0.27809,0.02431,0.19355,0.07694,0.27488,0.01877,0.09579,0.09185,0.26364,0.00035,0.04993,0.04847,0.14079,0.00018,0.57833,0.02061,0.60723,0.53276,0.00594,0.00963,0.02701,-0.00894,0.2485,0.02832,0.30517,0.21325,0.24757,0.03013,0.30305,0.21103,0.24804,0.02869,0.30411,0.21413,0.33599,0.00841,0.3533,0.31782,0.55103,0.07212,0.6577,0.44222,0.43447,0.05285,0.52361,0.36694,0.49275,0.01531,0.51651,0.45789,-0.09335,0.59853,2.01198,-2.3924,2.82663,1.82582,7.51213,-0.25871,-11.96372,12.65337,8.66483,-25.21018,-14.77143,6.1866,-9.68177,-27.21349,0.33333,0,0.01163,0.02659,0.01474,0.01053,7.77083,33.87501,17.53172,0.01514,0.01215,0.0128,-0.05992,Neutral(3),0.0549,186.67296,0.804
Y4d-025,4th Year,Examination,Graph Theory,PM,Afternoon,Libog,Libog,3,Neutral,3,Moderate,,,9/29/2026,Y4d-025.mp4,30.0,1280,720,28,0.93333,28,1.0,135.56996,2.34474,142.49584,131.88116,0.24574,0.05842,0.28893,0.06767,0.24243,0.05814,0.28731,0.06515,0.24408,0.05789,0.288,0.06829,0.09233,0.08726,0.24623,0.00639,0.047,0.04489,0.12266,0.0033,0.54544,0.03888,0.59151,0.47068,0.02655,0.01382,0.05803,0.00865,0.25921,0.01982,0.32663,0.2451,0.27265,0.02727,0.35193,0.25082,0.26593,0.02321,0.33928,0.25283,0.34957,0.00479,0.35758,0.33829,0.42091,0.03504,0.53082,0.39483,0.48182,0.02646,0.52869,0.41862,0.45136,0.02114,0.52491,0.42904,0.38664,0.11029,0.84188,0.30483,7.26096,2.66101,12.69335,3.34844,0.68708,10.38219,15.3432,-15.08106,4.80932,0.62727,6.35707,3.7075,0.14286,0,0.00735,0.01435,0.01083,0.00565,9.34491,30.42426,2.64958,-0.07336,-0.02943,-0.08324,-0.034,Neutral(3),0.03809,133.3515,0.96444
