target,features,model,accuracy,balanced_accuracy,precision_macro,recall_macro,f1_macro,positive_class,precision_pos,recall_pos,f1_pos,n,folds
valence,Audio,Majority baseline,0.6,0.5,0.3,0.5,0.375,Positive,0.0,0.0,0.0,25,5
valence,Audio,Logistic Regression,0.76,0.7666666666666666,0.7564102564102564,0.7666666666666666,0.7564935064935066,Positive,0.6666666666666666,0.8,0.7272727272727273,25,5
valence,Audio,Random Forest,0.76,0.75,0.75,0.75,0.75,Positive,0.7,0.7,0.7,25,5
valence,Facial,Majority baseline,0.6,0.5,0.3,0.5,0.375,Positive,0.0,0.0,0.0,25,5
valence,Facial,Logistic Regression,0.52,0.5333333333333333,0.5324675324675324,0.5333333333333333,0.5192307692307692,Positive,0.42857142857142855,0.6,0.5,25,5
valence,Facial,Random Forest,0.44,0.45,0.4512987012987013,0.45,0.4391025641025641,Positive,0.35714285714285715,0.5,0.4166666666666667,25,5
valence,Multimodal,Majority baseline,0.6,0.5,0.3,0.5,0.375,Positive,0.0,0.0,0.0,25,5
valence,Multimodal,Logistic Regression,0.64,0.6333333333333333,0.6298701298701299,0.6333333333333333,0.6305418719211823,Positive,0.5454545454545454,0.6,0.5714285714285714,25,5
valence,Multimodal,Random Forest,0.6,0.6,0.5961538461538461,0.6,0.5941558441558441,Positive,0.5,0.6,0.5454545454545454,25,5
arousal,Audio,Majority baseline,0.72,0.5,0.36,0.5,0.4186046511627907,High,0.72,1.0,0.8372093023255814,25,5
arousal,Audio,Logistic Regression,0.56,0.47619047619047616,0.47794117647058826,0.47619047619047616,0.47619047619047616,High,0.7058823529411765,0.6666666666666666,0.6857142857142857,25,5
arousal,Audio,Random Forest,0.72,0.5873015873015872,0.6309523809523809,0.5873015873015872,0.592074592074592,High,0.7619047619047619,0.8888888888888888,0.8205128205128205,25,5
arousal,Facial,Majority baseline,0.72,0.5,0.36,0.5,0.4186046511627907,High,0.72,1.0,0.8372093023255814,25,5
arousal,Facial,Logistic Regression,0.68,0.6468253968253967,0.6284722222222222,0.6468253968253967,0.6323529411764706,High,0.8125,0.7222222222222222,0.7647058823529411,25,5
arousal,Facial,Random Forest,0.76,0.6587301587301587,0.7,0.6587301587301587,0.6710526315789473,High,0.8,0.8888888888888888,0.8421052631578947,25,5
arousal,Multimodal,Majority baseline,0.72,0.5,0.36,0.5,0.4186046511627907,High,0.72,1.0,0.8372093023255814,25,5
arousal,Multimodal,Logistic Regression,0.56,0.47619047619047616,0.47794117647058826,0.47619047619047616,0.47619047619047616,High,0.7058823529411765,0.6666666666666666,0.6857142857142857,25,5
arousal,Multimodal,Random Forest,0.6,0.46031746031746035,0.44999999999999996,0.46031746031746035,0.45175438596491224,High,0.7,0.7777777777777778,0.7368421052631579,25,5
