audio_feature,facial_feature,rho,p_value,n,q_value_bh
audio_f0_mean_hz,face_smile_mean,0.25789473684210523,0.28643023354996244,19,0.7991727074576759
audio_f0_mean_hz,face_frown_mean,-0.02456140350877193,0.9204976475735005,19,0.9563453574358284
audio_f0_mean_hz,face_brow_lowerer_mean,0.0912280701754386,0.7103145534384594,19,0.9563453574358284
audio_f0_mean_hz,face_browInnerUp_mean,0.02456140350877193,0.9204976475735005,19,0.9563453574358284
audio_f0_mean_hz,face_jawOpen_mean,-0.13859649122807016,0.5714909256572165,19,0.9563453574358284
audio_f0_mean_hz,face_eye_squint_mean,-0.10701754385964912,0.662788885833302,19,0.9563453574358284
audio_f0_mean_hz,face_mar_mean,0.3543859649122807,0.13657327930800361,19,0.5827126583808154
audio_f0_mean_hz,face_motion_energy,-0.01754385964912281,0.9431706684765946,19,0.9563453574358284
audio_f0_std_hz,face_smile_mean,0.015789473684210527,0.9488461264555137,19,0.9563453574358284
audio_f0_std_hz,face_frown_mean,0.20877192982456141,0.391033007093879,19,0.8599730737839589
audio_f0_std_hz,face_brow_lowerer_mean,0.0456140350877193,0.8528960735031589,19,0.9563453574358284
audio_f0_std_hz,face_browInnerUp_mean,-0.01754385964912281,0.9431706684765946,19,0.9563453574358284
audio_f0_std_hz,face_jawOpen_mean,-0.5,0.029258036236649528,19,0.3783063472709177
audio_f0_std_hz,face_eye_squint_mean,-0.15087719298245614,0.5375272100958033,19,0.9563453574358284
audio_f0_std_hz,face_mar_mean,-0.0543859649122807,0.8249897141619513,19,0.9563453574358284
audio_f0_std_hz,face_motion_energy,0.14385964912280702,0.5568219628907941,19,0.9563453574358284
audio_voiced_ratio,face_smile_mean,-0.42883146510365716,0.03243870760868934,25,0.3783063472709177
audio_voiced_ratio,face_frown_mean,0.29905861884374285,0.14644108477844245,25,0.5857643391137698
audio_voiced_ratio,face_brow_lowerer_mean,-0.28433811687993166,0.16834691455185333,25,0.6337766194893302
audio_voiced_ratio,face_browInnerUp_mean,0.188654854115159,0.3664570750069399,25,0.8599730737839589
audio_voiced_ratio,face_jawOpen_mean,-0.08754824852161383,0.6773140445259904,25,0.9563453574358284
audio_voiced_ratio,face_eye_squint_mean,-0.2669059435017342,0.19713565580550876,25,0.6640358932396084
audio_voiced_ratio,face_mar_mean,-0.05345866502647216,0.7996577010775836,25,0.9563453574358284
audio_voiced_ratio,face_motion_energy,0.31610341059131364,0.12371151684823976,25,0.5827126583808154
audio_rms_mean,face_smile_mean,-0.011538461538461539,0.9563453574358284,25,0.9563453574358284
audio_rms_mean,face_frown_mean,0.21153846153846154,0.31006337883220825,25,0.8268356768858887
audio_rms_mean,face_brow_lowerer_mean,0.3730769230769231,0.06623255594005266,25,0.4709870644625967
audio_rms_mean,face_browInnerUp_mean,-0.016153846153846154,0.9389108221379953,25,0.9563453574358284
audio_rms_mean,face_jawOpen_mean,0.03230769230769231,0.8781554683498889,25,0.9563453574358284
audio_rms_mean,face_eye_squint_mean,-0.022307692307692306,0.915708552227811,25,0.9563453574358284
audio_rms_mean,face_mar_mean,0.24153846153846154,0.24475409855765912,25,0.7459172527471516
audio_rms_mean,face_motion_energy,0.06846153846153846,0.7450565153020174,25,0.9563453574358284
audio_spec_centroid_mean,face_smile_mean,0.09923076923076923,0.6369836836671996,25,0.9563453574358284
audio_spec_centroid_mean,face_frown_mean,-0.1746153846153846,0.4038188280591748,25,0.8599730737839589
audio_spec_centroid_mean,face_brow_lowerer_mean,-0.3384615384615385,0.09793932793665742,25,0.5698288170860069
audio_spec_centroid_mean,face_browInnerUp_mean,0.5046153846153847,0.010097580807118,25,0.3783063472709177
audio_spec_centroid_mean,face_jawOpen_mean,0.013846153846153848,0.9476251645766063,25,0.9563453574358284
audio_spec_centroid_mean,face_eye_squint_mean,-0.4107692307692308,0.04137725673275663,25,0.3783063472709177
audio_spec_centroid_mean,face_mar_mean,0.27615384615384614,0.18147181209216096,25,0.6452331096610168
audio_spec_centroid_mean,face_motion_energy,0.06461538461538462,0.7589519561117964,25,0.9563453574358284
audio_spec_flatness_mean,face_smile_mean,0.059230769230769226,0.7785273348381129,25,0.9563453574358284
audio_spec_flatness_mean,face_frown_mean,-0.18769230769230769,0.36895229419053976,25,0.8599730737839589
audio_spec_flatness_mean,face_brow_lowerer_mean,-0.42692307692307696,0.03330297468786219,25,0.3783063472709177
audio_spec_flatness_mean,face_browInnerUp_mean,0.4692307692307692,0.017966079892348157,25,0.3783063472709177
audio_spec_flatness_mean,face_jawOpen_mean,0.05307692307692308,0.8010601829120341,25,0.9563453574358284
audio_spec_flatness_mean,face_eye_squint_mean,-0.3869230769230769,0.056036199896614826,25,0.4482895991729186
audio_spec_flatness_mean,face_mar_mean,0.22153846153846157,0.28720269174260227,25,0.7991727074576759
audio_spec_flatness_mean,face_motion_energy,0.06769230769230769,0.7478295709921495,25,0.9563453574358284
audio_onset_rate_per_sec,face_smile_mean,-0.3446153846153846,0.09160561662683199,25,0.5698288170860069
audio_onset_rate_per_sec,face_frown_mean,0.26076923076923075,0.20802517410935764,25,0.6656805571499445
audio_onset_rate_per_sec,face_brow_lowerer_mean,-0.10461538461538461,0.6187190398978742,25,0.9563453574358284
audio_onset_rate_per_sec,face_browInnerUp_mean,0.3123076923076923,0.128535287696071,25,0.5827126583808154
audio_onset_rate_per_sec,face_jawOpen_mean,0.05615384615384616,0.7897732549280512,25,0.9563453574358284
audio_onset_rate_per_sec,face_eye_squint_mean,-0.32615384615384607,0.11157727271491934,25,0.5827126583808154
audio_onset_rate_per_sec,face_mar_mean,0.03,0.886801817790994,25,0.9563453574358284
audio_onset_rate_per_sec,face_motion_energy,0.16999999999999998,0.4165494576141051,25,0.8599730737839589
audio_mfcc_1_mean,face_smile_mean,0.17846153846153845,0.3933781555180632,25,0.8599730737839589
audio_mfcc_1_mean,face_frown_mean,0.13846153846153847,0.5092185704859424,25,0.9563453574358284
audio_mfcc_1_mean,face_brow_lowerer_mean,0.4115384615384615,0.040960682442892575,25,0.3783063472709177
audio_mfcc_1_mean,face_browInnerUp_mean,-0.06461538461538462,0.7589519561117964,25,0.9563453574358284
audio_mfcc_1_mean,face_jawOpen_mean,0.09076923076923075,0.6661022395647747,25,0.9563453574358284
audio_mfcc_1_mean,face_eye_squint_mean,0.10769230769230768,0.6083790310806795,25,0.9563453574358284
audio_mfcc_1_mean,face_mar_mean,0.17846153846153845,0.3933781555180632,25,0.8599730737839589
audio_mfcc_1_mean,face_motion_energy,-0.10384615384615385,0.6213151863171391,25,0.9563453574358284
