feature,count,mean,std,min,25%,50%,75%,max,median,iqr,missing_n,modality
audio_trimmed_dur_sec,25.0,0.893155,0.2918221228869566,0.4739375,0.678,0.813,1.0586875,1.7348125,0.813,0.38068749999999996,0,audio
audio_voiced_ratio,25.0,0.5437994336256197,0.3660864014123304,0.0,0.2272727272727272,0.625,0.8235294117647058,1.0,0.625,0.5962566844919787,0,audio
audio_f0_mean_hz,19.0,185.68760329009768,92.54938202502939,83.18249019016342,136.87112934407736,147.1425160929423,202.25200435586257,493.14833813763744,147.1425160929423,65.38087501178521,6,audio
audio_f0_std_hz,19.0,17.45122291490125,8.95705512183576,6.471206911302762,10.66775794606117,15.211077566256948,20.626418971095624,39.6737953357217,15.211077566256948,9.958661025034454,6,audio
audio_f0_min_hz,19.0,161.6762820672861,93.81627868381918,65.75526361962497,112.85695845311879,131.51052723924994,176.6543175599507,482.3827408094809,131.51052723924994,63.797359106831905,6,audio
audio_f0_max_hz,19.0,219.28148674352465,95.59947030034336,97.3899599969843,161.95166916434044,187.0613654014066,240.49679036854232,499.3939314265223,187.0613654014066,78.54512120420188,6,audio
audio_f0_median_hz,19.0,184.437227965679,94.64797074501773,83.57050591403384,133.0408253685016,149.778309046088,205.03339275951706,499.3939314265223,149.778309046088,71.99256739101546,6,audio
audio_f0_range_hz,19.0,57.605204676238515,34.52183875161841,17.011190617041393,32.73620467657147,46.98310343843855,64.8360367044028,148.96840390083506,46.98310343843855,32.09983202783133,6,audio
audio_period_variation_proxy,19.0,0.03207206339472996,0.020206251601432888,0.0113042848978781,0.017491674107564498,0.0217497267683524,0.0453259723970255,0.0780981753818544,0.0217497267683524,0.027834298289461004,6,audio
audio_f0_slope_hz_per_s,19.0,14.635257924346893,73.620516944573,-132.85947571709502,-38.94078034744763,29.975386515167685,55.41316517942164,165.72918606820872,29.975386515167685,94.35394552686927,6,audio
audio_f0_std_semitones,19.0,1.813043230624598,0.9337384785470623,0.2712931993250125,1.1173383634104797,1.7878184740152578,2.4716651307821813,4.114456642450358,1.7878184740152578,1.3543267673717017,6,audio
audio_rms_mean,25.0,0.08266523733735082,0.03332606901528423,0.0387078709900379,0.0574391707777977,0.0728523880243301,0.095616839826107,0.1584309041500091,0.0728523880243301,0.0381776690483093,0,audio
audio_rms_std,25.0,0.03704369686543937,0.01864920050601112,0.0144082978367805,0.0192029755562543,0.034720916301012,0.0536773204803466,0.0774837508797645,0.034720916301012,0.03447434492409231,0,audio
audio_rms_max,25.0,0.15369319736957546,0.06355998269319088,0.0704939514398574,0.1004877611994743,0.1536027193069458,0.2081142514944076,0.2953804433345794,0.1536027193069458,0.1076264902949333,0,audio
audio_rms_min,25.0,0.02878980409353967,0.015929297659777922,0.0123723447322845,0.016426557675004,0.0236511006951332,0.0360987074673175,0.0718043148517608,0.0236511006951332,0.0196721497923135,0,audio
audio_rms_frame_variation_proxy,25.0,0.1618983995914459,0.05188938481577128,0.0915558859705925,0.1294735521078109,0.1444690227508545,0.2046191394329071,0.2844380438327789,0.1444690227508545,0.07514558732509621,0,audio
audio_rms_db_mean,25.0,-23.35158821105957,3.460988003077764,-29.366596221923828,-26.142820358276367,-23.315404891967773,-21.11124610900879,-16.595813751220703,-23.315404891967773,5.031574249267578,0,audio
audio_rms_db_range,25.0,14.864606552124023,4.0247893717839345,6.93406867980957,11.310123443603516,15.183452606201172,17.545318603515625,21.930606842041016,15.183452606201172,6.235195159912109,0,audio
audio_active_ratio,25.0,0.9972571428571428,0.009635535139003237,0.96,1.0,1.0,1.0,1.0,1.0,0.0,0,audio
audio_onset_rate_per_sec,25.0,8.664111431617826,2.0696204938327014,2.8336973847334552,7.884362680683311,8.929401916100828,9.950248756218905,12.987012987012989,8.929401916100828,2.0658860755355937,0,audio
audio_zcr_mean,25.0,0.08376288921347565,0.02345728436028063,0.0431315104166666,0.0667917351973684,0.083648681640625,0.1038306451612903,0.1322502367424242,0.083648681640625,0.037038909963921895,0,audio
audio_zcr_std,25.0,0.03148232394796844,0.021502016571922977,0.0096908888478194,0.0171186580297601,0.0237885857023875,0.0392618702413838,0.0918119481795191,0.0237885857023875,0.0221432122116237,0,audio
audio_zcr_max,25.0,0.1515234375,0.0737332604155545,0.05859375,0.10546875,0.12890625,0.169921875,0.322265625,0.12890625,0.064453125,0,audio
audio_spec_centroid_mean,25.0,1383.240152812667,214.20209951812114,977.460860863664,1249.6634597782383,1337.5949783659844,1541.896169460179,1793.7721376952663,1337.5949783659844,292.2327096819406,0,audio
audio_spec_centroid_std,25.0,339.557352522503,224.3872410363871,93.91573541765116,186.324013489266,260.8945719677183,379.4804736181943,976.2301034136988,260.8945719677183,193.1564601289283,0,audio
audio_spec_bandwidth_mean,25.0,1568.688185081947,139.18375396123898,1347.233046953328,1464.282054552638,1533.4271230600473,1692.88524492354,1836.659856616123,1533.4271230600473,228.60319037090198,0,audio
audio_spec_bandwidth_std,25.0,232.5867100059991,119.50951866611983,103.15897574799185,135.571023142578,193.94446652761667,305.1614647938729,506.33710807678585,193.94446652761667,169.59044165129487,0,audio
audio_spec_rolloff85_mean,25.0,2855.4693794299133,495.49533371170287,2001.008064516129,2476.36217948718,2790.9007352941176,3340.049342105264,3772.536057692308,2790.9007352941176,863.6871626180837,0,audio
audio_spec_rolloff85_std,25.0,806.3517239680117,437.4975871808571,165.30580654583238,505.6450847308648,690.2838575206821,1088.3896148779802,1761.4047763318308,690.2838575206821,582.7445301471154,0,audio
audio_spec_flatness_mean,25.0,0.011665163589641396,0.007057287455839449,0.0024396430235356,0.0067137638106942,0.0090896692126989,0.0161740165203809,0.0247166212648153,0.0090896692126989,0.0094602527096867,0,audio
audio_spec_flatness_std,25.0,0.011698863822966775,0.011101335621352338,0.0011767727555707,0.0045228670351207,0.0078642731532454,0.0152169037610292,0.0394909456372261,0.0078642731532454,0.0106940367259085,0,audio
audio_spec_contrast_mean,25.0,22.82271757278579,0.8898683710321642,21.197360622377417,22.021422684073475,22.789128664504734,23.70024835904826,24.225033816723187,22.789128664504734,1.6788256749747852,0,audio
audio_spec_contrast_std,25.0,11.880726432544794,0.4010961778624266,10.333171087007774,11.711465985179892,11.92741405758434,12.035971953564127,12.623818629331838,11.92741405758434,0.3245059683842353,0,audio
audio_chroma_mean,25.0,0.36792354226112367,0.07573224208393123,0.2014254927635193,0.3223510086536407,0.3672293722629547,0.4024374783039093,0.5135292410850525,0.3672293722629547,0.08008646965026861,0,audio
audio_chroma_std,25.0,0.2969731378555298,0.012424171398341602,0.2640623450279236,0.2894362211227417,0.2996200323104858,0.302267849445343,0.317821204662323,0.2996200323104858,0.012831628322601318,0,audio
audio_mfcc_1_mean,25.0,-167.6975994873047,37.626089150393014,-275.027099609375,-180.51611328125,-157.95863342285156,-145.4130096435547,-105.0696258544922,-157.95863342285156,35.10310363769531,0,audio
audio_mfcc_1_std,25.0,37.512471237182616,8.681964082588452,18.784122467041016,33.625,38.03997039794922,44.831092834472656,53.430931091308594,38.03997039794922,11.206092834472656,0,audio
audio_delta_mfcc_1_mean,25.0,0.4204699039459229,1.4827633957482895,-2.661412000656128,-0.3372043073177337,0.3749789595603943,1.6489999294281006,3.029547929763794,0.3749789595603943,1.9862042367458344,0,audio
audio_delta_mfcc_1_std,25.0,8.809288063049316,2.36220415706707,2.720676898956299,7.667831420898437,8.53093433380127,10.720403671264648,12.43727970123291,8.53093433380127,3.052572250366212,0,audio
audio_delta2_mfcc_1_mean,25.0,-0.5863382029533386,0.3642891056205202,-1.505436658859253,-0.8278450965881348,-0.5290044546127319,-0.3412349820137024,0.0439143851399421,-0.5290044546127319,0.4866101145744324,0,audio
audio_delta2_mfcc_1_std,25.0,4.151508340835571,1.2426315201897602,1.943335056304932,2.848041296005249,4.203839302062988,5.057353496551514,6.6406779289245605,4.203839302062988,2.2093122005462646,0,audio
audio_mfcc_2_mean,25.0,110.3615805053711,11.096453986748129,88.55043029785156,103.2458724975586,111.33926391601562,119.39269256591795,131.007080078125,111.33926391601562,16.14682006835936,0,audio
audio_mfcc_2_std,25.0,18.598648223876953,7.685494861661712,8.865960121154785,13.142984390258787,15.791488647460938,23.204191207885746,34.819061279296875,15.791488647460938,10.061206817626958,0,audio
audio_delta_mfcc_2_mean,25.0,0.26845828965306284,1.3293964396923272,-1.1123127937316897,-0.3937628269195556,-0.0608503110706806,0.5467307567596436,4.607335090637207,-0.0608503110706806,0.9404935836791992,0,audio
audio_delta_mfcc_2_std,25.0,3.732278084754944,1.549873969412095,1.709583044052124,2.5434582233428955,3.507376194000244,4.304263114929199,7.564374923706055,3.507376194000244,1.7608048915863037,0,audio
audio_delta2_mfcc_2_mean,25.0,0.05158142294734716,0.18265863292792792,-0.3339802026748657,-0.083398588001728,0.0351203121244907,0.1131021156907081,0.5627039670944214,0.0351203121244907,0.1965007036924361,0,audio
audio_delta2_mfcc_2_std,25.0,2.2938039541244506,1.0648933193524364,0.7870399951934814,1.5897808074951172,2.067900896072388,2.7173993587493896,4.926795959472656,2.067900896072388,1.1276185512542725,0,audio
audio_mfcc_3_mean,25.0,-3.1859012895822527,15.873797928072758,-25.927026748657227,-15.260906219482422,-6.219322204589844,6.944622993469238,41.74411010742188,-6.219322204589844,22.20552921295166,0,audio
audio_mfcc_3_std,25.0,16.283024654388427,5.226069421692756,5.83272123336792,12.145620346069336,16.782806396484375,19.755998611450195,28.74236297607422,16.782806396484375,7.610378265380859,0,audio
audio_delta_mfcc_3_mean,25.0,-0.09967075899243356,0.965431862049501,-3.5752270221710205,-0.3140098452568054,0.0520753785967826,0.3832640051841736,1.3792234659194946,0.0520753785967826,0.697273850440979,0,audio
audio_delta_mfcc_3_std,25.0,3.5512228298187254,1.2090634233578768,1.1649843454360962,2.523765087127685,3.77712345123291,4.541721820831299,5.630167484283447,3.77712345123291,2.0179567337036137,0,audio
audio_delta2_mfcc_3_mean,25.0,0.07260206021368502,0.11151009111049187,-0.0673792660236358,0.0121635813266038,0.0742001086473465,0.1100075468420982,0.3997461795806885,0.0742001086473465,0.0978439655154944,0,audio
audio_delta2_mfcc_3_std,25.0,2.2147840452194214,0.6959966424493452,1.0513160228729248,1.790464997291565,2.014763355255127,2.480039596557617,3.608011722564697,2.014763355255127,0.6895745992660522,0,audio
audio_mfcc_4_mean,25.0,27.45096660614014,11.824813418830866,7.851850509643555,20.108470916748047,22.761987686157227,35.036434173583984,50.84950256347656,22.761987686157227,14.927963256835938,0,audio
audio_mfcc_4_std,25.0,14.6778444480896,5.667112623865282,6.8605170249938965,9.985220909118652,13.244717597961426,18.7363395690918,25.98967933654785,13.244717597961426,8.751118659973148,0,audio
audio_delta_mfcc_4_mean,25.0,-0.04512323558330536,0.5921498106445517,-1.3992533683776855,-0.2766278684139251,0.1169512644410133,0.353878766298294,0.750476598739624,0.1169512644410133,0.6305066347122191,0,audio
audio_delta_mfcc_4_std,25.0,3.176522846221924,1.4585457572924634,1.1872525215148926,1.9639501571655276,2.922142744064331,4.187355995178223,5.966732978820801,2.922142744064331,2.2234058380126953,0,audio
audio_delta2_mfcc_4_mean,25.0,-0.04189093742170371,0.1402360942131651,-0.5236676335334778,-0.1149594113230705,-0.0061106886714696,0.0190338753163814,0.2689548432826996,-0.0061106886714696,0.1339932866394519,0,audio
audio_delta2_mfcc_4_std,25.0,1.861141791343689,0.6716316614284829,0.6962606906890869,1.4107455015182495,1.853070855140686,2.460052728652954,3.0609569549560547,1.853070855140686,1.0493072271347046,0,audio
audio_mfcc_5_mean,25.0,-5.214209842681885,7.108621155704822,-14.95348072052002,-10.02667236328125,-8.023459434509277,-1.3656432628631592,7.828027248382568,-8.023459434509277,8.66102910041809,0,audio
audio_mfcc_5_std,25.0,10.586192722320556,3.624695524756449,5.378284931182861,7.836050510406494,9.378581047058104,12.35826587677002,19.913652420043945,9.378581047058104,4.522215366363525,0,audio
audio_delta_mfcc_5_mean,25.0,0.019344251453876495,0.5907626447889681,-1.7962665557861328,-0.1726807802915573,0.1287358701229095,0.4202664792537689,0.9029002785682678,0.1287358701229095,0.5929472595453262,0,audio
audio_delta_mfcc_5_std,25.0,2.258463523387909,1.0217824907331399,0.9100021719932556,1.6527875661849976,2.0545401573181152,2.862111568450928,5.186844825744629,2.0545401573181152,1.2093240022659306,0,audio
audio_delta2_mfcc_5_mean,25.0,0.05330406806431709,0.13108744138654715,-0.171900600194931,-0.0238961745053529,0.0294265989214181,0.0923264622688293,0.4821361005306244,0.0294265989214181,0.11622263677418221,0,audio
audio_delta2_mfcc_5_std,25.0,1.4572058486938477,0.5794698837528411,0.7205063700675964,1.0693715810775757,1.219493746757507,1.7947239875793457,2.775026559829712,1.219493746757507,0.72535240650177,0,audio
audio_mfcc_6_mean,25.0,-9.944338388442993,7.244760662713169,-22.122032165527344,-13.134652137756348,-10.365675926208496,-5.434173107147217,2.285406827926636,-10.365675926208496,7.700479030609131,0,audio
audio_mfcc_6_std,25.0,9.07452459335327,3.0237822725361956,5.1340155601501465,7.216897964477539,8.551419258117676,10.660719871520996,16.733293533325195,8.551419258117676,3.443821907043457,0,audio
audio_delta_mfcc_6_mean,25.0,-0.038742220029234886,0.4740585410858802,-1.0443004369735718,-0.3122593760490417,-0.0443747639656066,0.2706437408924103,1.1650186777114868,-0.0443747639656066,0.582903116941452,0,audio
audio_delta_mfcc_6_std,25.0,1.8389506721496582,0.7174455503877516,0.8639137148857117,1.2986438274383545,1.5131818056106567,2.555971622467041,3.370652914047241,1.5131818056106567,1.2573277950286865,0,audio
audio_delta2_mfcc_6_mean,25.0,0.04980535035952924,0.0897998999768625,-0.0812009871006012,-0.0070096799172461,0.0419647954404354,0.1038317158818245,0.2946590483188629,0.0419647954404354,0.1108413957990706,0,audio
audio_delta2_mfcc_6_std,25.0,1.1435642218589783,0.3815150544602353,0.6188290119171143,0.8335592150688171,1.0980204343795776,1.3275437355041504,1.988173246383667,1.0980204343795776,0.49398452043533325,0,audio
audio_mfcc_7_mean,25.0,-18.50710210800171,7.195767406681603,-33.42573165893555,-21.35254669189453,-17.90720558166504,-13.03562831878662,-7.820215702056885,-17.90720558166504,8.316918373107912,0,audio
audio_mfcc_7_std,25.0,9.532015285491944,3.375793968975804,5.077858924865723,6.944172859191895,9.392521858215332,12.151593208312988,15.258949279785156,9.392521858215332,5.207420349121093,0,audio
audio_delta_mfcc_7_mean,25.0,-0.11067173976451158,0.502522415957779,-1.4472211599349976,-0.3569561243057251,-0.1402161568403244,0.1905710995197296,0.8314576148986816,-0.1402161568403244,0.5475272238254547,0,audio
audio_delta_mfcc_7_std,25.0,1.9708644151687622,0.8199982438583889,0.6223304271697998,1.331452488899231,1.9441734552383425,2.6602025032043457,3.240145444869995,1.9441734552383425,1.3287500143051147,0,audio
audio_delta2_mfcc_7_mean,25.0,0.07380953622981905,0.0838979208033866,-0.0377455689013004,0.012575757689774,0.0397176630795002,0.1270361393690109,0.2859922051429748,0.0397176630795002,0.1144603816792369,0,audio
audio_delta2_mfcc_7_std,25.0,1.1810446548461915,0.4333954130077235,0.5279511213302612,0.8781716227531433,1.1141446828842163,1.2876276969909668,2.205425500869751,1.1141446828842163,0.4094560742378235,0,audio
audio_mfcc_8_mean,25.0,-6.7667327463626865,7.5101788846343345,-26.51749038696289,-10.034025192260742,-7.445170402526855,-3.4393060207366943,8.24403190612793,-7.445170402526855,6.594719171524048,0,audio
audio_mfcc_8_std,25.0,8.477463340759277,2.3771739213085485,4.643325328826904,6.983856201171875,8.210148811340332,9.960041046142578,13.567427635192873,8.210148811340332,2.976184844970703,0,audio
audio_delta_mfcc_8_mean,25.0,-0.10505839124321939,0.39597205968929183,-0.7487953305244446,-0.3666722774505615,-0.178479865193367,0.1460204571485519,0.8355768918991089,-0.178479865193367,0.5126927345991135,0,audio
audio_delta_mfcc_8_std,25.0,1.733800072669983,0.5616180877492315,1.058496356010437,1.1647953987121582,1.7274774312973022,2.038156032562256,3.2157628536224365,1.7274774312973022,0.8733606338500977,0,audio
audio_delta2_mfcc_8_mean,25.0,0.02677310137893072,0.07834192670443249,-0.1611109673976898,-0.0128239784389734,0.0078099640086293,0.0815224051475524,0.1791631877422332,0.0078099640086293,0.09434638358652579,0,audio
audio_delta2_mfcc_8_std,25.0,1.0893923425674439,0.37976565441800114,0.5809705853462219,0.8023773431777954,1.0188887119293213,1.3269076347351074,2.1739511489868164,1.0188887119293213,0.524530291557312,0,audio
audio_mfcc_9_mean,25.0,-8.379451382160187,5.596831304683814,-16.476030349731445,-12.18648624420166,-9.362482070922852,-6.132008075714111,3.71178674697876,-9.362482070922852,6.054478168487549,0,audio
audio_mfcc_9_std,25.0,7.390802249908448,1.9977537782338588,2.849937438964844,5.907816886901856,7.407996654510498,8.306012153625488,10.91264820098877,7.407996654510498,2.398195266723632,0,audio
audio_delta_mfcc_9_mean,25.0,0.1325860337819904,0.39089749013025954,-0.6976580619812012,-0.1679234951734542,-0.0031908012460917,0.4060126841068268,1.0424039363861084,-0.0031908012460917,0.573936179280281,0,audio
audio_delta_mfcc_9_std,25.0,1.4984421575069427,0.5095414626563745,0.2923255264759063,1.1410136222839355,1.5041959285736084,1.877019286155701,2.4352474212646484,1.5041959285736084,0.7360056638717654,0,audio
audio_delta2_mfcc_9_mean,25.0,0.05278553704672957,0.06186700635924867,-0.0317873023450374,0.0196988973766565,0.0361750461161136,0.0913375318050384,0.2090198844671249,0.0361750461161136,0.07163863442838189,0,audio
audio_delta2_mfcc_9_std,25.0,0.9306253373622895,0.2738995685686962,0.3041200935840606,0.7349898219108582,0.8790064454078674,1.0865967273712158,1.427633285522461,0.8790064454078674,0.35160690546035767,0,audio
audio_mfcc_10_mean,25.0,-8.880406565666199,4.512477294830271,-18.177255630493164,-10.95737075805664,-9.353381156921388,-6.050263404846191,1.849995493888855,-9.353381156921388,4.907107353210449,0,audio
audio_mfcc_10_std,25.0,8.116713409423829,2.4880166838362836,5.131351470947266,6.615904331207275,7.486724853515625,8.857806205749512,17.01630401611328,7.486724853515625,2.2419018745422363,0,audio
audio_delta_mfcc_10_mean,25.0,-0.07870467722415925,0.41139644991486496,-0.8627137541770935,-0.3475477993488312,-0.0827009603381156,0.14762544631958,0.6935471892356873,-0.0827009603381156,0.49517324566841114,0,audio
audio_delta_mfcc_10_std,25.0,1.6500613808631897,0.7447925108354004,0.6522355079650879,1.3045583963394165,1.4917380809783936,1.858547568321228,4.590501308441162,1.4917380809783936,0.5539891719818115,0,audio
audio_delta2_mfcc_10_mean,25.0,0.05922926375642417,0.07795743271016811,-0.0579596981406211,0.0173882022500038,0.0482874065637588,0.0788228586316108,0.2990302145481109,0.0482874065637588,0.061434656381607,0,audio
audio_delta2_mfcc_10_std,25.0,0.9839653813838959,0.3271707572157466,0.4018076062202453,0.7983365058898926,0.9616739749908448,1.1171808242797852,1.9495025873184204,0.9616739749908448,0.3188443183898926,0,audio
audio_mfcc_11_mean,25.0,-6.110600131750107,4.737330480589187,-13.92389678955078,-10.959237098693848,-4.930473804473877,-2.034187793731689,3.396097421646118,-4.930473804473877,8.925049304962158,0,audio
audio_mfcc_11_std,25.0,6.98610013961792,2.680531972010762,3.8999297618865967,5.126135349273682,5.896543025970459,7.691054821014404,12.576048851013184,5.896543025970459,2.5649194717407227,0,audio
audio_delta_mfcc_11_mean,25.0,0.010693867802619932,0.3273624719580952,-0.6213226914405823,-0.1484173685312271,0.0200452003628015,0.1350450217723846,0.8067529201507568,0.0200452003628015,0.2834623903036117,0,audio
audio_delta_mfcc_11_std,25.0,1.3550607442855835,0.7151794984736219,0.3899785578250885,0.9192082285881042,1.1066135168075562,1.6739996671676636,3.0827887058258057,1.1066135168075562,0.7547914385795593,0,audio
audio_delta2_mfcc_11_mean,25.0,0.031154765633400517,0.06025466906624515,-0.0869867801666259,-0.0007967483834363,0.0300978776067495,0.0533187314867973,0.1936674416065216,0.0300978776067495,0.0541154798702336,0,audio
audio_delta2_mfcc_11_std,25.0,0.9098231184482575,0.38117781725212596,0.4392125308513641,0.632857620716095,0.7488203644752502,1.140434503555298,2.013325929641724,0.7488203644752502,0.5075768828392031,0,audio
audio_mfcc_12_mean,25.0,-6.745718959569931,5.776477649571289,-21.135881423950195,-8.307846069335938,-6.945796012878418,-3.0410702228546143,4.558084011077881,-6.945796012878418,5.266775846481323,0,audio
audio_mfcc_12_std,25.0,6.43658218383789,2.3578621208558324,3.661903381347656,5.222273826599121,5.875711917877197,7.012351989746094,12.667865753173828,5.875711917877197,1.7900781631469727,0,audio
audio_delta_mfcc_12_mean,25.0,-0.12131023272871971,0.31323715659710727,-0.7660343050956726,-0.3259764909744262,-0.0386119969189167,0.0816800072789192,0.546003520488739,-0.0386119969189167,0.40765649825334543,0,audio
audio_delta_mfcc_12_std,25.0,1.2557447862625122,0.5810306765430252,0.4716282486915588,0.8938819766044617,1.1805450916290283,1.5376105308532717,2.735313415527344,1.1805450916290283,0.64372855424881,0,audio
audio_delta2_mfcc_12_mean,25.0,0.04476668388582765,0.06462726768410121,-0.0784099996089935,0.0027687877882272,0.040323119610548,0.0660749971866607,0.2541288137435913,0.040323119610548,0.0633062093984335,0,audio
audio_delta2_mfcc_12_std,25.0,0.8301614534854889,0.3199582093449443,0.3808833658695221,0.6122713685035706,0.7736788392066956,0.9227998852729796,1.6079777479171753,0.7736788392066956,0.31052851676940907,0,audio
audio_mfcc_13_mean,25.0,-9.270755356550216,4.989252017955088,-19.052663803100582,-12.622347831726074,-10.158954620361328,-4.248151779174805,-0.4439119398593902,-10.158954620361328,8.37419605255127,0,audio
audio_mfcc_13_std,25.0,6.712373466491699,1.8572519289470517,3.8116917610168457,5.476449489593506,6.307908058166504,7.411813259124756,11.358817100524902,6.307908058166504,1.93536376953125,0,audio
audio_delta_mfcc_13_mean,25.0,0.022858354598283753,0.33053921723539953,-0.7023265361785889,-0.1607019603252411,0.017971433699131,0.2346847355365753,0.691714882850647,0.017971433699131,0.3953866958618164,0,audio
audio_delta_mfcc_13_std,25.0,1.446044943332672,0.5734565977488204,0.6964166760444641,1.0518946647644043,1.3568345308303833,1.7345693111419678,2.838357448577881,1.3568345308303833,0.6826746463775635,0,audio
audio_delta2_mfcc_13_mean,25.0,0.058222432825714314,0.07092288432620497,-0.0828567519783973,0.0321555435657501,0.0595927760004997,0.0831659361720085,0.2700556516647339,0.0595927760004997,0.0510103926062584,0,audio
audio_delta2_mfcc_13_std,25.0,0.8927669584751129,0.2644212575520994,0.4292273819446563,0.733477771282196,0.8434203267097473,0.938516080379486,1.528312087059021,0.8434203267097473,0.20503830909728993,0,audio
face_browDownLeft_mean,25.0,0.05178171288692671,0.05530220665498873,0.0002670547227849,0.0089768346618203,0.0233380601774635,0.0816367362259012,0.1722299003314863,0.0233380601774635,0.0726599015640809,0,facial
face_browDownLeft_std,25.0,0.031498132179456406,0.0353272990645325,0.000342515705898,0.0037259135979388,0.0121298510957964,0.0514627799196529,0.1382733083319879,0.0121298510957964,0.0477368663217141,0,facial
face_browDownLeft_max,25.0,0.1109066841937601,0.11440158412999221,0.0011355383321642,0.0190197043120861,0.0424440577626228,0.1887346059083938,0.4193346500396728,0.0424440577626228,0.1697149015963077,0,facial
face_browDownRight_mean,25.0,0.05506824356237555,0.05384450685947469,0.0004246658906016,0.0142218163426488,0.0298638699310166,0.0913656426198554,0.1923933232021404,0.0298638699310166,0.0771438262772066,0,facial
face_browDownRight_std,25.0,0.03134397012484869,0.03102640359933396,0.0005475729571089,0.0097011617660823,0.0228017689430252,0.0454165545721555,0.1109082182359814,0.0228017689430252,0.0357153928060732,0,facial
face_browDownRight_max,25.0,0.11608059830032286,0.10735468082490097,0.0019939688500016,0.0299665387719869,0.0725545734167099,0.1820288002490997,0.3933210968971252,0.0725545734167099,0.1520622614771128,0,facial
face_browInnerUp_mean,25.0,0.1071834208022034,0.14188270565468417,0.0002461092494007,0.0113592315465211,0.0289942801743745,0.1515120750749095,0.594736594368111,0.0289942801743745,0.1401528435283884,0,facial
face_browInnerUp_std,25.0,0.07135790289229199,0.08320729165020581,0.0007041297766458,0.0096158991365335,0.0389219868596985,0.0975508228000036,0.2689168816350804,0.0389219868596985,0.0879349236634701,0,facial
face_browInnerUp_max,25.0,0.29172471337020395,0.2853576093955013,0.0040373718366026,0.0464621521532535,0.2299522757530212,0.4681751430034637,0.9323065876960754,0.2299522757530212,0.4217129908502102,0,facial
face_browOuterUpLeft_mean,25.0,0.1885124751668822,0.15936573719632122,0.0068571229751866,0.0883142321184277,0.1636163234710693,0.2505348896873848,0.7498475543477319,0.1636163234710693,0.1622206575689571,0,facial
face_browOuterUpLeft_std,25.0,0.0810540136381896,0.05009903797983571,0.0018610720818057,0.0477700003474937,0.0670314558654743,0.1189440375554203,0.1833530346404654,0.0670314558654743,0.07117403720792659,0,facial
face_browOuterUpLeft_max,25.0,0.39333293098956346,0.21000102816312188,0.0128874378278851,0.2593106925487518,0.4081147611141205,0.5082716941833496,0.9690344333648682,0.4081147611141205,0.24896100163459783,0,facial
face_browOuterUpRight_mean,25.0,0.09377967195817914,0.11210007244483172,0.0116298008421114,0.0277587743175606,0.0711680136248469,0.0981935671131525,0.5780561349608682,0.0711680136248469,0.0704347927955919,0,facial
face_browOuterUpRight_std,25.0,0.0485253353592289,0.048931219636233605,0.0024805811657053,0.0194367432085142,0.0273709721031835,0.0616009873932991,0.203330576581378,0.0273709721031835,0.0421642441847849,0,facial
face_browOuterUpRight_max,25.0,0.22757395498454572,0.18839178298874082,0.0234452169388532,0.0975275635719299,0.1892741024494171,0.2551610767841339,0.8813368678092957,0.1892741024494171,0.157633513212204,0,facial
face_cheekPuff_mean,25.0,0.00016073702462462272,9.003331616691318e-05,3.1905709548505583e-05,8.361651847995485e-05,0.0001456061125375,0.0002235672928182,0.0003397445386023,0.0001456061125375,0.00013995077433824518,0,facial
face_cheekPuff_std,25.0,0.00012884479122370976,7.120567851286423e-05,2.9259241650756577e-05,6.843427819344035e-05,0.0001104389949038,0.0001759642345495,0.0003008994642074,0.0001104389949038,0.00010752995635605965,0,facial
face_cheekPuff_max,25.0,0.000441165894153476,0.00021977180184526543,0.0001271801011171,0.0002556000836193,0.0004201775300316,0.0005879765958525,0.0008997147670015,0.0004201775300316,0.0003323765122332,0,facial
face_cheekSquintLeft_mean,25.0,6.900157209186502e-07,4.32774490141354e-07,1.111909469073299e-07,3.802588192261932e-07,6.551024642119176e-07,9.0033540856016e-07,1.9351691378233227e-06,6.551024642119176e-07,5.200765893339669e-07,0,facial
face_cheekSquintLeft_std,25.0,5.705090003819652e-07,4.768240148521361e-07,9.180162331139557e-08,2.5532046437401044e-07,4.1062961109163926e-07,7.458383746879231e-07,1.9185748833938057e-06,4.1062961109163926e-07,4.905179103139127e-07,0,facial
face_cheekSquintLeft_max,25.0,2.1457078446474044e-06,1.728975108553102e-06,3.158085917220888e-07,8.668551458868023e-07,1.545220470688946e-06,2.6937859729514457e-06,6.765823400201043e-06,1.545220470688946e-06,1.8269308270646434e-06,0,facial
face_cheekSquintRight_mean,25.0,3.289126598190581e-07,2.124156669923051e-07,8.454369213308706e-08,1.705818090416952e-07,2.578569311577457e-07,4.43867580589664e-07,8.196930369308575e-07,2.578569311577457e-07,2.7328577154796885e-07,0,facial
face_cheekSquintRight_std,25.0,2.30198465222749e-07,1.7652268630311026e-07,4.4718359311539164e-08,1.1118873123271687e-07,1.592285906611766e-07,3.01502891918609e-07,7.139641542163778e-07,1.592285906611766e-07,1.903141606858921e-07,0,facial
face_cheekSquintRight_max,25.0,9.119113008182467e-07,6.742970910632972e-07,1.887166831693321e-07,4.232660728575866e-07,6.674141559415148e-07,1.2271030982446971e-06,2.615712446640828e-06,6.674141559415148e-07,8.038370253871106e-07,0,facial
face_eyeBlinkLeft_mean,25.0,0.22394932183181038,0.09577488411107524,0.0896730735188438,0.1541865934782168,0.2083574970066547,0.2503096246864738,0.4755814979816305,0.2083574970066547,0.09612303120825696,0,facial
face_eyeBlinkLeft_std,25.0,0.08705883634649636,0.05885339921696619,0.0179609087377581,0.0350680956711505,0.0762292998483574,0.1253971435496539,0.2220042348038773,0.0762292998483574,0.0903290478785034,0,facial
face_eyeBlinkLeft_max,25.0,0.43874832391738894,0.20842323456818454,0.1326325237751007,0.2755265533924103,0.3898102045059204,0.6098406314849854,0.826177179813385,0.3898102045059204,0.3343140780925751,0,facial
face_eyeBlinkRight_mean,25.0,0.21780554462018467,0.09085420658486651,0.058720562163563,0.1544667747922432,0.2090662191080492,0.2777179909809943,0.4018744656751896,0.2090662191080492,0.12325121618875112,0,facial
face_eyeBlinkRight_std,25.0,0.08921906281121834,0.057483487641663465,0.0178114151534442,0.0386236928153923,0.0858332710893052,0.1285347527886907,0.2187672240216699,0.0858332710893052,0.0899110599732984,0,facial
face_eyeBlinkRight_max,25.0,0.42802092075347903,0.19387097240498416,0.1152265518903732,0.2584269940853119,0.4125640392303467,0.5995869040489197,0.757503867149353,0.4125640392303467,0.3411599099636078,0,facial
face_eyeLookDownLeft_mean,25.0,0.27992637333334824,0.17741755734272885,0.0686070870696788,0.1289863722132785,0.2252055356899897,0.4744362408916155,0.6327771950851787,0.2252055356899897,0.34544986867833705,0,facial
face_eyeLookDownLeft_std,25.0,0.10203268561239702,0.054350472379117866,0.0305502114527239,0.0619712156881515,0.0912201534531465,0.1361562671365735,0.2609382059255562,0.0912201534531465,0.074185051448422,0,facial
face_eyeLookDownLeft_max,25.0,0.5137820357084274,0.2156642069277519,0.1391983479261398,0.3236250579357147,0.4802191853523254,0.6837407946586609,0.9091635942459106,0.4802191853523254,0.36011573672294617,0,facial
face_eyeLookDownRight_mean,25.0,0.27417272607844795,0.16058916453895006,0.094759335120519,0.142194778087639,0.2074744602044423,0.430798161555739,0.5986914986913855,0.2074744602044423,0.2886033834681,0,facial
face_eyeLookDownRight_std,25.0,0.09849057956256586,0.05355498243777384,0.0273389646344595,0.0703999182710855,0.0813766939204467,0.1288178714648522,0.2492534751491781,0.0813766939204467,0.05841795319376672,0,facial
face_eyeLookDownRight_max,25.0,0.5019626098871232,0.21092132863002083,0.1829195469617843,0.3161258101463318,0.4615916609764099,0.6762551665306091,0.8990347981452942,0.4615916609764099,0.36012935638427734,0,facial
face_eyeLookInLeft_mean,25.0,0.1224211377565666,0.1209474723893288,0.0056976575695443,0.0329696872892479,0.0867491372186562,0.1708643877257903,0.4485809087753296,0.0867491372186562,0.1378947004365424,0,facial
face_eyeLookInLeft_std,25.0,0.07719740542933662,0.05596061603510021,0.0048154684107111,0.0357933020189671,0.0684459982294165,0.1152822296016608,0.2300634883741801,0.0684459982294165,0.07948892758269371,0,facial
face_eyeLookInLeft_max,25.0,0.2853512557595968,0.19508987715914386,0.0244290027767419,0.1112263202667236,0.2855701148509979,0.4207056760787964,0.7010689973831177,0.2855701148509979,0.30947935581207275,0,facial
face_eyeLookInRight_mean,25.0,0.1800000637158815,0.1544092738258389,0.0090730135661682,0.0789592387527227,0.1202195517790432,0.2505102042165218,0.5075009815239658,0.1202195517790432,0.1715509654637991,0,facial
face_eyeLookInRight_std,25.0,0.1314220191508921,0.10153295463304614,0.0033702866013494,0.0454001970244899,0.1099232998623057,0.2246244587617831,0.3238882367473667,0.1099232998623057,0.17922426173729322,0,facial
face_eyeLookInRight_max,25.0,0.4480072262883186,0.29470665062428203,0.0220657270401716,0.2393174171447754,0.472953736782074,0.7091479301452637,0.8981918692588806,0.472953736782074,0.4698305130004883,0,facial
face_eyeLookOutLeft_mean,25.0,0.182864326611967,0.1510090946461024,0.0072823397948273,0.0789761000871658,0.1184495653455647,0.2486036397008733,0.4950546020498642,0.1184495653455647,0.1696275396137075,0,facial
face_eyeLookOutLeft_std,25.0,0.12523762367375776,0.09949713840002912,0.0035032712591457,0.0385041594867045,0.0937001226485281,0.2231815039353917,0.309632382509172,0.0937001226485281,0.18467734444868722,0,facial
face_eyeLookOutLeft_max,25.0,0.4389912658929825,0.2901917251688256,0.0161453709006309,0.2249552458524704,0.4080949127674103,0.6951791048049927,0.8901686668395996,0.4080949127674103,0.4702238589525223,0,facial
face_eyeLookOutRight_mean,25.0,0.12723839208164198,0.12078058138731615,0.0164925662940368,0.0473678320579762,0.080551038782757,0.1708648276204864,0.4753106645175389,0.080551038782757,0.1234969955625102,0,facial
face_eyeLookOutRight_std,25.0,0.0781071446150219,0.05467537395681699,0.0086889504302116,0.0333109459415739,0.0706461636033888,0.114349513503261,0.2259307640632583,0.0706461636033888,0.0810385675616871,0,facial
face_eyeLookOutRight_max,25.0,0.29954912394285205,0.18754413356641955,0.0485835745930671,0.1023358702659607,0.3058043122291565,0.4229996800422668,0.724136471748352,0.3058043122291565,0.3206638097763061,0,facial
face_eyeLookUpLeft_mean,25.0,0.07209835335633522,0.061492935991350944,0.0094412414473481,0.024808039855478,0.0541820667373637,0.1046921454928815,0.2500531813677619,0.0541820667373637,0.0798841056374035,0,facial
face_eyeLookUpLeft_std,25.0,0.030951775255890566,0.026493764075294954,0.0037135713377622,0.0104924153364172,0.0199211386050518,0.0475904621493581,0.107248631724007,0.0199211386050518,0.037098046812940905,0,facial
face_eyeLookUpLeft_max,25.0,0.1459669809043407,0.11207047802060573,0.0216493625193834,0.0682363808155059,0.1113687306642532,0.2419473081827163,0.4342400729656219,0.1113687306642532,0.1737109273672104,0,facial
face_eyeLookUpRight_mean,25.0,0.0612714332027895,0.05171994011410408,0.0054432671677204,0.0188984619619856,0.045659196204864,0.082194161344448,0.1886336365166832,0.045659196204864,0.0632956993824624,0,facial
face_eyeLookUpRight_std,25.0,0.029316387031976334,0.025509654792927265,0.0023524715545923,0.0106392930044085,0.0235797439150343,0.0431709210805766,0.102290144918433,0.0235797439150343,0.0325316280761681,0,facial
face_eyeLookUpRight_max,25.0,0.13360464140772815,0.10204191394600097,0.0113934017717838,0.0532878935337066,0.117592915892601,0.2164453566074371,0.4058689177036285,0.117592915892601,0.1631574630737305,0,facial
face_eyeSquintLeft_mean,25.0,0.42841766514054247,0.12095056560439986,0.2125858633468548,0.3419959317235386,0.4341140288114548,0.4892336470740182,0.7117763477213243,0.4341140288114548,0.14723771535047958,0,facial
face_eyeSquintLeft_std,25.0,0.0701735381358882,0.025283220486271765,0.0226739231236564,0.0576187998016951,0.064738041947926,0.080604463180062,0.1309831130983073,0.064738041947926,0.022985663378366897,0,facial
face_eyeSquintLeft_max,25.0,0.5800003302097321,0.12928731693895912,0.3353225290775299,0.5014525651931763,0.573562502861023,0.6782022714614868,0.7960469722747803,0.573562502861023,0.17674970626831055,0,facial
face_eyeSquintRight_mean,25.0,0.35499660826913554,0.11910131809128524,0.1599414533092862,0.2915666818618774,0.3481289626974048,0.4446134492754936,0.664523678667405,0.3481289626974048,0.15304676741361622,0,facial
face_eyeSquintRight_std,25.0,0.06416116539911865,0.02626499055474201,0.0230802512282058,0.0470393410828156,0.0691476008344611,0.0820631780979993,0.1192882428640204,0.0691476008344611,0.035023837015183704,0,facial
face_eyeSquintRight_max,25.0,0.4795173782110214,0.12644627636408368,0.2331141680479049,0.3937304615974426,0.4922475516796112,0.5684902667999268,0.7300230264663696,0.4922475516796112,0.17475980520248413,0,facial
face_eyeWideLeft_mean,25.0,0.005862284942961276,0.0026613416812466205,0.0021470831064828,0.0040696036338693,0.0054936877392275,0.006801369964169,0.0133022996430684,0.0054936877392275,0.0027317663302997,0,facial
face_eyeWideLeft_std,25.0,0.0022090486345935044,0.0013607351165138898,0.0004339612373854,0.0014180174202924,0.0018373337414887,0.0025925521597542,0.006302289682984,0.0018373337414887,0.0011745347394618,0,facial
face_eyeWideLeft_max,25.0,0.011052012490108551,0.005425431405146466,0.0037068051751703,0.0073503479361534,0.010293343104422,0.0137451766058802,0.0264266096055507,0.010293343104422,0.0063948286697268,0,facial
face_eyeWideRight_mean,25.0,0.00304819257615548,0.0021717338513326957,0.0008227728058359,0.0018666711044855,0.0024435009341686,0.0035609217614234,0.0116429313950772,0.0024435009341686,0.0016942506569379,0,facial
face_eyeWideRight_std,25.0,0.00161260633507658,0.0009958756366357261,0.0001466099233543,0.0008742837419116,0.0012903781173524,0.0023237270728338,0.0040266670420223,0.0012903781173524,0.0014494433309222001,0,facial
face_eyeWideRight_max,25.0,0.007328355740755752,0.004317096663978701,0.0020815371535718,0.0040845419280231,0.0060356766916811,0.0096592670306563,0.0166403260082006,0.0060356766916811,0.0055747251026332,0,facial
face_jawForward_mean,25.0,0.000918675827934748,0.0006366377129131868,0.0001853371786344,0.0004918542447834,0.0007591584362671,0.0011952060979092,0.0032229096153362,0.0007591584362671,0.0007033518531257999,0,facial
face_jawForward_std,25.0,0.000704870731648348,0.0005853097157132707,0.0001199718693372,0.0004061182293795,0.0006306319023275,0.0008294479604886,0.0032401904677932,0.0006306319023275,0.0004233297311091,0,facial
face_jawForward_max,25.0,0.0025566460657864363,0.0018691388198685496,0.0004307872150093,0.0016209054738283,0.0022551203146576,0.0029873615130782,0.0103639308363199,0.0022551203146576,0.0013664560392499003,0,facial
face_jawLeft_mean,25.0,0.004463242225863337,0.005960908978998113,7.37731279947357e-05,0.000919729067177,0.002405705899998,0.0051470663498288,0.0273979805015887,0.002405705899998,0.0042273372826518,0,facial
face_jawLeft_std,25.0,0.0035777881774659358,0.005077521519252378,7.428562572188418e-05,0.0006117208813871,0.0019998883347426,0.0033108244989361,0.0204333335936473,0.0019998883347426,0.002699103617549,0,facial
face_jawLeft_max,25.0,0.01387015339569184,0.016903775480035885,0.0003332902269903,0.0023634217213839,0.0070177046582102,0.0121661070734262,0.0609233230352401,0.0070177046582102,0.0098026853520423,0,facial
face_jawOpen_mean,25.0,0.04987402674081864,0.052696335652845934,0.005911336112019,0.0101868790431669,0.0297876912843682,0.0671555781387724,0.1889008444547653,0.0297876912843682,0.05696869909560551,0,facial
face_jawOpen_std,25.0,0.04500355250098572,0.04475143137531824,0.003698583685975,0.0112728019160148,0.0321397595228998,0.053651032476052,0.1647828742092399,0.0321397595228998,0.0423782305600372,0,facial
face_jawOpen_max,25.0,0.15743477944284673,0.1465945333577181,0.0135522400960326,0.0489187873899936,0.1065982729196548,0.1920996159315109,0.5186837315559387,0.1065982729196548,0.1431808285415173,0,facial
face_jawRight_mean,25.0,0.00045158319771233547,0.0014381648533217956,1.0668198813488874e-05,3.28352223679009e-05,6.740126296148553e-05,0.0001146461536179,0.0070822132734714,6.740126296148553e-05,8.18109312499991e-05,0,facial
face_jawRight_std,25.0,0.0004915268570988633,0.001444665107465264,5.339607345466283e-06,1.930384499880992e-05,4.758360468731365e-05,0.0001212216832922,0.0065857662453558,4.758360468731365e-05,0.00010191783829339007,0,facial
face_jawRight_max,25.0,0.002141143266780955,0.006488269888632815,2.134334499714896e-05,8.712033741176128e-05,0.0001935030013555,0.000410978012951,0.0295014046132564,0.0001935030013555,0.00032385767553923874,0,facial
face_mouthClose_mean,25.0,0.008129332601758596,0.019565541840917678,0.0001580528268618,0.0004771262603312,0.000949439142243,0.0023274281317272,0.0726138319075107,0.000949439142243,0.0018503018713960002,0,facial
face_mouthClose_std,25.0,0.00995188122185327,0.02698214642539314,0.0001529543312462,0.0003032615912235,0.0006254815184672,0.0018209312680951,0.1206590605878724,0.0006254815184672,0.0015176696768716,0,facial
face_mouthClose_max,25.0,0.03616075161145996,0.09318314625710593,0.0005325284437276,0.0011873948387801,0.0026152294594794,0.0064424113370478,0.3978700339794159,0.0026152294594794,0.005255016498267699,0,facial
face_mouthDimpleLeft_mean,25.0,0.013394070485178955,0.01316793476095171,0.0003142575956839,0.0029907137496218,0.0094717981410212,0.0164484140307952,0.0462362724779681,0.0094717981410212,0.013457700281173402,0,facial
face_mouthDimpleLeft_std,25.0,0.01034950081813316,0.01140132203741926,0.000186512497394,0.0021133166243402,0.0069125423679755,0.0120648698688758,0.0469582114329822,0.0069125423679755,0.0099515532445356,0,facial
face_mouthDimpleLeft_max,25.0,0.04296600656351069,0.043195569466527896,0.0008512101485393,0.0099384086206555,0.0314932391047477,0.0608180351555347,0.1659450978040695,0.0314932391047477,0.0508796265348792,0,facial
face_mouthDimpleRight_mean,25.0,0.013268031834925269,0.012998751126829439,0.0006319031528665,0.0040302054575559,0.0085516640115418,0.0176699082755173,0.0570794472005218,0.0085516640115418,0.013639702817961402,0,facial
face_mouthDimpleRight_std,25.0,0.009330863246813712,0.010304886876862741,0.0003903270727786,0.0034573306634078,0.0066377090970801,0.0126452808687702,0.0409685384132947,0.0066377090970801,0.009187950205362401,0,facial
face_mouthDimpleRight_max,25.0,0.04117909898981448,0.043451550400982746,0.0016322101000696,0.0153518356382846,0.0291881673038005,0.0502822361886501,0.1757962107658386,0.0291881673038005,0.0349304005503655,0,facial
face_mouthFrownLeft_mean,25.0,0.0019232685885325232,0.0035680500153879207,2.63244555280077e-05,0.0001864647385991,0.0006394074127484,0.0017636192945896,0.0153216747567057,0.0006394074127484,0.0015771545559905,0,facial
face_mouthFrownLeft_std,25.0,0.0025164751165265876,0.004950881763964093,2.0281987022610668e-05,0.0002227757963526,0.0008049960279014,0.0026586598065596,0.0221846255434805,0.0008049960279014,0.0024358840102070003,0,facial
face_mouthFrownLeft_max,25.0,0.010837671257031577,0.023831113244641444,7.426487718475983e-05,0.0009289298322983,0.00304437847808,0.0101453848183155,0.1146138682961463,0.00304437847808,0.0092164549860172,0,facial
face_mouthFrownRight_mean,25.0,0.002657430547970046,0.005296074952863632,2.4061264724650755e-05,0.0002304750391704,0.0006409008714659,0.001996924337524,0.0208002610935739,0.0006409008714659,0.0017664492983535999,0,facial
face_mouthFrownRight_std,25.0,0.003657133352555419,0.007901714320921363,2.0393481765408728e-05,0.0002745755860776,0.000681895318753,0.0025347472535603,0.0359336006524591,0.000681895318753,0.0022601716674827,0,facial
face_mouthFrownRight_max,25.0,0.015379055567609575,0.03732143016978801,7.743982132524252e-05,0.0010669114999473,0.0029166911263018,0.0084294388070702,0.1810091137886047,0.0029166911263018,0.0073625273071229,0,facial
face_mouthFunnel_mean,25.0,0.03604877945635762,0.03774117464073802,0.0009486136771175,0.0102952938759699,0.0226360412213043,0.0483280677290167,0.1614023332501976,0.0226360412213043,0.0380327738530468,0,facial
face_mouthFunnel_std,25.0,0.03016703032183024,0.0281496168058995,0.0009576864484607,0.0075422721705957,0.0253978796300564,0.0380222403320959,0.1208311800412936,0.0253978796300564,0.0304799681615002,0,facial
face_mouthFunnel_max,25.0,0.11604247921146449,0.10405339895709295,0.0036388209555298,0.0271429326385259,0.0909081622958183,0.164422407746315,0.4151120185852051,0.0909081622958183,0.1372794751077891,0,facial
face_mouthLeft_mean,25.0,0.005740691469695962,0.0139597165976116,2.0306941648652267e-05,0.0008241074244543,0.0015517353878,0.0063501486542801,0.0712367594894021,0.0015517353878,0.0055260412298258,0,facial
face_mouthLeft_std,25.0,0.00647933196466487,0.017634571706334683,4.385997640527982e-05,0.000597754583951,0.001529870506319,0.0046679605618413,0.0895724473209438,0.001529870506319,0.0040702059778902995,0,facial
face_mouthLeft_max,25.0,0.02282421623123806,0.05292210237911096,0.0001736560370773,0.0022553962189704,0.0053800367750227,0.0171687174588441,0.2669053673744201,0.0053800367750227,0.014913321239873701,0,facial
face_mouthLowerDownLeft_mean,25.0,0.06053445684499452,0.07540090124152717,0.0028830264187314,0.0160259896647678,0.0297654446592787,0.0891661841797031,0.2811388061326441,0.0297654446592787,0.0731401945149353,0,facial
face_mouthLowerDownLeft_std,25.0,0.05998099780245454,0.0629853586417478,0.0039021939670396,0.0167678028174329,0.0433081371337231,0.0643979033838967,0.2541545603045631,0.0433081371337231,0.0476301005664638,0,facial
face_mouthLowerDownLeft_max,25.0,0.1990161866694688,0.17925183030513847,0.0180854462087154,0.0665825679898262,0.1445636600255966,0.277798593044281,0.7015734314918518,0.1445636600255966,0.2112160250544548,0,facial
face_mouthLowerDownRight_mean,25.0,0.07622719489761227,0.0937055978730202,0.0022138478683876,0.0172485163472759,0.0473159844826595,0.0692138483880541,0.3408669990465222,0.0473159844826595,0.051965332040778196,0,facial
face_mouthLowerDownRight_std,25.0,0.0753564260757956,0.06858284863864528,0.0030021964880598,0.0192341480728517,0.0632824512687195,0.0951734853667635,0.2612009424989991,0.0632824512687195,0.0759393372939118,0,facial
face_mouthLowerDownRight_max,25.0,0.24923351604491473,0.19647474438129767,0.014295513741672,0.0856397822499275,0.252533495426178,0.3625879287719726,0.7237755060195923,0.252533495426178,0.2769481465220451,0,facial
face_mouthPressLeft_mean,25.0,0.040024776835466166,0.02964711944317778,0.006507891592264,0.0191045165959033,0.0281733407858101,0.0582437906714697,0.1310161440151518,0.0281733407858101,0.0391392740755664,0,facial
face_mouthPressLeft_std,25.0,0.02700721234128488,0.02349265634409196,0.0027103348218346,0.0113450007046532,0.0163374700148524,0.0401286366856475,0.0923774618414993,0.0163374700148524,0.0287836359809943,0,facial
face_mouthPressLeft_max,25.0,0.10540053650736805,0.09188252277024124,0.0158764272928237,0.0419748909771442,0.0720553249120712,0.1433639228343963,0.3836904764175415,0.0720553249120712,0.10138903185725211,0,facial
face_mouthPressRight_mean,25.0,0.06781408132692464,0.06354882765638577,0.0062096147434558,0.0210950529435649,0.0490818191601923,0.0887301689463442,0.2820126810862172,0.0490818191601923,0.0676351160027793,0,facial
face_mouthPressRight_std,25.0,0.03811297868965971,0.03538806328792652,0.0049322964747163,0.0158482536016244,0.0297095271689124,0.0509489588271059,0.1437076666229216,0.0297095271689124,0.035100705225481504,0,facial
face_mouthPressRight_max,25.0,0.15329419493675225,0.1267406938867331,0.0209606364369392,0.0621271915733814,0.1176493167877197,0.2162777185440063,0.4911157190799713,0.1176493167877197,0.1541505269706249,0,facial
face_mouthPucker_mean,25.0,0.061849368560107504,0.057060875729334576,0.0016026845213115,0.0168481081258505,0.0440993777010589,0.0870109794661402,0.2203706245636567,0.0440993777010589,0.0701628713402897,0,facial
face_mouthPucker_std,25.0,0.06262745589593545,0.06340954353959179,0.0010678263851362,0.0123119210308941,0.0462241318490522,0.0893545987976226,0.2369997247029533,0.0462241318490522,0.0770426777667285,0,facial
face_mouthPucker_max,25.0,0.24262184865772723,0.21588216856922726,0.0055422214791178,0.0537766478955745,0.2007132768630981,0.3273860216140747,0.7220916748046875,0.2007132768630981,0.2736093737185002,0,facial
face_mouthRight_mean,25.0,0.007500006744950547,0.02814384281315459,7.224586085499141e-06,0.0002329171689,0.0006435517775571,0.0021839579203515,0.1417757781732472,0.0006435517775571,0.0019510407514515002,0,facial
face_mouthRight_std,25.0,0.0060359500667794075,0.019804507564018244,9.9299981359628e-06,0.0001509212514711,0.0004939380290491,0.0014055339932812,0.0987392336994655,0.0004939380290491,0.0012546127418101,0,facial
face_mouthRight_max,25.0,0.021188952294178262,0.06519368179989816,4.281572182662785e-05,0.0005731935962103,0.0021825288422405,0.0068283486180007,0.3247491419315338,0.0021825288422405,0.0062551550217903994,0,facial
face_mouthRollLower_mean,25.0,0.007551917282775756,0.015616036967668808,0.0007405985131353,0.0013232656157586,0.0019972709778812,0.007965476581982,0.0787367900858433,0.0019972709778812,0.0066422109662234,0,facial
face_mouthRollLower_std,25.0,0.009634404339765663,0.0299410019929516,0.0001556407419456,0.0007709176220989,0.0016758647560492,0.0037673903444851,0.1501169809111762,0.0016758647560492,0.0029964727223862,0,facial
face_mouthRollLower_max,25.0,0.03324697139672931,0.09316511076068894,0.0012180268531665,0.0029107925947755,0.0069984816946089,0.0169295165687799,0.4645495116710663,0.0069984816946089,0.0140187239740044,0,facial
face_mouthRollUpper_mean,25.0,0.00996938800794418,0.014064975801396979,0.0006984768118948,0.002566407257691,0.0048178505882189,0.0097888723248615,0.0694857990435723,0.0048178505882189,0.007222465067170499,0,facial
face_mouthRollUpper_std,25.0,0.009794762798697116,0.02303462488479701,0.0005382762761099,0.0014579685585864,0.0041552501313007,0.0068336478390745,0.1176599504320652,0.0041552501313007,0.0053756792804881,0,facial
face_mouthRollUpper_max,25.0,0.03455600126646455,0.07257716620203576,0.0016546996776014,0.0051947701722383,0.0170702617615461,0.0287797003984451,0.3709076046943664,0.0170702617615461,0.0235849302262068,0,facial
face_mouthShrugLower_mean,25.0,0.02435328345231799,0.043874341352903426,0.0002219081641048,0.001492855428938,0.0108316207616179,0.0235827150384218,0.1845004957586783,0.0108316207616179,0.0220898596094838,0,facial
face_mouthShrugLower_std,25.0,0.034620266226092725,0.06411677462512297,0.0002116013789775,0.0018863475996369,0.0107116282252884,0.0312741022266725,0.2984111061938931,0.0107116282252884,0.0293877546270356,0,facial
face_mouthShrugLower_max,25.0,0.11575546177104112,0.2033371084500794,0.0008561327122151,0.0080067962408065,0.0437999814748764,0.1193982511758804,0.9581661820411682,0.0437999814748764,0.11139145493507391,0,facial
face_mouthShrugUpper_mean,25.0,0.029983054305790353,0.025583148159956548,0.0026303892475826,0.0101259335739693,0.0214273541979491,0.0477106306528629,0.0828227829788961,0.0214273541979491,0.0375846970788936,0,facial
face_mouthShrugUpper_std,25.0,0.02083091257684357,0.020169479567227405,0.0005993986174757,0.0064714646407932,0.0117101146141497,0.0312987735006947,0.0686418299210502,0.0117101146141497,0.024827308859901503,0,facial
face_mouthShrugUpper_max,25.0,0.08280229969881471,0.07529321214933572,0.0037026468198746,0.0226964261382818,0.0597086362540721,0.1219821795821189,0.2637171149253845,0.0597086362540721,0.09928575344383711,0,facial
face_mouthSmileLeft_mean,25.0,0.24387451312047698,0.19845772920458382,0.0074763066443284,0.0417507462587673,0.2295995471393004,0.3791491851273061,0.5634735498045172,0.2295995471393004,0.3373984388685388,0,facial
face_mouthSmileLeft_std,25.0,0.16032064487007516,0.10650192088194571,0.0035712762250268,0.0559403867670978,0.1396597280215781,0.2357502145949507,0.3726018052918107,0.1396597280215781,0.17980982782785293,0,facial
face_mouthSmileLeft_max,25.0,0.4948688532039523,0.2965718968564139,0.0148053346201777,0.1890846341848373,0.5084431171417236,0.7247448563575745,0.927043616771698,0.5084431171417236,0.5356602221727371,0,facial
face_mouthSmileRight_mean,25.0,0.24326372081845762,0.19698989362817484,0.0114513337649705,0.0391073785064509,0.2295480844738005,0.3467609379085621,0.5864310474956737,0.2295480844738005,0.3076535594021112,0,facial
face_mouthSmileRight_std,25.0,0.1581433519299909,0.105044624054972,0.0050364745214147,0.0615571388662897,0.1309829444905545,0.2342493988540547,0.3631423249216459,0.1309829444905545,0.17269225998776502,0,facial
face_mouthSmileRight_max,25.0,0.48630956597626207,0.2918733214050517,0.0198351126164197,0.2344942986965179,0.4837547242641449,0.7249389886856079,0.9260031580924988,0.4837547242641449,0.49044468998909,0,facial
face_mouthStretchLeft_mean,25.0,0.016202544166423583,0.017156514714122946,0.0014410392880866,0.0025940008322672,0.0106583371731069,0.0229070480118805,0.0638351861243358,0.0106583371731069,0.0203130471796133,0,facial
face_mouthStretchLeft_std,25.0,0.01762084146021336,0.02189271163184743,0.0006898255009635,0.0026950342554793,0.0075737566367631,0.023225766992329,0.0817116948329983,0.0075737566367631,0.0205307327368497,0,facial
face_mouthStretchLeft_max,25.0,0.0635119934380054,0.0756177347489316,0.0036606900393962,0.0098591390997171,0.035892080515623,0.080103687942028,0.2691087424755096,0.035892080515623,0.0702445488423109,0,facial
face_mouthStretchRight_mean,25.0,0.03940721205486083,0.03301743667267389,0.0030955101336495,0.0158140535252944,0.0334423217943615,0.0540879026922429,0.1225822752270081,0.0334423217943615,0.0382738491669485,0,facial
face_mouthStretchRight_std,25.0,0.04038145744934983,0.04138734966888136,0.0019212234778905,0.0145204727909447,0.0290353767148768,0.0521774489326292,0.2040811070192171,0.0290353767148768,0.0376569761416845,0,facial
face_mouthStretchRight_max,25.0,0.15561444643884895,0.13991481275411788,0.0077954595908522,0.0608822517096996,0.1170966625213623,0.2460949122905731,0.6370323896408081,0.1170966625213623,0.1852126605808735,0,facial
face_mouthUpperUpLeft_mean,25.0,0.1479212977083098,0.1246837991668846,0.0002521133978104,0.0316605188813991,0.132914318930654,0.2501262231865742,0.3983439976970355,0.132914318930654,0.2184657043051751,0,facial
face_mouthUpperUpLeft_std,25.0,0.1389127713136856,0.10264824116437533,0.0003720486838794,0.0440935199993385,0.1313467505440445,0.2309453223750047,0.3414686846564881,0.1313467505440445,0.1868518023756662,0,facial
face_mouthUpperUpLeft_max,25.0,0.41852383070159704,0.2767554572539416,0.0012755898060277,0.1325351446866989,0.4381952881813049,0.658713698387146,0.8570255041122437,0.4381952881813049,0.5261785537004471,0,facial
face_mouthUpperUpRight_mean,25.0,0.17220888129659687,0.14228484432092955,0.0012928732440512,0.0198099974543921,0.1631449993918154,0.2816783478879455,0.4464879725128412,0.1631449993918154,0.2618683504335534,0,facial
face_mouthUpperUpRight_std,25.0,0.15344542346810822,0.11259628969039186,0.0022481288867585,0.0294444920707954,0.1531693254026499,0.2369138152614703,0.3480722314570109,0.1531693254026499,0.2074693231906749,0,facial
face_mouthUpperUpRight_max,25.0,0.4547281366586685,0.2964855118788656,0.00851028598845,0.1330102831125259,0.516893744468689,0.6772995591163635,0.9075128436088562,0.516893744468689,0.5442892760038376,0,facial
face_noseSneerLeft_mean,25.0,2.9337804877055816e-06,2.255387784778984e-06,4.388003179859165e-07,1.3199152942522026e-06,2.235616266228349e-06,4.059425871597948e-06,9.777420088469696e-06,2.235616266228349e-06,2.739510577345745e-06,0,facial
face_noseSneerLeft_std,25.0,1.4550737625487896e-06,1.2508444193811329e-06,1.9677625065591137e-07,6.9235096497978e-07,1.0685070696208471e-06,2.058311347243203e-06,5.455805041564314e-06,1.0685070696208471e-06,1.3659603822634232e-06,0,facial
face_noseSneerLeft_max,25.0,6.5602693439359426e-06,5.080610769646183e-06,9.05260662875662e-07,2.7585458610701608e-06,6.501853931695223e-06,8.647332833788823e-06,2.158971801691223e-05,6.501853931695223e-06,5.888786972718663e-06,0,facial
face_noseSneerRight_mean,25.0,1.9305645323712574e-06,8.981273349950305e-07,3.78088283818389e-07,1.3169449393224395e-06,1.6521221847857044e-06,2.586849234376132e-06,3.734007895180488e-06,1.6521221847857044e-06,1.2699042950536923e-06,0,facial
face_noseSneerRight_std,25.0,1.2240117227020137e-06,5.556190366551414e-07,2.492631379632188e-07,8.182078590828218e-07,1.1317891197395236e-06,1.6200188024532644e-06,2.2377512792627445e-06,1.1317891197395236e-06,8.018109433704426e-07,0,facial
face_noseSneerRight_max,25.0,4.5039097130938895e-06,1.9395118101457584e-06,8.225673582273885e-07,3.361898052389733e-06,4.482770691538462e-06,6.1041209846735e-06,7.818147423677146e-06,4.482770691538462e-06,2.742222932283767e-06,0,facial
face_smile_mean,25.0,0.2435691169694673,0.19687927903882516,0.0094638202046494,0.0404290623826091,0.2399325912159945,0.3629550615179341,0.574459869921317,0.2399325912159945,0.322525999135325,0,facial
face_smile_std,25.0,0.15852827506151707,0.10506438651638837,0.0041994996052862,0.0586429449500744,0.1329154425626351,0.2322528004306472,0.367529395603636,0.1329154425626351,0.17360985548057278,0,facial
face_smile_max,25.0,0.48593587139621375,0.2905827947758302,0.0173202236182987,0.1924318745732307,0.5363972932100296,0.7089111804962158,0.9256492853164672,0.5363972932100296,0.5164793059229851,0,facial
face_frown_mean,25.0,0.0022903495682512886,0.004410884335395021,2.5192860126329222e-05,0.0002084698888847,0.0006427535356254,0.001954042699912,0.0180609679251398,0.0006427535356254,0.0017455728110273,0,facial
face_frown_std,25.0,0.0030766984393655076,0.006391490629835847,2.0271846638831172e-05,0.0002715599795405,0.0006764972608837,0.0026666023251731,0.02900763268352,0.0006764972608837,0.0023950423456326,0,facial
face_frown_max,25.0,0.013090209503716279,0.030537266351295785,7.585234925500117e-05,0.0009979206661228,0.0026860573561862,0.0090472479350864,0.1478114910423755,0.0026860573561862,0.0080493272689636,0,facial
face_brow_lowerer_mean,25.0,0.053424978224651115,0.05339708683873113,0.0003458603066932,0.0131657875608652,0.0287907791457005,0.0903058408859319,0.1823116117668133,0.0287907791457005,0.0771400533250667,0,facial
face_brow_lowerer_std,25.0,0.030692510349619125,0.03195392228897175,0.0004427477188641,0.0057354631027452,0.0142385024153782,0.0482219933868789,0.123970118551414,0.0142385024153782,0.042486530284133704,0,facial
face_brow_lowerer_max,25.0,0.11162928719539192,0.10760551647287324,0.0015647535910829,0.0211442820727825,0.0548391081392765,0.1895276010036468,0.4031822681427002,0.0548391081392765,0.1683833189308643,0,facial
face_eye_squint_mean,25.0,0.391707136704839,0.11033765459039732,0.2010380217495063,0.3245875501916522,0.4015960192138498,0.471341547369957,0.6881500131943646,0.4015960192138498,0.14675399717830478,0,facial
face_disgust_proxy_mean,25.0,0.08003376083748164,0.06621956092889235,0.0003865490348853,0.0135109118758746,0.0732244602455585,0.1308822538302738,0.2112102192605232,0.0732244602455585,0.1173713419543992,0,facial
face_expressiveness_proxy,25.0,0.046787399380131905,0.008564737353514562,0.028238978836843,0.0415541957334072,0.0496945600371337,0.0520146316163651,0.060214248197532,0.0496945600371337,0.010460435882957905,0,facial
face_motion_energy,25.0,0.011817195932718327,0.0035465100464272554,0.0074068679213623,0.0089627819207612,0.0117739150169485,0.0124733293288001,0.0218529948214253,0.0117739150169485,0.0035105474080389006,0,facial
face_ear_mean,25.0,0.23466678458110618,0.03917474313094371,0.1421435987664879,0.2095263047709358,0.2370465211312103,0.2594446218478505,0.3150282791275174,0.2370465211312103,0.04991831707691469,0,facial
face_ear_std,25.0,0.037942627115815385,0.023770035684972903,0.0080777364948934,0.017865332246854,0.041137377554514,0.0500394624118894,0.0920830845878325,0.041137377554514,0.0321741301650354,0,facial
face_ear_min,25.0,0.14324769699027476,0.0803237202165135,0.0105221620064828,0.0682749474633504,0.1375166750231747,0.2215516496919425,0.2829457089746587,0.1375166750231747,0.15327670222859208,0,facial
face_mar_mean,25.0,0.16011919576144396,0.05612188708514946,0.0903064294729406,0.1100027619318179,0.1417336438967938,0.2024328267255435,0.2657441160587591,0.1417336438967938,0.09243006479372559,0,facial
face_mar_std,25.0,0.08485929249841304,0.024626784429868015,0.0279088692769019,0.0657642235473892,0.0823532059242908,0.1051954002708987,0.1390222634605511,0.0823532059242908,0.0394311767235095,0,facial
face_mar_max,25.0,0.31199545071542,0.07473144991827896,0.1844202450180804,0.2498118955456184,0.3080845988579682,0.3743125921088672,0.452452541733326,0.3080845988579682,0.1245006965632488,0,facial
face_pitch_mean_deg,25.0,0.5789401732342063,6.664620664557537,-12.37328400594166,-2.664688183456023,3.031247998984643,5.36293028931429,9.88177487955728,3.031247998984643,8.027618472770314,0,facial
face_pitch_std_deg,25.0,2.524604058222075,1.6175992080236703,0.544880614637354,1.5442696408421326,2.225807736558566,3.1393447262510974,8.129118455776137,2.225807736558566,1.5950750854089648,0,facial
face_yaw_mean_deg,25.0,5.948257231171812,6.793285779223668,-9.72897662421422,1.8774247495434264,5.050448024085189,11.527106655526094,15.89182610180307,5.050448024085189,9.649681905982668,0,facial
face_yaw_std_deg,25.0,3.12230611086035,2.4894283259113164,0.1805808764942745,1.106776490013251,2.6463576443415278,4.659375768454672,10.207300914282786,2.6463576443415278,3.552599278441421,0,facial
face_roll_mean_deg,25.0,0.6825098130916823,5.099119204793315,-8.891863553590232,-1.3866922663766674,0.6818907854395785,3.1660805649064194,14.526553951179425,0.6818907854395785,4.552772831283087,0,facial
face_roll_std_deg,25.0,2.0715205303142334,1.8058257531557325,0.1420374431765761,0.6169534354747783,1.1377884023787177,2.805758704695686,6.061023349673232,1.1377884023787177,2.1888052692209072,0,facial
