participant_code,valence_score,arousal_score,valence_score__dummy_mean,valence_score__audio,valence_score__facial,valence_score__multimodal,arousal_score__dummy_mean,arousal_score__audio,arousal_score__facial,arousal_score__multimodal
Y2C-001,5,4,3.25,3.494805226246304,3.6681514961261064,3.6378455395047165,3.65,3.389506050148274,3.9589501509814577,3.4365053251328463
Y2C-002,3,4,3.5,4.053079353066334,3.208096938117271,3.56530918612871,3.7,4.07271616089356,3.660015780616542,3.9354928884067624
Y2C-003,4,4,3.25,3.297879035860755,3.541351502462952,3.416127989495705,3.65,3.6301639118077147,5.483828466648561,3.8584225109164003
Y2C-004,4,4,3.25,3.463430242706786,3.0567534643908725,3.2530836369452194,3.65,3.4367041640615335,3.2824639860310767,3.635265047564598
Y2C-005,3,2,3.45,3.627857419622405,3.97551782241633,4.093008286635131,3.8,4.2101655141984615,3.897297259859149,4.2101655141984615
Y2C-006,4,4,3.45,4.278308394450457,3.73035818868218,4.124067243448598,3.7,4.240816477741685,3.6228114037010433,4.045245194481837
Y2C-007,4,4,3.45,4.1165515180002,4.022013969484828,4.240941453817797,3.8,3.922562790725996,3.861522703591383,3.922562790725996
Y4D-008,3,4,3.45,3.45050176455663,3.4297144318701944,3.2742869127663776,3.7,3.4187157491620894,4.1918122263147755,3.7056139011331215
Y4D-009,3,2,3.55,3.3310969545762394,4.113297890174644,3.783612707532349,3.75,3.750947380514628,3.637486703828903,3.805606798638371
Y4D-010,2,4,3.55,3.303991000823026,3.4288987738467247,3.5488361888836497,3.75,2.8803157889054045,3.829906657893581,2.9220615117443183
Y4D-011,3,3,3.45,3.468098655870028,2.7935401477032897,3.098184682699039,3.7,4.039453218179408,4.1781480083465565,4.267384036930921
Y4D-012,4,4,3.55,3.111592826501959,3.6782606398785216,3.436408028213058,3.75,3.6983012168238902,3.8566454443509732,3.8214147089764903
Y4D-013,5,4,3.25,3.2193338484099825,3.634746984228189,3.6064476749763843,3.65,3.2376839745212465,4.284328446990405,3.4705671113572034
Y4D-014,4,5,3.5,4.021488109520315,2.942988507678029,3.5866617212782117,3.7,3.401187653889742,3.607282390879084,3.934451617768884
Y4D-015,4,5,3.45,3.6294841095178314,3.4602577236611554,3.7499705067904983,3.7,3.7832992854548766,3.629493010575362,3.970618159179853
Y4D-016,3,4,3.55,2.93126694820184,2.780335457362166,2.6542472131551103,3.75,4.468788478371278,4.059737952752038,4.4295693113946495
Y4D-017,3,4,3.25,3.1885791466988063,3.5733829481274793,3.3362363738694385,3.65,4.487156610333323,3.766990504926253,4.102971794229904
Y4D-018,3,4,3.55,3.730098230952027,3.4407789207265567,3.367594446999813,3.75,3.6738171611107266,4.234602281617596,3.842148530199223
Y4D-019,3,4,3.45,3.7060819527452926,3.881793560464344,3.6802992714000076,3.8,3.8564131534750152,3.9150123498379785,3.8564131534750152
Y4D-020,3,3,3.45,3.208576455371697,3.2283908628925246,3.063757594949218,3.7,3.82770299778913,4.325520028719283,4.243163810826119
Y4D-021,3,3,3.5,3.323422232570392,2.8019889005065868,2.959575451616508,3.7,3.6659182383644966,2.3896735610808557,2.9725392940192874
Y4D-022,4,4,3.45,3.8769420561466985,4.229213172454368,4.267392392535258,3.8,4.1401153192623354,3.993458150757155,4.1401153192623354
Y4D-023,3,4,3.5,4.138065653975331,3.819545006377138,4.0674525879657715,3.7,3.549130569984378,3.8112819269091625,3.9608090275681476
Y4D-024,3,3,3.5,3.260390101690175,2.205525834353069,2.8442134653092186,3.7,4.350492894834718,3.4071200882220776,4.453431248008071
Y4D-025,3,3,3.45,3.5319787406227277,2.8485021641769603,2.8841769449909465,3.8,3.3527737501122887,3.345326221495461,3.3527737501122887
