feature,modality,target,rho,p_value,n,q_value_bh
face_mouthSmileLeft_std,facial,valence_score,0.6088225208032239,0.001239158356176657,25,0.2481091987815633
face_smile_std,facial,valence_score,0.5993164204074318,0.0015456833519894274,25,0.2481091987815633
face_mouthSmileRight_std,facial,valence_score,0.5984522294623599,0.0015765229685270464,25,0.2481091987815633
face_mouthSmileLeft_max,facial,valence_score,0.594995465682072,0.0017052178610416722,25,0.2481091987815633
audio_delta_mfcc_9_std,audio,valence_score,0.5764153603630239,0.002562245815762501,25,0.28746446300107087
audio_onset_rate_per_sec,audio,valence_score,-0.5695018328024479,0.0029635511649594936,25,0.28746446300107087
audio_delta_mfcc_3_mean,audio,arousal_score,-0.5568457656985134,0.0038373231338475096,25,0.31139055000230553
audio_delta2_mfcc_6_mean,audio,valence_score,-0.5466007727580399,0.0046959424998074244,25,0.31139055000230553
face_mouthSmileRight_max,facial,valence_score,0.5453044863404319,0.004815317783540807,25,0.31139055000230553
face_smile_max,facial,valence_score,0.5388230542523919,0.005451291229618676,25,0.3172651495638069
audio_trimmed_dur_sec,audio,valence_score,0.52715647649392,0.0067743827885316035,25,0.3584264348113994
face_cheekPuff_max,facial,valence_score,0.5094405621199439,0.009291140467602755,25,0.4506203126787336
audio_mfcc_4_mean,audio,valence_score,-0.49474931605371986,0.0119280604667741,25,0.499064735879777
face_cheekPuff_std,facial,valence_score,0.4839469292403199,0.01423835375463552,25,0.499064735879777
face_mouthDimpleLeft_max,facial,arousal_score,0.48346996957170857,0.014348285909089889,25,0.499064735879777
audio_delta2_mfcc_10_mean,audio,valence_score,-0.47789759262481585,0.01568514851712944,25,0.499064735879777
audio_delta_mfcc_10_std,audio,valence_score,-0.47616921073467194,0.01611996515121545,25,0.499064735879777
audio_mfcc_5_mean,audio,valence_score,-0.4753050197895999,0.016341048706767232,25,0.499064735879777
audio_zcr_mean,audio,arousal_score,0.4681645887845223,0.01826447814083464,25,0.499064735879777
face_mouthSmileLeft_max,facial,arousal_score,0.4641131644585023,0.019435493052257922,25,0.499064735879777
face_eyeLookDownRight_std,facial,valence_score,-0.46363844203112786,0.019576618817270876,25,0.499064735879777
face_mouthDimpleLeft_std,facial,arousal_score,0.4614122149078224,0.02024960945649916,25,0.499064735879777
audio_mfcc_3_mean,audio,valence_score,-0.4597495827783039,0.020764401556990976,25,0.499064735879777
face_mouthSmileLeft_mean,facial,arousal_score,0.45646047406490925,0.021814126226200842,25,0.499064735879777
audio_delta_mfcc_7_mean,audio,arousal_score,-0.4560103158064625,0.02196108547271975,25,0.499064735879777
face_mouthUpperUpRight_std,facial,valence_score,0.4549965325804079,0.02229498820081478,25,0.499064735879777
audio_spec_centroid_mean,audio,arousal_score,0.4416052515361696,0.027104715737951392,25,0.5638508680999899
audio_mfcc_12_mean,audio,arousal_score,-0.4407049350192762,0.027455873807101745,25,0.5638508680999899
audio_delta2_mfcc_9_std,audio,valence_score,0.4390090000965759,0.028127288632022886,25,0.5638508680999899
audio_delta_mfcc_9_std,audio,arousal_score,0.4366535106932563,0.029081640746774398,25,0.5638508680999899
audio_mfcc_10_std,audio,valence_score,-0.4320954725359999,0.031002109586253736,25,0.5638508680999899
face_smile_mean,facial,valence_score,0.4320954725359999,0.031002109586253736,25,0.5638508680999899
face_eyeLookDownLeft_std,facial,valence_score,-0.42345356308527987,0.0349212359212599,25,0.5712313160633884
face_mouthUpperUpLeft_std,facial,valence_score,0.42345356308527987,0.0349212359212599,25,0.5712313160633884
audio_delta2_mfcc_5_mean,audio,arousal_score,0.4231487629398567,0.03506634076654503,25,0.5712313160633884
face_mouthSmileLeft_mean,facial,valence_score,0.422589372140208,0.03533389583897248,25,0.5712313160633884
face_mouthSmileLeft_std,facial,arousal_score,0.4172967055800502,0.03794657149331797,25,0.5968893137597583
audio_mfcc_5_std,audio,valence_score,-0.41049069890919987,0.041528917062463845,25,0.6134331128597813
face_smile_max,facial,arousal_score,0.40919385692801036,0.042240834553166136,25,0.6134331128597813
audio_spec_flatness_mean,audio,arousal_score,0.4087436986695636,0.042490193056440924,25,0.6134331128597813
face_eyeWideRight_mean,facial,valence_score,0.40616974418383994,0.0439383744114595,25,0.6134331128597813
face_smile_mean,facial,arousal_score,0.4055925908604371,0.04426836896926257,25,0.6134331128597813
face_mouthSmileRight_mean,facial,valence_score,0.4035771713486239,0.04543603258249559,25,0.6149714177444752
audio_delta2_mfcc_9_std,audio,arousal_score,0.3965894256915039,0.04967295530314343,25,0.6570377269643063
audio_mfcc_8_std,audio,arousal_score,0.3911875265901441,0.05315520557176047,25,0.6874739920614354
audio_mfcc_2_mean,audio,arousal_score,-0.3857856274887842,0.05682475738181338,25,0.7002429417863801
audio_delta2_mfcc_8_mean,audio,arousal_score,-0.38488531097189094,0.05745500112836189,25,0.7002429417863801
audio_delta_mfcc_11_mean,audio,valence_score,-0.3828365886668959,0.05890935377318783,25,0.7002429417863801
face_mouthSmileRight_max,facial,arousal_score,0.382184361421211,0.0593782896927091,25,0.7002429417863801
audio_delta2_mfcc_10_std,audio,valence_score,-0.38110820677675195,0.06015832833216324,25,0.7002429417863801
face_expressiveness_proxy,facial,arousal_score,0.3740815127691712,0.06544798333640302,25,0.7468769863095402
face_eyeLookDownLeft_mean,facial,valence_score,-0.36425648334784794,0.07343508969886788,25,0.7994057314025137
face_cheekPuff_mean,facial,valence_score,0.36339229240277593,0.07417166580023324,25,0.7994057314025137
audio_delta2_mfcc_6_std,audio,valence_score,-0.36339229240277593,0.07417166580023324,25,0.7994057314025137
face_mouthPressRight_mean,facial,arousal_score,-0.36102692327421815,0.07621654869805099,25,0.8020625370927882
face_mouthUpperUpRight_max,facial,valence_score,0.3599355286224879,0.07717440219449508,25,0.8020625370927882
face_mar_std,facial,valence_score,0.35820714673234394,0.07870998197488333,25,0.8036703422698612
face_eyeLookDownRight_mean,facial,valence_score,-0.3547503829520559,0.0818505667446821,25,0.8173951051513261
audio_delta_mfcc_10_mean,audio,arousal_score,0.35292407462217834,0.08354763575789668,25,0.8173951051513261
audio_mfcc_13_std,audio,valence_score,-0.3521578101168399,0.08426753661353878,25,0.8173951051513261
face_mouthLowerDownRight_mean,facial,valence_score,0.3495652372816239,0.08673798976724824,25,0.8260033117520826
audio_delta2_mfcc_4_mean,audio,valence_score,0.3482689508640159,0.08799347994609816,25,0.8260033117520826
audio_delta2_mfcc_1_std,audio,arousal_score,0.34347075119479853,0.09275981786979914,25,0.8409686241476387
face_smile_std,facial,arousal_score,0.3421202764194586,0.0941355432821767,25,0.8409686241476387
face_jawLeft_mean,facial,valence_score,-0.34092332783090395,0.09536757593426831,25,0.8409686241476387
face_mouthUpperUpRight_mean,facial,valence_score,0.34092332783090395,0.09536757593426831,25,0.8409686241476387
audio_spec_rolloff85_mean,audio,arousal_score,0.338969168610332,0.09740484035408613,25,0.8419513394637244
audio_mfcc_1_mean,audio,arousal_score,0.33716853557654536,0.09931061056081794,25,0.8419513394637244
face_mouthSmileRight_mean,facial,arousal_score,0.3353679025427587,0.10124399274990577,25,0.8419513394637244
audio_delta_mfcc_2_mean,audio,arousal_score,0.3349177442843121,0.10173167744343625,25,0.8419513394637244
face_cheekPuff_max,facial,arousal_score,0.3340174277674187,0.1027122768074303,25,0.8419513394637244
face_eyeWideLeft_mean,facial,valence_score,0.32882465459989596,0.10850542936994757,25,0.8669701559120291
audio_delta_mfcc_9_mean,audio,arousal_score,0.3286155286660589,0.1087436793497906,25,0.8669701559120291
face_eyeSquintLeft_mean,facial,valence_score,0.3245036998745359,0.11350690619289638,25,0.8738009392756455
face_eyeLookDownLeft_max,facial,valence_score,-0.32407160440199995,0.1140162119975185,25,0.8738009392756455
face_mouthPressRight_std,facial,arousal_score,-0.32186315478935906,0.11664552046997521,25,0.8738009392756455
audio_delta_mfcc_13_std,audio,valence_score,-0.3214790315667839,0.11710734237714837,25,0.8738009392756455
audio_delta2_mfcc_1_mean,audio,valence_score,0.3214790315667839,0.11710734237714837,25,0.8738009392756455
face_mouthPressRight_max,facial,arousal_score,-0.31871204698023253,0.12047365594832353,25,0.8822282941878564
audio_mfcc_4_std,audio,valence_score,-0.31413340853367194,0.12619835210764777,25,0.8822282941878564
audio_trimmed_dur_sec,audio,arousal_score,0.31376030613731926,0.12667339884330892,25,0.8822282941878564
face_eyeBlinkLeft_mean,facial,valence_score,-0.3132692175886,0.12730064711773698,25,0.8822282941878564
face_disgust_proxy_mean,facial,valence_score,0.3115408356984559,0.12952616955387247,25,0.8822282941878564
face_mouthUpperUpLeft_mean,facial,valence_score,0.308516167390704,0.1334884157362537,25,0.8822282941878564
face_eyeBlinkRight_max,facial,arousal_score,-0.30835840703595935,0.13369745112103176,25,0.8822282941878564
audio_onset_rate_per_sec,audio,arousal_score,-0.3070079322606194,0.1354965293697783,25,0.8822282941878564
face_eyeLookDownRight_max,facial,valence_score,-0.30505940361041595,0.13812296840685387,25,0.8822282941878564
face_mouthPucker_max,facial,valence_score,0.304195212665344,0.13929945745389385,25,0.8822282941878564
audio_delta2_mfcc_4_std,audio,valence_score,-0.304195212665344,0.13929945745389385,25,0.8822282941878564
audio_mfcc_9_std,audio,arousal_score,0.30385682445149287,0.13976208595275005,25,0.8822282941878564
audio_mfcc_5_mean,audio,arousal_score,-0.3029565079345995,0.14099832525985495,25,0.8822282941878564
face_jawForward_std,facial,valence_score,0.30117054435759194,0.14347382792323018,25,0.8822282941878564
face_mouthUpperUpLeft_max,facial,valence_score,0.30073844888505596,0.1440773928057787,25,0.8822282941878564
face_browOuterUpLeft_std,facial,valence_score,-0.30030635341251993,0.14468277125624943,25,0.8822282941878564
face_eyeSquintLeft_max,facial,valence_score,0.29684958963223196,0.1495913628525816,25,0.8822282941878564
audio_delta2_mfcc_8_mean,audio,valence_score,-0.2964174941596959,0.15021316635517903,25,0.8822282941878564
face_mouthLowerDownLeft_mean,facial,valence_score,0.29598539868715995,0.15083680612732767,25,0.8822282941878564
audio_rms_frame_variation_proxy,audio,valence_score,-0.29512120774208794,0.1520896033401703,25,0.8822282941878564
audio_delta_mfcc_4_std,audio,valence_score,-0.29512120774208794,0.1520896033401703,25,0.8822282941878564
face_eyeLookUpLeft_mean,facial,valence_score,0.2946891122695519,0.15271876518632288,25,0.8822282941878564
face_mouthDimpleLeft_mean,facial,arousal_score,0.29395334276566637,0.15379434507681108,25,0.8822282941878564
face_eyeBlinkRight_mean,facial,valence_score,-0.29339282585194393,0.15461732990921195,25,0.8822282941878564
audio_delta2_mfcc_9_mean,audio,valence_score,-0.2886397756540479,0.16172174174228834,25,0.8904465867739717
audio_delta_mfcc_8_mean,audio,valence_score,0.28691139376390395,0.16436125853253214,25,0.8904465867739717
face_mouthSmileRight_std,facial,arousal_score,0.2845000193382866,0.16809417331238455,25,0.8904465867739717
audio_delta_mfcc_1_mean,audio,valence_score,0.28302253451107995,0.17041050219377044,25,0.8904465867739717
face_mouthLowerDownRight_std,facial,valence_score,0.28215834356600794,0.1717756319913291,25,0.8904465867739717
audio_mfcc_4_mean,audio,arousal_score,-0.2799984367538201,0.1752208932017701,25,0.8904465867739717
audio_delta2_mfcc_7_std,audio,valence_score,-0.27913367525825594,0.17661366068261686,25,0.8904465867739717
face_eyeWideLeft_max,facial,valence_score,0.2774052933681119,0.17942037978112618,25,0.8904465867739717
face_cheekSquintRight_mean,facial,arousal_score,0.2759470124278002,0.18181242087487232,25,0.8904465867739717
audio_delta_mfcc_5_mean,audio,valence_score,-0.27567691147796797,0.18225788237501556,25,0.8904465867739717
face_cheekPuff_std,facial,arousal_score,0.27504669591090686,0.18330019425199656,25,0.8904465867739717
audio_delta2_mfcc_8_std,audio,arousal_score,0.27504669591090686,0.18330019425199656,25,0.8904465867739717
audio_mfcc_3_std,audio,arousal_score,0.27459653765246017,0.18404722755283998,25,0.8904465867739717
audio_mfcc_3_mean,audio,arousal_score,-0.27459653765246017,0.18404722755283998,25,0.8904465867739717
face_cheekSquintRight_max,facial,arousal_score,0.27414637939401354,0.1847963611319089,25,0.8904465867739717
audio_delta2_mfcc_12_mean,audio,arousal_score,0.2736962211355669,0.18554759687410466,25,0.8904465867739717
face_cheekPuff_mean,facial,arousal_score,0.27279590461867353,0.1870563823166066,25,0.8904465867739717
face_eyeLookInRight_mean,facial,valence_score,0.27222014769767994,0.1880256770283791,25,0.8904465867739717
audio_mfcc_9_std,audio,valence_score,0.2704917658075359,0.1909561809349589,25,0.8904465867739717
audio_delta_mfcc_5_std,audio,valence_score,-0.2704917658075359,0.1909561809349589,25,0.8904465867739717
face_mouthRight_max,facial,arousal_score,0.27009495506799364,0.19163338217425185,25,0.8904465867739717
face_eyeWideRight_std,facial,valence_score,0.26919547938992794,0.1931745331076966,25,0.8904465867739717
face_expressiveness_proxy,facial,valence_score,0.26876338391739196,0.19391789194478642,25,0.8904465867739717
face_cheekSquintLeft_max,facial,arousal_score,0.266943847258867,0.19706963053104293,25,0.8904465867739717
face_browInnerUp_std,facial,valence_score,-0.2666029065547119,0.1976640648209842,25,0.8904465867739717
face_eyeLookUpRight_mean,facial,valence_score,0.26617081108217594,0.19841918546761608,25,0.8904465867739717
audio_zcr_max,audio,arousal_score,0.2651432142250804,0.20022288892327786,25,0.8904465867739717
face_ear_min,facial,arousal_score,0.26469305596663373,0.20101654156918508,25,0.8904465867739717
audio_delta_mfcc_11_std,audio,valence_score,0.26357823824696,0.2029912323734835,25,0.8904465867739717
face_browInnerUp_std,facial,arousal_score,0.26289242293284715,0.2042125516459752,25,0.8904465867739717
face_mouthUpperUpRight_std,facial,arousal_score,0.26244226467440046,0.20501691173146427,25,0.8904465867739717
face_mouthUpperUpLeft_std,facial,arousal_score,0.26244226467440046,0.20501691173146427,25,0.8904465867739717
face_mouthRight_std,facial,arousal_score,0.2606416316406138,0.2082558273426654,25,0.897814011210602
audio_delta_mfcc_6_mean,audio,valence_score,0.2596893789941359,0.20998261891255077,25,0.8986020897581217
audio_spec_centroid_std,audio,valence_score,-0.25882518804906396,0.21155806751507503,25,0.8987357320713406
audio_spec_rolloff85_std,audio,valence_score,-0.257528901631456,0.2139361524024939,25,0.902252468827909
audio_delta2_mfcc_2_std,audio,valence_score,-0.2545042333237039,0.2195547704029152,25,0.905440650301352
audio_delta_mfcc_3_std,audio,arousal_score,0.25343909950546734,0.22155666481458944,25,0.905440650301352
face_eyeLookOutLeft_mean,facial,valence_score,0.25320794690609594,0.22199271662517447,25,0.905440650301352
face_yaw_std_deg,facial,valence_score,0.252343755961024,0.223628024508707,25,0.905440650301352
audio_chroma_std,audio,arousal_score,0.2520886247301274,0.22411234173399514,25,0.905440650301352
audio_spec_bandwidth_mean,audio,arousal_score,0.2516384664716807,0.22496858490723054,25,0.905440650301352
face_browInnerUp_max,facial,valence_score,-0.2506153740708799,0.22692270171598036,25,0.905440650301352
face_cheekSquintRight_std,facial,arousal_score,0.24983783343789412,0.22841534158839769,25,0.905440650301352
audio_delta2_mfcc_5_std,audio,valence_score,-0.24931908765327196,0.22941479397159287,25,0.905440650301352
audio_mfcc_11_mean,audio,valence_score,-0.24888699218073596,0.23024951244776648,25,0.905440650301352
face_cheekSquintLeft_std,facial,arousal_score,0.2475870421456608,0.23277288076197888,25,0.9065656646291796
face_mouthUpperUpLeft_max,facial,arousal_score,0.24713688388721416,0.2336509444920566,25,0.9065656646291796
face_browInnerUp_max,facial,arousal_score,0.24533625085342753,0.2371850841576376,25,0.9107438084306297
face_eyeWideRight_mean,facial,arousal_score,0.24443593433653424,0.2389652974624203,25,0.9107438084306297
audio_delta_mfcc_5_mean,audio,arousal_score,-0.24353561781964092,0.24075428228961507,25,0.9107438084306297
audio_delta2_mfcc_9_mean,audio,arousal_score,-0.24308545956119426,0.241652066085356,25,0.9107438084306297
face_yaw_std_deg,facial,arousal_score,0.2426353013027476,0.24255204520059728,25,0.9107438084306297
face_browInnerUp_mean,facial,arousal_score,0.24038451001051434,0.24708489714978327,25,0.9130094343678528
audio_mfcc_2_std,audio,valence_score,-0.23938089178494396,0.2491237987007736,25,0.9130094343678528
face_eyeBlinkRight_mean,facial,arousal_score,-0.2363330856844944,0.2553826645685599,25,0.9130094343678528
face_mar_max,facial,arousal_score,0.23543276916760109,0.2572508548422551,25,0.9130094343678528
face_jawRight_mean,facial,valence_score,0.23505993705958395,0.25802707894325605,25,0.9130094343678528
audio_delta2_mfcc_3_std,audio,valence_score,-0.23505993705958395,0.25802707894325605,25,0.9130094343678528
face_jawRight_max,facial,valence_score,0.23505993705958395,0.25802707894325605,25,0.9130094343678528
audio_delta_mfcc_10_std,audio,arousal_score,-0.23498261090915445,0.25818825893247666,25,0.9130094343678528
face_jawForward_max,facial,valence_score,0.23419574611451197,0.2598321164971894,25,0.9130094343678528
face_eyeWideLeft_std,facial,valence_score,0.23419574611451197,0.2598321164971894,25,0.9130094343678528
face_mouthPucker_std,facial,valence_score,0.23160317327929597,0.2652960519985777,25,0.9130094343678528
audio_delta2_mfcc_6_std,audio,arousal_score,-0.2304810283246879,0.2676837329050821,25,0.9130094343678528
face_mouthFrownRight_std,facial,valence_score,-0.23030688686168796,0.2680554991671251,25,0.9130094343678528
audio_delta2_mfcc_4_mean,audio,arousal_score,-0.2295807118077946,0.26960934150556065,25,0.9130094343678528
face_mouthLowerDownLeft_std,facial,valence_score,0.22944269591661595,0.26990531338830653,25,0.9130094343678528
audio_delta2_mfcc_10_mean,audio,arousal_score,-0.22778007877400797,0.27348709131010873,25,0.9130094343678528
face_mouthLowerDownRight_max,facial,valence_score,0.22685012308139996,0.2755036525591084,25,0.9130094343678528
audio_delta2_mfcc_6_mean,audio,arousal_score,-0.2255292874817747,0.2783840434373243,25,0.9130094343678528
audio_delta2_mfcc_8_std,audio,valence_score,-0.22512174119125594,0.27927663848542655,25,0.9130094343678528
face_mar_mean,facial,arousal_score,0.22462897096488132,0.28035831019336277,25,0.9130094343678528
face_mouthLowerDownLeft_max,facial,valence_score,0.22425755024618396,0.2811753618807328,25,0.9130094343678528
face_eyeBlinkRight_max,facial,valence_score,-0.22252916835603995,0.28499727113769907,25,0.9130094343678528
audio_rms_max,audio,arousal_score,0.22237817967264809,0.2853326961531575,25,0.9130094343678528
audio_voiced_ratio,audio,arousal_score,-0.22148389935433732,0.28732446440248405,25,0.9130094343678528
audio_mfcc_6_std,audio,valence_score,-0.22123288193843194,0.2878851073617779,25,0.9130094343678528
face_mouthStretchRight_std,facial,valence_score,0.22080078646589596,0.2888517961643758,25,0.9130094343678528
face_mouthShrugUpper_mean,facial,arousal_score,-0.2192270718635215,0.29238975676721923,25,0.9130094343678528
face_mouthFrownRight_mean,facial,valence_score,-0.21777611815814396,0.295675680401904,25,0.9130094343678528
audio_spec_contrast_mean,audio,arousal_score,0.21652612231284155,0.2985249201751458,25,0.9130094343678528
face_eyeLookInRight_max,facial,arousal_score,0.21562580579594823,0.3005876590876777,25,0.9130094343678528
face_eyeLookOutLeft_std,facial,arousal_score,0.21562580579594823,0.3005876590876777,25,0.9130094343678528
face_cheekSquintLeft_mean,facial,arousal_score,0.21562580579594823,0.3005876590876777,25,0.9130094343678528
face_frown_std,facial,valence_score,-0.21561564079546394,0.30061099885058024,25,0.9130094343678528
face_mouthFrownRight_max,facial,valence_score,-0.21561564079546394,0.30061099885058024,25,0.9130094343678528
audio_mfcc_7_std,audio,valence_score,-0.21518354532292797,0.30160417103007275,25,0.9130094343678528
face_jawForward_mean,facial,arousal_score,0.21472548927905494,0.3026592362148104,25,0.9130094343678528
audio_rms_mean,audio,valence_score,-0.21388725890531998,0.3045958991413213,25,0.9130094343678528
face_mouthUpperUpRight_max,facial,arousal_score,0.21247469798682164,0.3078768266314908,25,0.9130094343678528
audio_mfcc_9_mean,audio,valence_score,-0.21215887701517597,0.30861335041296756,25,0.9130094343678528
audio_delta2_mfcc_13_std,audio,valence_score,-0.20827001776235196,0.3177714910083776,25,0.9130094343678528
face_eyeLookOutLeft_max,facial,arousal_score,0.20752295714390845,0.3195496192776739,25,0.9130094343678528
audio_delta2_mfcc_7_std,audio,arousal_score,-0.20707279888546176,0.3206239967440462,25,0.9130094343678528
face_mouthRollLower_std,facial,valence_score,-0.206109540399672,0.3229303613684126,25,0.9130094343678528
face_eyeWideRight_max,facial,valence_score,0.20524534945459993,0.325008090179865,25,0.9130094343678528
audio_mfcc_10_std,audio,arousal_score,-0.2039216910763352,0.32820618574165067,25,0.9130094343678528
audio_rms_max,audio,valence_score,-0.20351696756445595,0.3291878276230572,25,0.9130094343678528
face_eyeLookInRight_std,facial,arousal_score,0.20347153281788852,0.3292981386170852,25,0.9130094343678528
face_mouthRollLower_mean,facial,valence_score,-0.20308487209191997,0.33023781602093266,25,0.9130094343678528
face_mouthStretchRight_max,facial,valence_score,0.20265277661938394,0.33128982450578803,25,0.9130094343678528
face_frown_mean,facial,valence_score,-0.20178858567431196,0.3333998985451283,25,0.9130094343678528
face_mouthRollLower_max,facial,valence_score,-0.20178858567431196,0.3333998985451283,25,0.9130094343678528
face_eyeLookDownRight_std,facial,arousal_score,-0.20122074152565525,0.3347907840204523,25,0.9130094343678528
face_frown_max,facial,valence_score,-0.20092439472923995,0.3355180431886556,25,0.9130094343678528
face_motion_energy,facial,arousal_score,0.2007705832672086,0.33589588286248084,25,0.9130094343678528
face_mouthFrownLeft_std,facial,valence_score,-0.19876391736655996,0.34084866823501003,25,0.9130094343678528
audio_rms_std,audio,valence_score,-0.19617134453134397,0.34731178210093966,25,0.9130094343678528
face_mouthRollUpper_max,facial,valence_score,-0.19617134453134397,0.34731178210093966,25,0.9130094343678528
audio_f0_range_hz,audio,arousal_score,0.22719332340084228,0.3495852332000883,19,0.9130094343678528
audio_zcr_mean,audio,valence_score,0.19444296264119998,0.35166064492416294,25,0.9130094343678528
audio_mfcc_11_mean,audio,arousal_score,-0.19311789287361544,0.3550163999318694,25,0.9130094343678528
face_ear_mean,facial,arousal_score,0.19266773461516876,0.35616070745933587,25,0.9130094343678528
audio_delta_mfcc_12_mean,audio,arousal_score,-0.19266773461516876,0.35616070745933587,25,0.9130094343678528
audio_delta_mfcc_8_std,audio,arousal_score,0.19221757635672213,0.35730718156900554,25,0.9130094343678528
audio_delta2_mfcc_13_mean,audio,valence_score,-0.19185038980598398,0.35824394472629545,25,0.9130094343678528
face_mouthRight_max,facial,valence_score,0.19141829433344795,0.3593481470507871,25,0.9130094343678528
audio_delta2_mfcc_3_mean,audio,arousal_score,0.19086710158138215,0.36075958964620086,25,0.9130094343678528
face_mouthLowerDownRight_mean,facial,arousal_score,0.19086710158138215,0.36075958964620086,25,0.9130094343678528
face_jawForward_mean,facial,valence_score,0.18882572149823196,0.3660151624020892,25,0.9130094343678528
audio_delta2_mfcc_7_mean,audio,valence_score,-0.18882572149823196,0.3660151624020892,25,0.9130094343678528
face_cheekSquintLeft_std,facial,valence_score,0.18882572149823196,0.3660151624020892,25,0.9130094343678528
face_eyeLookInRight_max,facial,valence_score,0.18839362602569595,0.36713328640054327,25,0.9130094343678528
audio_delta_mfcc_3_mean,audio,valence_score,-0.18796153055315998,0.36825339390826595,25,0.9130094343678528
face_mouthUpperUpRight_mean,facial,arousal_score,0.18726583551380893,0.3700609864548393,25,0.9130094343678528
face_browOuterUpLeft_max,facial,valence_score,-0.18709733960808797,0.370499553925157,25,0.9130094343678528
face_jawLeft_std,facial,valence_score,-0.18666524413555197,0.371625603627816,25,0.9130094343678528
audio_delta2_mfcc_12_std,audio,arousal_score,-0.18636551899691559,0.3724078554280362,25,0.9130094343678528
face_mouthStretchRight_max,facial,arousal_score,0.18546520248002227,0.3747633068943608,25,0.9130094343678528
audio_delta2_mfcc_7_mean,audio,arousal_score,-0.18501504422157564,0.3759442469253185,25,0.9130094343678528
face_eyeLookOutLeft_std,facial,valence_score,0.18493686224540795,0.37614956684794126,25,0.9130094343678528
audio_zcr_std,audio,arousal_score,0.18456488596312898,0.37712732757410666,25,0.9130094343678528
face_mouthShrugUpper_std,facial,arousal_score,-0.18456488596312898,0.37712732757410666,25,0.9130094343678528
audio_delta_mfcc_7_std,audio,valence_score,-0.18364057582779997,0.3795632504158084,25,0.9130094343678528
audio_delta2_mfcc_1_mean,audio,arousal_score,-0.183214411187789,0.380689396014137,25,0.9130094343678528
face_jawForward_max,facial,arousal_score,0.18186393641244905,0.3842706671868686,25,0.9130094343678528
audio_delta2_mfcc_11_mean,audio,valence_score,-0.18148009846511998,0.38529204982106835,25,0.9130094343678528
face_browOuterUpRight_max,facial,arousal_score,0.18096361989555573,0.3866688253753669,25,0.9130094343678528
audio_delta_mfcc_11_std,audio,arousal_score,-0.18051346163710907,0.38787109212821536,25,0.9130094343678528
audio_spec_flatness_std,audio,arousal_score,0.17961314512021578,0.39028199147376824,25,0.9130094343678528
audio_rms_std,audio,arousal_score,0.1791629868617691,0.3914906202140169,25,0.9130094343678528
face_eyeLookOutLeft_max,facial,valence_score,0.17888752562990398,0.392231249446509,25,0.9130094343678528
face_disgust_proxy_mean,facial,arousal_score,0.17781251208642912,0.395129199159179,25,0.9130094343678528
face_browOuterUpRight_std,facial,arousal_score,0.17781251208642912,0.395129199159179,25,0.9130094343678528
face_mouthUpperUpLeft_mean,facial,arousal_score,0.17781251208642912,0.395129199159179,25,0.9130094343678528
face_mouthShrugUpper_max,facial,arousal_score,-0.17646203731108917,0.3987867750170351,25,0.9130094343678528
face_eyeBlinkRight_std,facial,arousal_score,-0.17601187905264248,0.4000101789423172,25,0.9130094343678528
face_eyeLookDownRight_max,facial,arousal_score,-0.17601187905264248,0.4000101789423172,25,0.9130094343678528
face_roll_mean_deg,facial,valence_score,0.17586285732215196,0.4004156415403139,25,0.9130094343678528
face_jawRight_max,facial,arousal_score,0.17556172079419585,0.40123568536999743,25,0.9130094343678528
face_mouthRight_std,facial,valence_score,0.17543076184961595,0.40159260121066637,25,0.9130094343678528
face_mouthRight_mean,facial,arousal_score,0.1751115625357492,0.4024632921789339,25,0.9130094343678528
audio_f0_mean_hz,audio,arousal_score,0.20348619400249357,0.40340561503386424,19,0.9130094343678528
face_mouthPucker_max,facial,arousal_score,0.17376108776040922,0.4061586933740493,25,0.9130094343678528
audio_spec_flatness_std,audio,valence_score,-0.17327028448693596,0.40750638082654433,25,0.9130094343678528
face_mouthRight_mean,facial,valence_score,0.17283818901439996,0.4086949194658186,25,0.9130094343678528
audio_spec_bandwidth_std,audio,valence_score,-0.17154190259679195,0.41227206522334714,25,0.9130094343678528
face_ear_mean,facial,valence_score,0.17154190259679195,0.41227206522334714,25,0.9130094343678528
audio_f0_std_hz,audio,arousal_score,0.19755941165290636,0.4175283780722706,19,0.9130094343678528
face_mouthPressLeft_max,facial,arousal_score,0.1679090304006027,0.42238884259494147,25,0.9130094343678528
face_mouthFunnel_max,facial,arousal_score,0.16745887214215605,0.4236518114709569,25,0.9130094343678528
face_jawLeft_mean,facial,arousal_score,-0.16700871388370936,0.42491683904021144,25,0.9130094343678528
face_eyeLookInRight_std,facial,valence_score,0.166788852398896,0.4255354378140273,25,0.9130094343678528
face_ear_min,facial,valence_score,0.16592466145382398,0.42797165897777145,25,0.9130094343678528
face_jawRight_mean,facial,arousal_score,0.16565823910836944,0.4287242486984798,25,0.9130094343678528
audio_rms_db_mean,audio,valence_score,-0.16506047050875197,0.4304154354639638,25,0.9130094343678528
face_mouthStretchLeft_std,facial,arousal_score,0.16475792259147612,0.43127276869589337,25,0.9130094343678528
audio_delta2_mfcc_13_mean,audio,arousal_score,-0.16475792259147612,0.43127276869589337,25,0.9130094343678528
face_eyeLookUpLeft_max,facial,valence_score,0.16462837503621597,0.43164015123792454,25,0.9130094343678528
audio_mfcc_10_mean,audio,arousal_score,0.16430776433302946,0.4325500949847947,25,0.9130094343678528
audio_delta_mfcc_2_std,audio,valence_score,-0.16419627956368,0.43286674894974025,25,0.9130094343678528
face_mouthFrownLeft_mean,facial,arousal_score,-0.16385760607458277,0.4338294619628768,25,0.9130094343678528
face_eyeLookDownLeft_max,facial,arousal_score,-0.16340744781613614,0.4351108669764058,25,0.9130094343678528
audio_zcr_std,audio,valence_score,-0.16333208861860798,0.43532558083475803,25,0.9130094343678528
face_eyeLookDownLeft_std,facial,arousal_score,-0.16295728955768948,0.43639430735123974,25,0.9130094343678528
face_mar_std,facial,arousal_score,0.16250713129924285,0.4376797803928366,25,0.9130094343678528
audio_delta2_mfcc_12_mean,audio,valence_score,0.16030742031085596,0.4439904247814093,25,0.9177567169469768
face_eyeSquintRight_std,facial,valence_score,-0.15944322936578398,0.4464828518547185,25,0.9177567169469768
face_eyeLookOutRight_std,facial,arousal_score,0.1575553904563296,0.45195334882628274,25,0.9177567169469768
audio_mfcc_6_std,audio,arousal_score,-0.1575553904563296,0.45195334882628274,25,0.9177567169469768
face_roll_std_deg,facial,arousal_score,0.15710523219788297,0.45326299628246336,25,0.9177567169469768
face_noseSneerRight_std,facial,arousal_score,0.15530459916409634,0.4585215140738921,25,0.9177567169469768
face_mouthFunnel_max,facial,valence_score,0.15512227464042397,0.4590557423354923,25,0.9177567169469768
audio_rms_mean,audio,arousal_score,0.15440428264720302,0.461162687547367,25,0.9177567169469768
audio_f0_median_hz,audio,arousal_score,0.17985796698433326,0.4612439663231975,19,0.9177567169469768
face_mouthDimpleRight_mean,facial,arousal_score,-0.1535039661303097,0.46381177143378516,25,0.9177567169469768
face_mouthLowerDownRight_max,facial,arousal_score,0.1535039661303097,0.46381177143378516,25,0.9177567169469768
face_browOuterUpLeft_mean,facial,arousal_score,-0.15305380787186307,0.465139272018647,25,0.9177567169469768
face_frown_mean,facial,arousal_score,-0.15305380787186307,0.465139272018647,25,0.9177567169469768
face_pitch_std_deg,facial,valence_score,-0.15296179727774398,0.4654108503343658,25,0.9177567169469768
face_mouthLeft_std,facial,arousal_score,0.1526036496134164,0.4664687408506223,25,0.9177567169469768
face_mouthFrownLeft_max,facial,valence_score,-0.152097606332672,0.46796560296766293,25,0.9177567169469768
audio_mfcc_13_mean,audio,arousal_score,0.1503528583211831,0.4731454973916936,25,0.9177567169469768
face_jawLeft_max,facial,valence_score,-0.14950503349745597,0.4756731436956004,25,0.9177567169469768
face_eyeWideLeft_max,facial,arousal_score,0.1485522252873965,0.4785220033279886,25,0.9177567169469768
face_mouthRollUpper_std,facial,valence_score,-0.14820874707984796,0.479551118120019,25,0.9177567169469768
face_eyeBlinkLeft_max,facial,arousal_score,-0.14720175051205653,0.48257471955094355,25,0.9177567169469768
face_roll_std_deg,facial,valence_score,0.14604826971716797,0.48604999161553425,25,0.9177567169469768
audio_f0_min_hz,audio,valence_score,0.1701090605021426,0.4862721727197315,19,0.9177567169469768
face_browInnerUp_mean,facial,valence_score,-0.14475198329955996,0.489970532543248,25,0.9177567169469768
audio_f0_slope_hz_per_s,audio,valence_score,-0.16720947424358337,0.4938425642056304,19,0.9177567169469768
face_noseSneerRight_mean,facial,arousal_score,0.14315032618603662,0.4948364765192711,25,0.9177567169469768
audio_mfcc_12_mean,audio,valence_score,-0.14302360140941597,0.49522250080655683,25,0.9177567169469768
face_motion_energy,facial,valence_score,-0.14302360140941597,0.49522250080655683,25,0.9177567169469768
audio_delta2_mfcc_2_std,audio,arousal_score,0.14270016792758994,0.4962084117064412,25,0.9177567169469768
audio_mfcc_7_mean,audio,valence_score,-0.14259150593688,0.49653986130990363,25,0.9177567169469768
audio_f0_mean_hz,audio,valence_score,0.1652764167378772,0.49892111449868437,19,0.9177567169469768
audio_rms_db_mean,audio,arousal_score,0.14179985141069665,0.4989579499602217,25,0.9177567169469768
face_mouthRollUpper_max,facial,arousal_score,0.14179985141069665,0.4989579499602217,25,0.9177567169469768
face_mouthDimpleRight_std,facial,arousal_score,-0.14044937663535667,0.5030963724719678,25,0.9177567169469768
face_jawRight_std,facial,valence_score,0.14043102857419998,0.5031527148912389,25,0.9177567169469768
face_mouthPressRight_mean,facial,valence_score,-0.14043102857419998,0.5031527148912389,25,0.9177567169469768
face_mouthFrownLeft_mean,facial,valence_score,-0.13999893310166397,0.5044804731610694,25,0.9177567169469768
audio_delta_mfcc_4_mean,audio,valence_score,-0.13913474215659197,0.5071411510587516,25,0.9177567169469768
face_eyeLookUpLeft_std,facial,valence_score,0.13913474215659197,0.5071411510587516,25,0.9177567169469768
face_noseSneerRight_max,facial,arousal_score,0.13864874360157006,0.5086404625525877,25,0.9177567169469768
face_mouthDimpleLeft_max,facial,valence_score,0.13783845573898398,0.5111450215001645,25,0.9177567169469768
face_eye_squint_mean,facial,valence_score,0.13567797837630396,0.5178521907958469,25,0.9177567169469768
audio_mfcc_6_mean,audio,valence_score,-0.13524588290376796,0.5191987017432372,25,0.9177567169469768
face_mouthStretchRight_std,facial,arousal_score,0.1341471610171035,0.5226301555785041,25,0.9177567169469768
face_pitch_mean_deg,facial,valence_score,0.13394959648615998,0.5232483264853695,25,0.9177567169469768
audio_f0_min_hz,audio,arousal_score,0.15607193520579601,0.5234440338122691,19,0.9177567169469768
audio_f0_max_hz,audio,valence_score,0.1556111292093464,0.5246863057235277,19,0.9177567169469768
face_mouthStretchLeft_max,facial,arousal_score,0.13324684450021018,0.5254500408927525,25,0.9177567169469768
audio_mfcc_7_mean,audio,arousal_score,-0.13324684450021018,0.5254500408927525,25,0.9177567169469768
audio_delta2_mfcc_4_std,audio,arousal_score,-0.13279668624176352,0.526862701191382,25,0.9177567169469768
face_mouthFrownRight_mean,facial,arousal_score,-0.13279668624176352,0.526862701191382,25,0.9177567169469768
audio_delta_mfcc_4_std,audio,arousal_score,-0.13279668624176352,0.526862701191382,25,0.9177567169469768
face_browDownLeft_max,facial,arousal_score,0.13234652798331686,0.5282771678903361,25,0.9177567169469768
audio_delta2_mfcc_12_std,audio,valence_score,-0.132221214596016,0.5286712427621856,25,0.9177567169469768
face_pitch_std_deg,facial,arousal_score,0.13144621146642357,0.5311115042927077,25,0.9177567169469768
face_mouthLowerDownRight_std,facial,arousal_score,0.13054589494953026,0.5339530175165407,25,0.9177567169469768
face_mouthShrugLower_max,facial,valence_score,0.13049283270587198,0.5341207119470981,25,0.9177567169469768
face_mouthLowerDownLeft_mean,facial,arousal_score,0.1300957366910836,0.5353764551711194,25,0.9177567169469768
audio_rms_db_range,audio,arousal_score,0.12919542017419028,0.5382286718691252,25,0.9177567169469768
face_mouthPressLeft_std,facial,arousal_score,0.128295103657297,0.5410879826033572,25,0.9177567169469768
face_mouthRollUpper_std,facial,arousal_score,0.1278449453988503,0.5425202877326097,25,0.9177567169469768
face_eyeBlinkLeft_max,facial,valence_score,-0.125739782507976,0.549241758398473,25,0.9177567169469768
audio_mfcc_4_std,audio,arousal_score,-0.12559415410661703,0.5497081411014215,25,0.9177567169469768
face_mouthPressLeft_mean,facial,arousal_score,0.12559415410661703,0.5497081411014215,25,0.9177567169469768
audio_voiced_ratio,audio,valence_score,-0.12533852353454353,0.5505272517517618,25,0.9177567169469768
face_cheekSquintRight_std,facial,valence_score,0.12530768703543996,0.5506260982495365,25,0.9177567169469768
audio_rms_min,audio,valence_score,-0.12487559156290397,0.5520120381876548,25,0.9177567169469768
audio_delta_mfcc_7_mean,audio,valence_score,-0.12487559156290397,0.5520120381876548,25,0.9177567169469768
audio_delta_mfcc_6_std,audio,arousal_score,-0.12469383758972372,0.5525954885618036,25,0.9177567169469768
audio_delta2_mfcc_2_mean,audio,valence_score,-0.12314720967275998,0.5575717215141964,25,0.9177567169469768
face_eyeLookUpRight_max,facial,valence_score,0.12314720967275998,0.5575717215141964,25,0.9177567169469768
audio_delta2_mfcc_13_std,audio,arousal_score,0.12289320455593711,0.558390916851851,25,0.9177567169469768
audio_mfcc_7_std,audio,arousal_score,-0.12289320455593711,0.558390916851851,25,0.9177567169469768
face_cheekSquintLeft_max,facial,valence_score,0.12271511420022396,0.5589656037780911,25,0.9177567169469768
audio_mfcc_2_mean,audio,valence_score,0.12185092325515198,0.5617580945601509,25,0.9177567169469768
audio_period_variation_proxy,audio,arousal_score,0.1402671822735635,0.5668164891313093,19,0.9177567169469768
audio_delta_mfcc_8_mean,audio,arousal_score,0.11974209674681051,0.5685986963629573,25,0.9177567169469768
face_browOuterUpRight_mean,facial,valence_score,-0.11969044589247198,0.5687667060597051,25,0.9177567169469768
audio_active_ratio,audio,arousal_score,-0.11955029916793974,0.5692226862442961,25,0.9177567169469768
face_mouthFrownLeft_std,facial,arousal_score,-0.11929193848836385,0.5700637129132378,25,0.9177567169469768
face_mouthPressRight_max,facial,valence_score,-0.11882625494739997,0.5715810202933211,25,0.9177567169469768
audio_f0_slope_hz_per_s,audio,arousal_score,-0.13829158815703443,0.5723458095379991,19,0.9177567169469768
audio_delta_mfcc_6_mean,audio,arousal_score,0.11794146371302389,0.5744688056323213,25,0.9177567169469768
face_mouthPucker_std,facial,arousal_score,0.11749130545457723,0.5759405021636839,25,0.9177567169469768
face_cheekSquintRight_max,facial,valence_score,0.11709787305725598,0.5772281038351638,25,0.9177567169469768
face_mouthPucker_mean,facial,valence_score,0.11666577758471998,0.5786436955846016,25,0.9177567169469768
face_mouthPressLeft_std,facial,valence_score,0.11666577758471998,0.5786436955846016,25,0.9177567169469768
face_mouthStretchLeft_mean,facial,arousal_score,0.11659098893768391,0.5788888657595267,25,0.9177567169469768
audio_delta2_mfcc_3_std,audio,arousal_score,0.11614083067923726,0.5803655234599552,25,0.9177567169469768
face_mouthDimpleRight_max,facial,arousal_score,-0.11524051416234395,0.5833237671221219,25,0.9177567169469768
audio_period_variation_proxy,audio,valence_score,-0.13434749664657855,0.5834535829387997,19,0.9177567169469768
face_cheekSquintLeft_mean,facial,valence_score,0.11407320474950398,0.5871690214932049,25,0.9194349160764492
face_mouthPressRight_std,facial,valence_score,-0.11364110927696798,0.5885951658555103,25,0.9194349160764492
face_eyeSquintLeft_mean,facial,arousal_score,0.11343988112855732,0.5892598345300954,25,0.9194349160764492
audio_f0_median_hz,audio,valence_score,0.1315056009373792,0.5915133085197439,19,0.9204832768943608
face_mouthRollUpper_mean,facial,arousal_score,0.10983861506098407,0.6012092112163899,25,0.9277166647290122
face_mouthDimpleRight_max,facial,valence_score,0.10932015455160797,0.6029378853053531,25,0.9277166647290122
face_mouthRollUpper_mean,facial,valence_score,-0.10888805907907198,0.6043801895128263,25,0.9277166647290122
audio_delta2_mfcc_10_std,audio,arousal_score,-0.10803798202719744,0.6072218941945682,25,0.9277166647290122
face_frown_std,facial,arousal_score,-0.10713766551030414,0.610237595166304,25,0.9277166647290122
face_mouthFunnel_std,facial,arousal_score,0.10713766551030414,0.610237595166304,25,0.9277166647290122
face_mouthClose_max,facial,arousal_score,0.10713766551030414,0.610237595166304,25,0.9277166647290122
audio_mfcc_1_std,audio,arousal_score,0.10533703247651752,0.6162875141835761,25,0.9277166647290122
audio_spec_bandwidth_mean,audio,valence_score,-0.10499919982624799,0.6174253230866833,25,0.9277166647290122
face_eyeLookOutRight_mean,facial,arousal_score,0.10488687421807084,0.6178038219484469,25,0.9277166647290122
face_mouthPressLeft_max,facial,valence_score,0.10413500888117598,0.6203397853298418,25,0.9277166647290122
face_browOuterUpLeft_mean,facial,valence_score,-0.10413500888117598,0.6203397853298418,25,0.9277166647290122
audio_delta_mfcc_9_mean,audio,valence_score,0.10413500888117598,0.6203397853298418,25,0.9277166647290122
audio_spec_rolloff85_mean,audio,valence_score,-0.10370291340863999,0.6217991088330939,25,0.9277166647290122
face_jawLeft_std,facial,arousal_score,-0.10353639944273088,0.6223618502998736,25,0.9277166647290122
face_mouthLowerDownLeft_std,facial,arousal_score,0.10353639944273088,0.6223618502998736,25,0.9277166647290122
audio_mfcc_11_std,audio,valence_score,0.10327081793610397,0.6232598211495597,25,0.9277166647290122
audio_delta_mfcc_13_mean,audio,arousal_score,0.10173576640894426,0.6284602729814327,25,0.930592301953053
audio_delta_mfcc_12_std,audio,arousal_score,-0.10128560815049761,0.629988603040383,25,0.930592301953053
face_mouthShrugLower_mean,facial,arousal_score,-0.10128560815049761,0.629988603040383,25,0.930592301953053
audio_f0_std_hz,audio,valence_score,0.11694997909522305,0.6334995345189978,19,0.9314820934817568
face_mouthFrownLeft_max,facial,arousal_score,-0.09993513337515765,0.634582447471241,25,0.9314820934817568
face_browDownLeft_max,facial,valence_score,0.09938195868327998,0.6364679652513562,25,0.9314820934817568
face_mouthFunnel_std,facial,valence_score,0.09894986321074399,0.637942310491171,25,0.9314820934817568
face_eyeSquintLeft_std,facial,valence_score,-0.09808567226567198,0.6408950086245485,25,0.9314820934817568
face_ear_std,facial,arousal_score,-0.09723418382447771,0.6438095013099621,25,0.9314820934817568
face_browDownLeft_std,facial,arousal_score,0.09633386730758438,0.6468966920369774,25,0.9314820934817568
face_mouthShrugUpper_mean,facial,valence_score,-0.09592519490299199,0.6482999093270143,25,0.9314820934817568
face_eyeLookInLeft_std,facial,valence_score,0.09549309943045597,0.6497848205556347,25,0.9314820934817568
audio_delta_mfcc_12_mean,audio,valence_score,0.09506100395791997,0.6512710308758135,25,0.9314820934817568
audio_delta_mfcc_1_mean,audio,arousal_score,0.09453323427379777,0.65308807194501,25,0.9314820934817568
face_mouthStretchRight_mean,facial,arousal_score,0.09273260124001113,0.6593018234325125,25,0.9314820934817568
face_roll_mean_deg,facial,arousal_score,0.09183228472311784,0.6624169777060803,25,0.9314820934817568
face_jawRight_std,facial,arousal_score,0.09048180994777787,0.6670999314959263,25,0.9314820934817568
face_frown_max,facial,arousal_score,-0.09048180994777787,0.6670999314959263,25,0.9314820934817568
face_mouthShrugLower_std,facial,valence_score,0.09030795376002397,0.6677036859678139,25,0.9314820934817568
audio_delta_mfcc_13_std,audio,arousal_score,-0.0891313351724379,0.6717950168841358,25,0.9314820934817568
face_eyeLookInLeft_mean,facial,arousal_score,0.0891313351724379,0.6717950168841358,25,0.9314820934817568
face_ear_std,facial,valence_score,-0.08901166734241597,0.6722116362499886,25,0.9314820934817568
face_noseSneerRight_std,facial,valence_score,0.08857957186987998,0.6737167428019116,25,0.9314820934817568
face_eyeLookInLeft_std,facial,arousal_score,0.08823101865554459,0.6749317379448908,25,0.9314820934817568
face_mouthPucker_mean,facial,arousal_score,0.08823101865554459,0.6749317379448908,25,0.9314820934817568
face_mouthLeft_max,facial,arousal_score,0.08823101865554459,0.6749317379448908,25,0.9314820934817568
face_mouthStretchRight_mean,facial,valence_score,0.088147476397344,0.6752230691765603,25,0.9314820934817568
face_noseSneerLeft_std,facial,arousal_score,-0.08778086039709793,0.676502080596335,25,0.9314820934817568
face_jawOpen_max,facial,arousal_score,0.08688054388020461,0.6796467014617039,25,0.9314820934817568
face_mouthDimpleLeft_std,facial,valence_score,0.086851189979736,0.6797493165496598,25,0.9314820934817568
audio_delta2_mfcc_1_std,audio,valence_score,-0.08641909450719998,0.6812604714659464,25,0.9314820934817568
face_eyeBlinkLeft_std,facial,arousal_score,-0.08553006910486464,0.6843733851894581,25,0.9314820934817568
face_eyeBlinkLeft_mean,facial,arousal_score,-0.08553006910486464,0.6843733851894581,25,0.9314820934817568
audio_mfcc_1_std,audio,valence_score,-0.08469071261705599,0.6873169836892368,25,0.9314820934817568
face_jawLeft_max,facial,arousal_score,-0.08462975258797133,0.687530941697349,25,0.9314820934817568
face_eyeLookUpRight_std,facial,valence_score,0.08382652167198398,0.6903523032975746,25,0.9314820934817568
audio_mfcc_3_std,audio,valence_score,-0.08382652167198398,0.6903523032975746,25,0.9314820934817568
audio_mfcc_1_mean,audio,valence_score,0.083394426199448,0.6918717108816259,25,0.9314820934817568
face_mouthDimpleRight_mean,facial,valence_score,0.083394426199448,0.6918717108816259,25,0.9314820934817568
face_eyeLookOutRight_mean,facial,valence_score,-0.08296233072691199,0.6933922767271536,25,0.9314820934817568
face_mouthRollLower_mean,facial,arousal_score,-0.08192880303729139,0.6970339805646041,25,0.9314820934817568
face_mouthFrownRight_std,facial,arousal_score,-0.08192880303729139,0.6970339805646041,25,0.9314820934817568
audio_delta2_mfcc_5_std,audio,arousal_score,0.08147864477884474,0.6986221874677517,25,0.9314820934817568
audio_delta_mfcc_7_std,audio,arousal_score,-0.08102848652039808,0.7002116263304804,25,0.9314820934817568
face_jawForward_std,facial,arousal_score,0.08102848652039808,0.7002116263304804,25,0.9314820934817568
face_mouthDimpleRight_std,facial,valence_score,0.08080185336423197,0.7010122971563737,25,0.9314820934817568
face_browOuterUpRight_std,facial,valence_score,-0.08080185336423197,0.7010122971563737,25,0.9314820934817568
face_browDownLeft_mean,facial,arousal_score,0.08012817000350478,0.7033941761249075,25,0.9325180193728841
face_eyeBlinkLeft_std,facial,valence_score,-0.07820928052901598,0.7101934481603186,25,0.9369660964897301
face_eyeSquintRight_mean,facial,arousal_score,0.0778773787112715,0.7113716917997235,25,0.9369660964897301
audio_delta_mfcc_10_mean,audio,valence_score,0.077345089583944,0.7132626484796847,25,0.9369660964897301
audio_delta_mfcc_6_std,audio,valence_score,-0.077345089583944,0.7132626484796847,25,0.9369660964897301
face_yaw_mean_deg,facial,valence_score,-0.07691299411140798,0.7147988777344333,25,0.9369660964897301
face_eyeBlinkRight_std,facial,valence_score,-0.07518461222126399,0.720954529948978,25,0.9403272617443343
face_mouthLowerDownLeft_max,facial,arousal_score,0.07517642916059156,0.7209837145245994,25,0.9403272617443343
face_jawOpen_mean,facial,arousal_score,0.07337579612680492,0.7274147597617788,25,0.9403272617443343
face_eye_squint_mean,facial,arousal_score,0.07337579612680492,0.7274147597617788,25,0.9403272617443343
audio_mfcc_10_mean,audio,valence_score,0.07302413485858399,0.7286728437228432,25,0.9403272617443343
audio_delta_mfcc_12_std,audio,valence_score,-0.07302413485858399,0.7286728437228432,25,0.9403272617443343
audio_spec_contrast_std,audio,valence_score,-0.07302413485858399,0.7286728437228432,25,0.9403272617443343
audio_mfcc_11_std,audio,arousal_score,-0.06797389702544507,0.7468140938940665,25,0.9595070096831225
audio_spec_flatness_mean,audio,valence_score,0.06740689371561599,0.7488592574413242,25,0.9595070096831225
face_brow_lowerer_max,facial,arousal_score,0.06572310573321179,0.7549423031717676,25,0.9595070096831225
face_mouthStretchLeft_mean,facial,valence_score,0.06567851182547199,0.7551036029307161,25,0.9595070096831225
face_mouthRollLower_max,facial,arousal_score,-0.06527294747476513,0.7565710184999166,25,0.9595070096831225
face_mouthClose_mean,facial,arousal_score,0.06482278921631847,0.758200743433484,25,0.9595070096831225
audio_delta_mfcc_1_std,audio,valence_score,-0.064382225407864,0.7597967046198959,25,0.9595070096831225
face_mouthRollLower_std,facial,arousal_score,-0.06392247269942515,0.7614631964957389,25,0.9595070096831225
face_mar_max,facial,valence_score,0.063085938990256,0.7644980729947882,25,0.9595070096831225
audio_f0_std_semitones,audio,arousal_score,0.07309698231157534,0.7661693591304083,19,0.9595070096831225
face_mouthLeft_mean,facial,valence_score,-0.06222174804518399,0.7676368353282002,25,0.9595070096831225
face_eyeWideLeft_mean,facial,arousal_score,0.062121839665638535,0.767999935420614,25,0.9595070096831225
face_mouthPressLeft_mean,facial,valence_score,0.061789652572647985,0.7692075543891712,25,0.9595070096831225
face_pitch_mean_deg,facial,arousal_score,-0.06122152314874522,0.771274118036082,25,0.9595070096831225
face_mouthClose_std,facial,arousal_score,0.06122152314874522,0.771274118036082,25,0.9595070096831225
face_cheekSquintRight_mean,facial,valence_score,0.06092546162757599,0.7723516396550066,25,0.9595070096831225
face_eyeLookOutRight_max,facial,arousal_score,0.060771364890298565,0.7729126399600634,25,0.9595070096831225
face_mouthStretchLeft_max,facial,valence_score,0.059629175209967994,0.7770742992033711,25,0.9595070096831225
face_noseSneerLeft_max,facial,arousal_score,-0.058520573598065284,0.7811192953363802,25,0.9595070096831225
face_noseSneerLeft_mean,facial,valence_score,0.05833288879235999,0.781804658304751,25,0.9595070096831225
audio_f0_range_hz,audio,valence_score,0.06765701269971583,0.7831595260769275,19,0.9595070096831225
audio_delta_mfcc_13_mean,audio,valence_score,0.05790079331982399,0.7833831286732711,25,0.9595070096831225
face_mouthDimpleLeft_mean,facial,valence_score,0.05703660237475199,0.7865425605654818,25,0.9595070096831225
face_mouthFunnel_mean,facial,arousal_score,0.05671994056427866,0.7877010820309376,25,0.9595070096831225
face_mouthLeft_max,facial,valence_score,-0.056604506902215995,0.7881235104430193,25,0.9595070096831225
face_browOuterUpLeft_max,facial,arousal_score,-0.056269782305832,0.7893487603939807,25,0.9595070096831225
audio_rms_frame_variation_proxy,audio,arousal_score,0.055819624047385344,0.790997318235556,25,0.9595070096831225
face_mar_mean,facial,valence_score,0.055308220484607984,0.7928712257438334,25,0.9595070096831225
face_mouthStretchLeft_std,facial,valence_score,0.055308220484607984,0.7928712257438334,25,0.9595070096831225
face_eyeLookUpRight_mean,facial,arousal_score,0.05401899101359872,0.7976002119145249,25,0.9595070096831225
audio_f0_std_semitones,audio,valence_score,0.0628243689354504,0.7983323659886605,19,0.9595070096831225
face_eyeLookInRight_mean,facial,arousal_score,0.05356883275515207,0.7992530677081119,25,0.9595070096831225
audio_mfcc_12_std,audio,valence_score,-0.05314774312192799,0.8007999517893285,25,0.9595070096831225
audio_f0_max_hz,audio,arousal_score,0.061243417612400965,0.8033113505054259,19,0.9595070096831225
face_browOuterUpRight_max,facial,valence_score,-0.052283552176855985,0.8039768584328376,25,0.9595070096831225
audio_delta_mfcc_11_mean,audio,arousal_score,-0.0522183579798121,0.8042166461830689,25,0.9595070096831225
face_browDownRight_mean,facial,valence_score,-0.05141936123178399,0.8071567891582931,25,0.9595070096831225
audio_delta2_mfcc_2_mean,audio,arousal_score,-0.04951740842913216,0.8141657504290432,25,0.9595070096831225
audio_delta2_mfcc_3_mean,audio,valence_score,0.048826788396568,0.8167142507543128,25,0.9595070096831225
audio_spec_centroid_std,audio,arousal_score,0.04816693365379219,0.819150913004187,25,0.9595070096831225
face_eyeLookOutLeft_mean,facial,arousal_score,0.047266617136898885,0.822478160633189,25,0.9595070096831225
audio_rms_db_range,audio,valence_score,-0.04709840650642399,0.8231001391068845,25,0.9595070096831225
face_eyeLookDownLeft_mean,facial,arousal_score,-0.04591614236155892,0.8274746051857167,25,0.9595070096831225
face_eyeLookUpLeft_mean,facial,arousal_score,0.04591614236155892,0.8274746051857167,25,0.9595070096831225
audio_delta2_mfcc_11_mean,audio,arousal_score,-0.04591614236155892,0.8274746051857167,25,0.9595070096831225
face_mouthShrugLower_std,facial,arousal_score,-0.04591614236155892,0.8274746051857167,25,0.9595070096831225
audio_mfcc_8_mean,audio,valence_score,-0.045802120088815984,0.8278967624963117,25,0.9595070096831225
audio_mfcc_9_mean,audio,arousal_score,0.04546598410311226,0.829141545637095,25,0.9595070096831225
face_browDownRight_std,facial,arousal_score,0.04546598410311226,0.829141545637095,25,0.9595070096831225
face_eyeWideRight_std,facial,arousal_score,0.04456566758621895,0.8324775739976319,25,0.9595070096831225
audio_delta2_mfcc_11_std,audio,valence_score,0.044073738198672,0.8343015606024299,25,0.9595070096831225
audio_delta_mfcc_5_std,audio,arousal_score,-0.04366535106932563,0.8358164200336434,25,0.9595070096831225
audio_mfcc_12_std,audio,arousal_score,-0.04366535106932563,0.8358164200336434,25,0.9595070096831225
face_mouthShrugLower_mean,facial,valence_score,0.04364164272613599,0.8359043805859708,25,0.9595070096831225
audio_mfcc_13_mean,audio,valence_score,0.04364164272613599,0.8359043805859708,25,0.9595070096831225
face_mouthFrownRight_max,facial,arousal_score,-0.04321519281087898,0.8374868825491373,25,0.9595070096831225
face_mouthClose_max,facial,valence_score,0.04320954725359999,0.8375078366306293,25,0.9595070096831225
audio_delta_mfcc_1_std,audio,arousal_score,-0.04231487629398566,0.8408298522440187,25,0.9614203811513142
audio_spec_contrast_std,audio,arousal_score,0.04141455977709236,0.8441755022916614,25,0.9633532202622488
face_browOuterUpLeft_std,facial,arousal_score,-0.04096440151864569,0.8458493152193258,25,0.9633743668447117
face_mouthShrugUpper_std,facial,valence_score,-0.03888859252823999,0.853576041215999,25,0.9702758906009988
audio_active_ratio,audio,valence_score,-0.03580302775068758,0.8650854116832812,25,0.9731458906256368
audio_delta2_mfcc_11_std,audio,arousal_score,-0.03511234415883917,0.8676654553808564,25,0.9731458906256368
audio_mfcc_5_std,audio,arousal_score,-0.034662185900392516,0.8693477282949462,25,0.9731458906256368
face_yaw_mean_deg,facial,arousal_score,0.034662185900392516,0.8693477282949462,25,0.9731458906256368
face_brow_lowerer_mean,facial,arousal_score,0.034662185900392516,0.8693477282949462,25,0.9731458906256368
face_noseSneerRight_mean,facial,valence_score,0.03413554233034399,0.8713165323041009,25,0.9731458906256368
audio_delta_mfcc_3_std,audio,valence_score,0.03413554233034399,0.8713165323041009,25,0.9731458906256368
face_noseSneerLeft_max,facial,valence_score,0.033703446857807996,0.8729324341041753,25,0.9731458906256368
face_eyeLookUpRight_max,facial,arousal_score,-0.03286155286660589,0.8760822697266432,25,0.9731458906256368
face_eyeLookUpLeft_max,facial,arousal_score,-0.03286155286660589,0.8760822697266432,25,0.9731458906256368
face_browDownRight_max,facial,arousal_score,0.03286155286660589,0.8760822697266432,25,0.9731458906256368
face_jawOpen_mean,facial,valence_score,-0.032839255912735996,0.8761657159584771,25,0.9731458906256368
face_browOuterUpRight_mean,facial,arousal_score,-0.031961236349712575,0.8794527120438503,25,0.9749361493514684
audio_chroma_mean,audio,valence_score,-0.029814587604983997,0.8874970710605131,25,0.9819834512494652
face_mouthLeft_mean,facial,arousal_score,0.028810128540585987,0.8912649501275686,25,0.9842812162699144
face_jawOpen_std,facial,valence_score,-0.027222014769767995,0.8972268532549588,25,0.9850292616006805
face_browDownRight_max,facial,valence_score,0.02678991929723199,0.8988499242882473,25,0.9850292616006805
audio_spec_rolloff85_std,audio,arousal_score,-0.02610917898990605,0.9014077732971155,25,0.9850292616006805
face_jawOpen_std,facial,arousal_score,0.02610917898990605,0.9014077732971155,25,0.9850292616006805
face_browDownLeft_std,facial,valence_score,0.025925728352159998,0.9020972447305202,25,0.9850292616006805
audio_delta_mfcc_2_mean,audio,valence_score,-0.025925728352159998,0.9020972447305202,25,0.9850292616006805
audio_delta_mfcc_2_std,audio,arousal_score,-0.02475870421456608,0.9064849216259759,25,0.9879667123339287
audio_spec_centroid_mean,audio,valence_score,0.023333155516943996,0.9118481800816103,25,0.9885973260491921
face_eyeLookInLeft_mean,facial,valence_score,-0.022468964571871995,0.9151013151472139,25,0.9885973260491921
face_eyeLookInLeft_max,facial,valence_score,0.021172678154263998,0.9199834909258637,25,0.9885973260491921
face_brow_lowerer_max,facial,valence_score,0.021172678154263998,0.9199834909258637,25,0.9885973260491921
face_eyeSquintLeft_max,facial,arousal_score,-0.02115743814699283,0.9200409061216693,25,0.9885973260491921
face_browDownRight_mean,facial,arousal_score,-0.02115743814699283,0.9200409061216693,25,0.9885973260491921
face_eyeWideRight_max,facial,arousal_score,0.01980696337165287,0.9251301962113307,25,0.9885973260491921
face_noseSneerLeft_std,facial,valence_score,-0.019444296264119997,0.9264974094732938,25,0.9885973260491921
face_eyeSquintLeft_std,facial,arousal_score,0.01935680511320621,0.9268272715137594,25,0.9885973260491921
face_eyeLookOutRight_std,facial,valence_score,0.019012200791584,0.9281266238069509,25,0.9885973260491921
face_noseSneerLeft_mean,facial,arousal_score,0.0184564885963129,0.9302223470010793,25,0.9885973260491921
face_browDownLeft_mean,facial,valence_score,0.018148009846512,0.9313858897039831,25,0.9885973260491921
face_eyeSquintRight_max,facial,arousal_score,0.01800633033786624,0.9319203328313155,25,0.9885973260491921
face_mouthShrugUpper_max,facial,valence_score,-0.01728381890144,0.9346462295706451,25,0.9885973260491921
face_mouthLeft_std,facial,valence_score,-0.01728381890144,0.9346462295706451,25,0.9885973260491921
audio_chroma_std,audio,valence_score,0.016851723428903998,0.9362767863556416,25,0.9885973260491921
face_mouthClose_mean,facial,valence_score,-0.016419627956367998,0.9379075925631924,25,0.9885973260491921
audio_chroma_mean,audio,arousal_score,0.01575553904563296,0.9404144554505779,25,0.9885973260491921
audio_delta_mfcc_4_mean,audio,arousal_score,-0.015305380787186304,0.9421140683227524,25,0.9885973260491921
face_eyeWideLeft_std,facial,arousal_score,0.014855222528739649,0.9438139271816858,25,0.9885973260491921
face_jawOpen_max,facial,valence_score,0.014691246066223997,0.9444331843356544,25,0.9885973260491921
face_browDownRight_std,facial,valence_score,-0.014691246066223997,0.9444331843356544,25,0.9885973260491921
face_eyeLookOutRight_max,facial,valence_score,0.012530768703543999,0.9525950218540021,25,0.9952700352696172
audio_zcr_max,audio,valence_score,0.012098673231007996,0.95422797195953,25,0.9952700352696172
face_eyeSquintRight_mean,facial,valence_score,0.011234482285935998,0.9574944037043238,25,0.9967587871196962
face_mouthShrugLower_max,facial,arousal_score,0.009903481685826434,0.9625265475200531,25,0.9967587871196962
face_eyeLookDownRight_mean,facial,arousal_score,-0.009903481685826434,0.9625265475200531,25,0.9967587871196962
face_mouthClose_std,facial,valence_score,0.009506100395792,0.9640292144314025,25,0.9967587871196962
audio_mfcc_8_mean,audio,arousal_score,0.009453323427379777,0.964228795571614,25,0.9967587871196962
face_brow_lowerer_std,facial,arousal_score,0.00900316516893312,0.9659311957654788,25,0.9967587871196962
face_eyeLookUpLeft_std,facial,arousal_score,0.005852057359806529,0.9778516492983315,25,0.9984444430936393
face_brow_lowerer_mean,facial,valence_score,0.005617241142967999,0.9787401606290022,25,0.9984444430936393
face_eyeLookInLeft_max,facial,arousal_score,-0.005401899101359873,0.9795550060969977,25,0.9984444430936393
audio_mfcc_2_std,audio,arousal_score,-0.005401899101359873,0.9795550060969977,25,0.9984444430936393
face_eyeSquintRight_max,facial,valence_score,-0.004753050197896,0.9820103409139861,25,0.9984444430936393
audio_rms_min,audio,arousal_score,-0.004051424326019904,0.9846655694392429,25,0.9984444430936393
audio_spec_contrast_mean,audio,valence_score,0.003456763780287999,0.9869161242539001,25,0.9984444430936393
audio_spec_bandwidth_std,audio,arousal_score,-0.003151107809126592,0.9880729499900893,25,0.9984444430936393
face_eyeSquintRight_std,facial,arousal_score,-0.003151107809126592,0.9880729499900893,25,0.9984444430936393
face_noseSneerRight_max,facial,valence_score,-0.003024668307751999,0.9885514965060426,25,0.9984444430936393
audio_mfcc_8_std,audio,valence_score,-0.003024668307751999,0.9885514965060426,25,0.9984444430936393
audio_delta2_mfcc_5_mean,audio,valence_score,-0.00216047736268,0.9918223692546603,25,0.9984444430936393
audio_delta_mfcc_8_std,audio,valence_score,-0.00216047736268,0.9918223692546603,25,0.9984444430936393
audio_mfcc_6_mean,audio,arousal_score,0.0018006330337866242,0.9931843833347602,25,0.9984444430936393
audio_mfcc_13_std,audio,arousal_score,-0.0013504747753399682,0.9948882621228239,25,0.9984444430936393
face_eyeLookUpRight_std,facial,arousal_score,0.0009003165168933121,0.9965921626635864,25,0.9984444430936393
face_mouthFunnel_mean,facial,valence_score,-0.0008641909450719997,0.9967289028134096,25,0.9984444430936393
face_brow_lowerer_std,facial,valence_score,0.0,1.0,25,1.0
