feature,modality,missing_n,constant_in_current_sample
audio_trimmed_dur_sec,audio,0,False
audio_voiced_ratio,audio,0,False
audio_f0_mean_hz,audio,6,False
audio_f0_std_hz,audio,6,False
audio_f0_min_hz,audio,6,False
audio_f0_max_hz,audio,6,False
audio_f0_median_hz,audio,6,False
audio_f0_range_hz,audio,6,False
audio_period_variation_proxy,audio,6,False
audio_f0_slope_hz_per_s,audio,6,False
audio_f0_std_semitones,audio,6,False
audio_rms_mean,audio,0,False
audio_rms_std,audio,0,False
audio_rms_max,audio,0,False
audio_rms_min,audio,0,False
audio_rms_frame_variation_proxy,audio,0,False
audio_rms_db_mean,audio,0,False
audio_rms_db_range,audio,0,False
audio_active_ratio,audio,0,False
audio_onset_rate_per_sec,audio,0,False
audio_zcr_mean,audio,0,False
audio_zcr_std,audio,0,False
audio_zcr_max,audio,0,False
audio_spec_centroid_mean,audio,0,False
audio_spec_centroid_std,audio,0,False
audio_spec_bandwidth_mean,audio,0,False
audio_spec_bandwidth_std,audio,0,False
audio_spec_rolloff85_mean,audio,0,False
audio_spec_rolloff85_std,audio,0,False
audio_spec_flatness_mean,audio,0,False
audio_spec_flatness_std,audio,0,False
audio_spec_contrast_mean,audio,0,False
audio_spec_contrast_std,audio,0,False
audio_chroma_mean,audio,0,False
audio_chroma_std,audio,0,False
audio_mfcc_1_mean,audio,0,False
audio_mfcc_1_std,audio,0,False
audio_delta_mfcc_1_mean,audio,0,False
audio_delta_mfcc_1_std,audio,0,False
audio_delta2_mfcc_1_mean,audio,0,False
audio_delta2_mfcc_1_std,audio,0,False
audio_mfcc_2_mean,audio,0,False
audio_mfcc_2_std,audio,0,False
audio_delta_mfcc_2_mean,audio,0,False
audio_delta_mfcc_2_std,audio,0,False
audio_delta2_mfcc_2_mean,audio,0,False
audio_delta2_mfcc_2_std,audio,0,False
audio_mfcc_3_mean,audio,0,False
audio_mfcc_3_std,audio,0,False
audio_delta_mfcc_3_mean,audio,0,False
audio_delta_mfcc_3_std,audio,0,False
audio_delta2_mfcc_3_mean,audio,0,False
audio_delta2_mfcc_3_std,audio,0,False
audio_mfcc_4_mean,audio,0,False
audio_mfcc_4_std,audio,0,False
audio_delta_mfcc_4_mean,audio,0,False
audio_delta_mfcc_4_std,audio,0,False
audio_delta2_mfcc_4_mean,audio,0,False
audio_delta2_mfcc_4_std,audio,0,False
audio_mfcc_5_mean,audio,0,False
audio_mfcc_5_std,audio,0,False
audio_delta_mfcc_5_mean,audio,0,False
audio_delta_mfcc_5_std,audio,0,False
audio_delta2_mfcc_5_mean,audio,0,False
audio_delta2_mfcc_5_std,audio,0,False
audio_mfcc_6_mean,audio,0,False
audio_mfcc_6_std,audio,0,False
audio_delta_mfcc_6_mean,audio,0,False
audio_delta_mfcc_6_std,audio,0,False
audio_delta2_mfcc_6_mean,audio,0,False
audio_delta2_mfcc_6_std,audio,0,False
audio_mfcc_7_mean,audio,0,False
audio_mfcc_7_std,audio,0,False
audio_delta_mfcc_7_mean,audio,0,False
audio_delta_mfcc_7_std,audio,0,False
audio_delta2_mfcc_7_mean,audio,0,False
audio_delta2_mfcc_7_std,audio,0,False
audio_mfcc_8_mean,audio,0,False
audio_mfcc_8_std,audio,0,False
audio_delta_mfcc_8_mean,audio,0,False
audio_delta_mfcc_8_std,audio,0,False
audio_delta2_mfcc_8_mean,audio,0,False
audio_delta2_mfcc_8_std,audio,0,False
audio_mfcc_9_mean,audio,0,False
audio_mfcc_9_std,audio,0,False
audio_delta_mfcc_9_mean,audio,0,False
audio_delta_mfcc_9_std,audio,0,False
audio_delta2_mfcc_9_mean,audio,0,False
audio_delta2_mfcc_9_std,audio,0,False
audio_mfcc_10_mean,audio,0,False
audio_mfcc_10_std,audio,0,False
audio_delta_mfcc_10_mean,audio,0,False
audio_delta_mfcc_10_std,audio,0,False
audio_delta2_mfcc_10_mean,audio,0,False
audio_delta2_mfcc_10_std,audio,0,False
audio_mfcc_11_mean,audio,0,False
audio_mfcc_11_std,audio,0,False
audio_delta_mfcc_11_mean,audio,0,False
audio_delta_mfcc_11_std,audio,0,False
audio_delta2_mfcc_11_mean,audio,0,False
audio_delta2_mfcc_11_std,audio,0,False
audio_mfcc_12_mean,audio,0,False
audio_mfcc_12_std,audio,0,False
audio_delta_mfcc_12_mean,audio,0,False
audio_delta_mfcc_12_std,audio,0,False
audio_delta2_mfcc_12_mean,audio,0,False
audio_delta2_mfcc_12_std,audio,0,False
audio_mfcc_13_mean,audio,0,False
audio_mfcc_13_std,audio,0,False
audio_delta_mfcc_13_mean,audio,0,False
audio_delta_mfcc_13_std,audio,0,False
audio_delta2_mfcc_13_mean,audio,0,False
audio_delta2_mfcc_13_std,audio,0,False
face_browDownLeft_mean,facial,0,False
face_browDownLeft_std,facial,0,False
face_browDownLeft_max,facial,0,False
face_browDownRight_mean,facial,0,False
face_browDownRight_std,facial,0,False
face_browDownRight_max,facial,0,False
face_browInnerUp_mean,facial,0,False
face_browInnerUp_std,facial,0,False
face_browInnerUp_max,facial,0,False
face_browOuterUpLeft_mean,facial,0,False
face_browOuterUpLeft_std,facial,0,False
face_browOuterUpLeft_max,facial,0,False
face_browOuterUpRight_mean,facial,0,False
face_browOuterUpRight_std,facial,0,False
face_browOuterUpRight_max,facial,0,False
face_cheekPuff_mean,facial,0,False
face_cheekPuff_std,facial,0,False
face_cheekPuff_max,facial,0,False
face_cheekSquintLeft_mean,facial,0,False
face_cheekSquintLeft_std,facial,0,False
face_cheekSquintLeft_max,facial,0,False
face_cheekSquintRight_mean,facial,0,False
face_cheekSquintRight_std,facial,0,False
face_cheekSquintRight_max,facial,0,False
face_eyeBlinkLeft_mean,facial,0,False
face_eyeBlinkLeft_std,facial,0,False
face_eyeBlinkLeft_max,facial,0,False
face_eyeBlinkRight_mean,facial,0,False
face_eyeBlinkRight_std,facial,0,False
face_eyeBlinkRight_max,facial,0,False
face_eyeLookDownLeft_mean,facial,0,False
face_eyeLookDownLeft_std,facial,0,False
face_eyeLookDownLeft_max,facial,0,False
face_eyeLookDownRight_mean,facial,0,False
face_eyeLookDownRight_std,facial,0,False
face_eyeLookDownRight_max,facial,0,False
face_eyeLookInLeft_mean,facial,0,False
face_eyeLookInLeft_std,facial,0,False
face_eyeLookInLeft_max,facial,0,False
face_eyeLookInRight_mean,facial,0,False
face_eyeLookInRight_std,facial,0,False
face_eyeLookInRight_max,facial,0,False
face_eyeLookOutLeft_mean,facial,0,False
face_eyeLookOutLeft_std,facial,0,False
face_eyeLookOutLeft_max,facial,0,False
face_eyeLookOutRight_mean,facial,0,False
face_eyeLookOutRight_std,facial,0,False
face_eyeLookOutRight_max,facial,0,False
face_eyeLookUpLeft_mean,facial,0,False
face_eyeLookUpLeft_std,facial,0,False
face_eyeLookUpLeft_max,facial,0,False
face_eyeLookUpRight_mean,facial,0,False
face_eyeLookUpRight_std,facial,0,False
face_eyeLookUpRight_max,facial,0,False
face_eyeSquintLeft_mean,facial,0,False
face_eyeSquintLeft_std,facial,0,False
face_eyeSquintLeft_max,facial,0,False
face_eyeSquintRight_mean,facial,0,False
face_eyeSquintRight_std,facial,0,False
face_eyeSquintRight_max,facial,0,False
face_eyeWideLeft_mean,facial,0,False
face_eyeWideLeft_std,facial,0,False
face_eyeWideLeft_max,facial,0,False
face_eyeWideRight_mean,facial,0,False
face_eyeWideRight_std,facial,0,False
face_eyeWideRight_max,facial,0,False
face_jawForward_mean,facial,0,False
face_jawForward_std,facial,0,False
face_jawForward_max,facial,0,False
face_jawLeft_mean,facial,0,False
face_jawLeft_std,facial,0,False
face_jawLeft_max,facial,0,False
face_jawOpen_mean,facial,0,False
face_jawOpen_std,facial,0,False
face_jawOpen_max,facial,0,False
face_jawRight_mean,facial,0,False
face_jawRight_std,facial,0,False
face_jawRight_max,facial,0,False
face_mouthClose_mean,facial,0,False
face_mouthClose_std,facial,0,False
face_mouthClose_max,facial,0,False
face_mouthDimpleLeft_mean,facial,0,False
face_mouthDimpleLeft_std,facial,0,False
face_mouthDimpleLeft_max,facial,0,False
face_mouthDimpleRight_mean,facial,0,False
face_mouthDimpleRight_std,facial,0,False
face_mouthDimpleRight_max,facial,0,False
face_mouthFrownLeft_mean,facial,0,False
face_mouthFrownLeft_std,facial,0,False
face_mouthFrownLeft_max,facial,0,False
face_mouthFrownRight_mean,facial,0,False
face_mouthFrownRight_std,facial,0,False
face_mouthFrownRight_max,facial,0,False
face_mouthFunnel_mean,facial,0,False
face_mouthFunnel_std,facial,0,False
face_mouthFunnel_max,facial,0,False
face_mouthLeft_mean,facial,0,False
face_mouthLeft_std,facial,0,False
face_mouthLeft_max,facial,0,False
face_mouthLowerDownLeft_mean,facial,0,False
face_mouthLowerDownLeft_std,facial,0,False
face_mouthLowerDownLeft_max,facial,0,False
face_mouthLowerDownRight_mean,facial,0,False
face_mouthLowerDownRight_std,facial,0,False
face_mouthLowerDownRight_max,facial,0,False
face_mouthPressLeft_mean,facial,0,False
face_mouthPressLeft_std,facial,0,False
face_mouthPressLeft_max,facial,0,False
face_mouthPressRight_mean,facial,0,False
face_mouthPressRight_std,facial,0,False
face_mouthPressRight_max,facial,0,False
face_mouthPucker_mean,facial,0,False
face_mouthPucker_std,facial,0,False
face_mouthPucker_max,facial,0,False
face_mouthRight_mean,facial,0,False
face_mouthRight_std,facial,0,False
face_mouthRight_max,facial,0,False
face_mouthRollLower_mean,facial,0,False
face_mouthRollLower_std,facial,0,False
face_mouthRollLower_max,facial,0,False
face_mouthRollUpper_mean,facial,0,False
face_mouthRollUpper_std,facial,0,False
face_mouthRollUpper_max,facial,0,False
face_mouthShrugLower_mean,facial,0,False
face_mouthShrugLower_std,facial,0,False
face_mouthShrugLower_max,facial,0,False
face_mouthShrugUpper_mean,facial,0,False
face_mouthShrugUpper_std,facial,0,False
face_mouthShrugUpper_max,facial,0,False
face_mouthSmileLeft_mean,facial,0,False
face_mouthSmileLeft_std,facial,0,False
face_mouthSmileLeft_max,facial,0,False
face_mouthSmileRight_mean,facial,0,False
face_mouthSmileRight_std,facial,0,False
face_mouthSmileRight_max,facial,0,False
face_mouthStretchLeft_mean,facial,0,False
face_mouthStretchLeft_std,facial,0,False
face_mouthStretchLeft_max,facial,0,False
face_mouthStretchRight_mean,facial,0,False
face_mouthStretchRight_std,facial,0,False
face_mouthStretchRight_max,facial,0,False
face_mouthUpperUpLeft_mean,facial,0,False
face_mouthUpperUpLeft_std,facial,0,False
face_mouthUpperUpLeft_max,facial,0,False
face_mouthUpperUpRight_mean,facial,0,False
face_mouthUpperUpRight_std,facial,0,False
face_mouthUpperUpRight_max,facial,0,False
face_noseSneerLeft_mean,facial,0,False
face_noseSneerLeft_std,facial,0,False
face_noseSneerLeft_max,facial,0,False
face_noseSneerRight_mean,facial,0,False
face_noseSneerRight_std,facial,0,False
face_noseSneerRight_max,facial,0,False
face_smile_mean,facial,0,False
face_smile_std,facial,0,False
face_smile_max,facial,0,False
face_frown_mean,facial,0,False
face_frown_std,facial,0,False
face_frown_max,facial,0,False
face_brow_lowerer_mean,facial,0,False
face_brow_lowerer_std,facial,0,False
face_brow_lowerer_max,facial,0,False
face_eye_squint_mean,facial,0,False
face_disgust_proxy_mean,facial,0,False
face_expressiveness_proxy,facial,0,False
face_motion_energy,facial,0,False
face_ear_mean,facial,0,False
face_ear_std,facial,0,False
face_ear_min,facial,0,False
face_mar_mean,facial,0,False
face_mar_std,facial,0,False
face_mar_max,facial,0,False
face_pitch_mean_deg,facial,0,False
face_pitch_std_deg,facial,0,False
face_yaw_mean_deg,facial,0,False
face_yaw_std_deg,facial,0,False
face_roll_mean_deg,facial,0,False
face_roll_std_deg,facial,0,False
