participant_code,audio_filename,mp4_filename,filename_stem_match,wav_duration_sec,mp4_audio_track_sec,mp4_video_track_sec,mp4_container_sec,wav_minus_mp4_audio_sec,mp4_audio_minus_video_sec,wav_vs_mp4_audio_flag,mp4_av_flag,wav_vs_mp4_video_flag,sample_quality_review_flag
Y2C-001,Y2C-001_Y2_PM_Nalipay.wav,Y2C-001_Y2_PM_Nalipay.mp4,True,1.7347916666666667,1.9736961451247166,1.9333333333333333,1.951,-0.23890447845804985,0.040362811791383235,True,False,True,True
Y2C-002,Y2C-002_Y2_PM_Kakulba.wav,Y2C-002_Y2_PM_Kakulba.mp4,True,1.227,1.3931972789115645,1.3666666666666667,1.37,-0.16619727891156444,0.026530612244897833,True,False,True,True
Y2C-003,Y2C-003_Y2_PM_Kapoy.wav,Y2C-003_Y2_PM_Kapoy.mp4,True,1.097,1.4396371882086167,1.4,1.417,-0.34263718820861677,0.039637188208616836,True,False,True,True
Y2C-004,Y2C-004_Y2_PM_Proud.wav,Y2C-004_Y2_PM_Proud.mp4,True,0.813,1.0913378684807256,1.0666666666666667,1.069,-0.2783378684807256,0.024671201814058907,True,False,True,True
Y2C-005,Y2C-005_Y2_PM_Nalingaw.wav,Y2C-005_Y2_PM_Nalingaw.mp4,True,0.6,0.8359183673469388,0.8,0.813,-0.23591836734693883,0.03591836734693876,True,False,True,True
Y2C-006,Y2C-006_Y2_PM_Ambot.wav,Y2C-006_Y2_PM_Ambot.mp4,True,1.0586666666666666,0.905578231292517,0.8666666666666667,0.883,0.15308843537414962,0.038911564625850326,True,False,True,True
Y2C-007,Y2C-007_Y2_PM_Salimuang.wav,Y2C-007_Y2_PM_Salimuang.mp4,True,1.146,1.1609977324263039,1.1333333333333333,1.138,-0.014997732426303978,0.027664399092970582,False,False,False,False
Y4D-008,Y4D-008_Y4_PM_Lisod.wav,Y4D-008_Y4_PM_Lisod.mp4,True,0.521625,0.8359183673469388,0.8,0.813,-0.3142933673469388,0.03591836734693876,True,False,True,True
Y4D-009,Y4D-009_Y4_PM_Grabe.wav,Y4D-009_Y4_PM_Grabe.mp4,True,0.698,1.1609977324263039,1.1333333333333333,1.138,-0.46299773242630393,0.027664399092970582,True,False,True,True
Y4D-010,Y4D-010_Y4_PM_Ambot.wav,Y4D-010_Y4_PM_Ambot.mp4,True,0.539,0.8591383219954648,0.8333333333333334,0.836,-0.32013832199546477,0.025804988662131434,True,False,True,True
Y4D-011,Y4D-011_Y4_PM_Lisod.wav,Y4D-011_Y4_PM_Lisod.mp4,True,0.9958125,1.3235374149659864,1.3,1.301,-0.32772491496598644,0.02353741496598638,True,False,True,True
Y4D-012,Y4D-012_Y4_PM_Okay.wav,Y4D-012_Y4_PM_Okay.mp4,True,0.7738958333333333,1.207437641723356,1.1666666666666667,1.185,-0.43354180839002276,0.04077097505668936,True,False,True,True
Y4D-013,Y4D-013_Y4_PM_Ambot.wav,Y4D-013_Y4_PM_Ambot.mp4,True,0.761,1.1377777777777778,1.1,1.115,-0.37677777777777777,0.03777777777777769,True,False,True,True
Y4D-014,Y4D-014_Y4_PM_Sayon.wav,Y4D-014_Y4_PM_Sayon.mp4,True,0.9859583333333334,1.6950566893424037,1.6666666666666667,1.672,-0.7090983560090703,0.02839002267573698,True,False,True,True
Y4D-015,Y4D-015_Y4_PM_Sayon.wav,Y4D-015_Y4_PM_Sayon.mp4,True,1.0406458333333333,1.4628571428571429,1.4333333333333333,1.44,-0.4222113095238096,0.029523809523809508,True,False,True,True
Y4D-016,Y4D-016_Y4_PM_Sayon.wav,Y4D-016_Y4_PM_Sayon.mp4,True,0.559,0.8591383219954648,0.8333333333333334,0.836,-0.30013832199546475,0.025804988662131434,True,False,True,True
Y4D-017,Y4D-017_Y4_PM_Libog.wav,Y4D-017_Y4_PM_Libog.mp4,True,0.4739375,0.9984580498866213,0.9666666666666667,0.976,-0.5245205498866213,0.03179138321995467,True,False,True,True
Y4D-018,Y4D-018_Y4_PM_Lisod.wav,Y4D-018_Y4_PM_Lisod.mp4,True,0.783,0.7662585034013606,0.7333333333333333,0.744,0.016741496598639438,0.03292517006802731,False,False,False,False
Y4D-019,Y4D-019_Y4_PM_Lisod.wav,Y4D-019_Y4_PM_Lisod.mp4,True,0.968,0.9752380952380952,0.9333333333333333,0.953,-0.007238095238095266,0.04190476190476189,False,False,False,False
Y4D-020,Y4D-020_Y4_PM_Lisod.wav,Y4D-020_Y4_PM_Lisod.mp4,True,0.678,1.207437641723356,1.1666666666666667,1.185,-0.5294376417233561,0.04077097505668936,True,False,True,True
Y4D-021,Y4D-021_Y4_PM_Grabe.wav,Y4D-021_Y4_PM_Grabe.mp4,True,0.6719375,1.0681179138321995,1.0333333333333334,1.045,-0.3961804138321995,0.03478458049886601,True,False,True,True
Y4D-022,Y4D-022_Y4_PM_Nadumduman.wav,Y4D-022_Y4_PM_Nadumduman.mp4,True,1.244,1.1609977324263039,1.1333333333333333,1.138,0.08300226757369611,0.027664399092970582,False,False,True,True
Y4D-023,Y4D-023_Y4_PM_Sakto.wav,Y4D-023_Y4_PM_Sakto.mp4,True,1.19,0.8359183673469388,0.8,0.813,0.35408163265306114,0.03591836734693876,True,False,True,True
Y4D-024,Y4D-024_Y4_PM_Luya.wav,Y4D-024_Y4_PM_Luya.mp4,True,0.804,1.1377777777777778,1.1,1.115,-0.33377777777777773,0.03777777777777769,True,False,True,True
Y4D-025,Y4D-025_Y4_PM_Libog.wav,Y4D-025_Y4_PM_Libog.mp4,True,0.9644166666666667,0.9752380952380952,0.9333333333333333,0.953,-0.010821428571428537,0.04190476190476189,False,False,False,False
