participant_code,modality_match,audio_extraction_ok,audio_duration_sec,video_duration_sec,audio_pitch_detected,audio_voiced_ratio,audio_clipping_ratio,face_detection_rate,face_detection_quality_pass,eligible_multimodal,duration_difference_sec,duration_review_flag
Y2C-001,both,True,1.7348125,1.9333,True,0.2909090909090909,0.0,1.0,True,True,-0.19848749999999993,True
Y2C-002,both,True,1.227,1.3667,False,0.0,0.0,1.0,True,True,-0.13969999999999994,True
Y2C-003,both,True,1.097,1.4,True,0.9428571428571428,0.0,1.0,True,True,-0.30299999999999994,True
Y2C-004,both,True,0.813,1.0667,True,0.9615384615384616,0.0,1.0,True,True,-0.25370000000000004,True
Y2C-005,both,True,0.6,0.8,True,1.0,0.0,1.0,True,True,-0.20000000000000007,True
Y2C-006,both,True,1.0586875,0.8667,False,0.0,0.0,1.0,True,True,0.19198749999999998,True
Y2C-007,both,True,1.146,1.1333,True,0.5277777777777778,0.0,1.0,True,True,0.012699999999999934,False
Y4D-008,both,True,0.521625,0.8,False,0.0,0.0,1.0,True,True,-0.27837500000000004,True
Y4D-009,both,True,0.698,1.1333,True,0.5454545454545454,0.0,1.0,True,True,-0.4353,True
Y4D-010,both,True,0.539,0.8333,True,0.8235294117647058,0.0,1.0,True,True,-0.2943,True
Y4D-011,both,True,0.9958125,1.3,True,0.625,0.0,1.0,True,True,-0.30418750000000006,True
Y4D-012,both,True,0.7739375,1.1667,True,0.6,0.0,1.0,True,True,-0.3927625000000001,True
Y4D-013,both,True,0.761,1.1,True,0.625,0.0,1.0,True,True,-0.3390000000000001,True
Y4D-014,both,True,0.986,1.6667,False,0.0,0.0,1.0,True,True,-0.6807000000000001,True
Y4D-015,both,True,1.0406875,1.4333,True,0.696969696969697,0.0,1.0,True,True,-0.39261250000000003,True
Y4D-016,both,True,0.559,0.8333,True,0.7777777777777778,0.0,1.0,True,True,-0.2743,True
Y4D-017,both,True,0.4739375,0.9667,True,1.0,0.0,1.0,True,True,-0.4927625,True
Y4D-018,both,True,0.783,0.7333,True,0.92,0.0,1.0,True,True,0.04970000000000008,False
Y4D-019,both,True,0.968,0.9333,False,0.0,0.0,1.0,True,True,0.03469999999999995,False
Y4D-020,both,True,0.678,1.1667,True,0.2272727272727272,0.0,1.0,True,True,-0.4887,True
Y4D-021,both,True,0.6719375,1.0333,True,0.9047619047619048,0.0,1.0,True,True,-0.36136250000000014,True
Y4D-022,both,True,1.244,1.1333,True,0.717948717948718,0.0,1.0,True,True,0.11070000000000002,True
Y4D-023,both,True,1.19,0.8,False,0.0,0.0,1.0,True,True,0.3899999999999999,True
Y4D-024,both,True,0.804,1.1,True,0.7307692307692307,0.0,1.0,True,True,-0.29600000000000004,True
Y4D-025,both,True,0.9644375,0.9333,True,0.6774193548387096,0.0,1.0,True,True,0.03113749999999993,False
