feature,Valence_rho,Valence_p,Arousal_rho,Arousal_p
Eye openness (EAR),0.1383,0.5098,0.2179,0.2954
Mouth openness (MAR),0.0786,0.7087,0.2399,0.248
Mouth width (smile),0.2623,0.2053,0.1296,0.5368
Smile lift,0.3578,0.0791,0.3912,0.0532
Brow raise,-0.2722,0.188,0.0054,0.9796
Inner-brow distance (furrow),-0.2977,0.1484,-0.3385,0.0979
Gaze horizontal,0.1262,0.5479,0.3912,0.0532
Head pitch,0.3275,0.11,0.1269,0.5454
Head yaw,0.1685,0.4207,-0.0167,0.937
Head roll,-0.1815,0.3853,-0.0936,0.6562
Blink count,0.1934,0.3544,-0.0076,0.9714
Facial motion,-0.0536,0.7992,0.1013,0.6299
Mouth motion,-0.0199,0.9249,0.2615,0.2066
Brow motion,-0.1999,0.3381,0.1344,0.5218
Smile change over clip,0.2765,0.1808,0.2125,0.3079
