,mean,std,min,50%,max
Eye openness (EAR),0.2402,0.0373,0.1535,0.2409,0.312
Mouth openness (MAR),0.1554,0.0586,0.0674,0.1451,0.2874
Mouth width (smile),0.5998,0.0395,0.5276,0.5974,0.7048
Smile lift,0.0207,0.0249,-0.0445,0.0208,0.0757
Brow raise,0.2569,0.027,0.2154,0.2523,0.3382
Inner-brow distance (furrow),0.3356,0.0148,0.3091,0.3345,0.3649
Gaze horizontal,0.4781,0.0257,0.429,0.4758,0.518
Head pitch,3.345,5.7151,-6.2251,2.9956,11.8861
Head yaw,-11.1392,13.3124,-29.6809,-11.9637,21.0903
Head roll,-0.739,5.2001,-14.7714,-0.4153,9.1137
Blink count,0.8,1.0,0.0,1.0,4.0
Facial motion,0.0106,0.0037,0.0054,0.0101,0.0195
Mouth motion,0.0153,0.0046,0.0092,0.0147,0.0259
Brow motion,0.009,0.0035,0.0038,0.0079,0.0172
Smile change over clip,0.026,0.0571,-0.0986,0.032,0.138
