participant_code,year_level,valence_score,arousal_score,valence_group,arousal_group,affect_category,face_browDownLeft_mean,face_browDownLeft_std,face_browDownLeft_max,face_browDownRight_mean,face_browDownRight_std,face_browDownRight_max,face_browInnerUp_mean,face_browInnerUp_std,face_browInnerUp_max,face_browOuterUpLeft_mean,face_browOuterUpLeft_std,face_browOuterUpLeft_max,face_browOuterUpRight_mean,face_browOuterUpRight_std,face_browOuterUpRight_max,face_cheekPuff_mean,face_cheekPuff_std,face_cheekPuff_max,face_cheekSquintLeft_mean,face_cheekSquintLeft_std,face_cheekSquintLeft_max,face_cheekSquintRight_mean,face_cheekSquintRight_std,face_cheekSquintRight_max,face_eyeBlinkLeft_mean,face_eyeBlinkLeft_std,face_eyeBlinkLeft_max,face_eyeBlinkRight_mean,face_eyeBlinkRight_std,face_eyeBlinkRight_max,face_eyeLookDownLeft_mean,face_eyeLookDownLeft_std,face_eyeLookDownLeft_max,face_eyeLookDownRight_mean,face_eyeLookDownRight_std,face_eyeLookDownRight_max,face_eyeLookInLeft_mean,face_eyeLookInLeft_std,face_eyeLookInLeft_max,face_eyeLookInRight_mean,face_eyeLookInRight_std,face_eyeLookInRight_max,face_eyeLookOutLeft_mean,face_eyeLookOutLeft_std,face_eyeLookOutLeft_max,face_eyeLookOutRight_mean,face_eyeLookOutRight_std,face_eyeLookOutRight_max,face_eyeLookUpLeft_mean,face_eyeLookUpLeft_std,face_eyeLookUpLeft_max,face_eyeLookUpRight_mean,face_eyeLookUpRight_std,face_eyeLookUpRight_max,face_eyeSquintLeft_mean,face_eyeSquintLeft_std,face_eyeSquintLeft_max,face_eyeSquintRight_mean,face_eyeSquintRight_std,face_eyeSquintRight_max,face_eyeWideLeft_mean,face_eyeWideLeft_std,face_eyeWideLeft_max,face_eyeWideRight_mean,face_eyeWideRight_std,face_eyeWideRight_max,face_jawForward_mean,face_jawForward_std,face_jawForward_max,face_jawLeft_mean,face_jawLeft_std,face_jawLeft_max,face_jawOpen_mean,face_jawOpen_std,face_jawOpen_max,face_jawRight_mean,face_jawRight_std,face_jawRight_max,face_mouthClose_mean,face_mouthClose_std,face_mouthClose_max,face_mouthDimpleLeft_mean,face_mouthDimpleLeft_std,face_mouthDimpleLeft_max,face_mouthDimpleRight_mean,face_mouthDimpleRight_std,face_mouthDimpleRight_max,face_mouthFrownLeft_mean,face_mouthFrownLeft_std,face_mouthFrownLeft_max,face_mouthFrownRight_mean,face_mouthFrownRight_std,face_mouthFrownRight_max,face_mouthFunnel_mean,face_mouthFunnel_std,face_mouthFunnel_max,face_mouthLeft_mean,face_mouthLeft_std,face_mouthLeft_max,face_mouthLowerDownLeft_mean,face_mouthLowerDownLeft_std,face_mouthLowerDownLeft_max,face_mouthLowerDownRight_mean,face_mouthLowerDownRight_std,face_mouthLowerDownRight_max,face_mouthPressLeft_mean,face_mouthPressLeft_std,face_mouthPressLeft_max,face_mouthPressRight_mean,face_mouthPressRight_std,face_mouthPressRight_max,face_mouthPucker_mean,face_mouthPucker_std,face_mouthPucker_max,face_mouthRight_mean,face_mouthRight_std,face_mouthRight_max,face_mouthRollLower_mean,face_mouthRollLower_std,face_mouthRollLower_max,face_mouthRollUpper_mean,face_mouthRollUpper_std,face_mouthRollUpper_max,face_mouthShrugLower_mean,face_mouthShrugLower_std,face_mouthShrugLower_max,face_mouthShrugUpper_mean,face_mouthShrugUpper_std,face_mouthShrugUpper_max,face_mouthSmileLeft_mean,face_mouthSmileLeft_std,face_mouthSmileLeft_max,face_mouthSmileRight_mean,face_mouthSmileRight_std,face_mouthSmileRight_max,face_mouthStretchLeft_mean,face_mouthStretchLeft_std,face_mouthStretchLeft_max,face_mouthStretchRight_mean,face_mouthStretchRight_std,face_mouthStretchRight_max,face_mouthUpperUpLeft_mean,face_mouthUpperUpLeft_std,face_mouthUpperUpLeft_max,face_mouthUpperUpRight_mean,face_mouthUpperUpRight_std,face_mouthUpperUpRight_max,face_noseSneerLeft_mean,face_noseSneerLeft_std,face_noseSneerLeft_max,face_noseSneerRight_mean,face_noseSneerRight_std,face_noseSneerRight_max,face_smile_mean,face_smile_std,face_smile_max,face_frown_mean,face_frown_std,face_frown_max,face_brow_lowerer_mean,face_brow_lowerer_std,face_brow_lowerer_max,face_eye_squint_mean,face_disgust_proxy_mean,face_expressiveness_proxy,face_motion_energy,face_ear_mean,face_ear_std,face_ear_min,face_mar_mean,face_mar_std,face_mar_max,face_pitch_mean_deg,face_pitch_std_deg,face_yaw_mean_deg,face_yaw_std_deg,face_roll_mean_deg,face_roll_std_deg
Y2C-001,2nd Year,5,4,Positive,High,Positive-High,1.5312857312005945,0.7714159548777544,0.915954524206657,0.6775257840410343,0.25415001594111775,0.266770071803237,-0.6974776202804659,-0.7957421518886385,-0.8772152733522574,-0.9283250748590154,-0.9933148100667963,-0.9811320565918269,-0.4818743378897745,-0.5052754915817355,-0.3795800444039422,0.9105955344417487,2.4661314792195026,2.1295019636566015,1.5748188591599075,1.8251057386097693,1.4896013532806784,1.2774415053184656,1.7988757721381872,1.846122705219853,-0.889287558017765,-0.9016102418490901,-1.1877144050146469,-1.1266729382598935,-0.9738053703615535,-1.4058576780018242,-1.0410918531430857,-1.3272040631505533,-1.3866422726225498,-1.053105370511219,-1.2933350843120588,-1.3267417998675681,-0.9323236320117155,-1.3050025175703228,-1.228958673893769,0.2598033013063569,-0.8346308598936898,-0.3472712573550095,0.18922076441336652,-0.8388765844608536,-0.3757315193637713,-0.8906355103366013,-1.295823743492834,-1.2433368342218127,0.4586368219157847,0.11780334650193153,0.26826937883569685,0.41288079495198965,-0.12786643554837615,0.06593759206006294,1.2921039292577765,-0.21941746184621597,0.7983868578892961,0.1468994487244912,0.6361942271468931,-0.20227999491092744,0.05348255271747327,0.5650085280479467,0.1941489464944939,0.7167262148396938,1.6842877704939463,1.3495412557796085,-0.6842556532556273,-0.20812594800675477,-0.3874636266226481,-0.709695101105829,-0.6842272416186574,-0.7959524253541754,-0.030540949277235187,0.39453572641270285,0.12178019366947682,-0.054835030204073903,0.0022132295094690895,-0.11100166650888217,-0.33130374927741596,-0.3075595215939757,-0.33654021195481965,-0.5617965113795272,-0.3076687964490183,-0.2537675308131771,-0.6436888988897154,-0.5743414129859592,-0.5791247448801903,-0.003463290077787717,0.029311271912516458,0.16150480704633616,-0.1272879130560496,-0.12543401561218542,-0.03477016143988343,-0.4310508658444398,-0.17291510842815266,-0.2250354426167538,-0.3594605623539686,-0.33932158617631114,-0.4013491094067885,-0.45455515115213685,-0.34843885707971883,-0.41255849263192035,-0.1611570072265451,0.25011463098479464,0.31795734024143185,1.0515671918820262,1.0605896679981637,0.8474813998646056,-0.3251529466506693,-0.35886356638747874,-0.36800456151162253,-0.6334110135024904,-0.47854895251355706,-0.37210719302799855,-0.18052070638179388,-0.20254001177518818,-0.20833911693096296,-0.2707143325362023,-0.26763896907510903,-0.2732875090264027,-0.42294322338240037,-0.2498761556817711,-0.32379904399521126,1.7955673978106723,1.3560629520267553,1.013919623262315,0.5342313007081512,0.4010257815552795,0.6950805619631125,1.4180038170259466,1.0804910412157167,1.3951790459875688,1.4990708685528507,1.3170907516445653,1.5375176844294298,1.035932625778795,0.18511036596286093,0.2239398912059316,0.8922686617014235,0.10505754800743797,0.027026219251269048,0.5168789019338141,1.3839180325404394,1.1713467609355954,0.5826336975241811,1.4719729006429345,1.3019761109136776,-0.5295875298384184,-0.5835603691117471,-0.5420263792189137,1.0330811389019516,1.8621457043343874,1.7440366597133514,1.4646427782631029,1.2007279364837014,1.5004558857414119,-0.07781699407135904,-0.0654859121452036,0.042378117201037624,1.1345611610507709,0.5677466741163854,0.6113779264528891,0.7874764951206853,0.5562786187983723,-0.10495673304211887,-0.8748853435622844,0.5781214476978068,-0.8620644722647702,1.2051410624550587,-0.9961841309018397,0.8884098037513016,-0.6156706469961957,0.7100603875619087,-0.9294418799969721,-1.138227303386842,-1.1306493025631268,-0.15263034607884252,-0.801953131707544
Y2C-002,2nd Year,3,4,Neutral,High,Neutral-High,2.2229115973836358,3.084780345691117,2.7516050312023146,2.602992035337159,2.617284353423247,2.635724840542787,-0.5761080720796249,-0.18670203587033044,0.2428363126485683,-1.0058725332358527,-1.0006634534302206,-1.1251197348650879,-0.6851226326066086,-0.7222047465750734,-0.9161064615645802,-0.5085986874319404,-0.8345334568496489,-0.7247026931239928,0.13977596686209248,-0.011146561305913382,0.1150173215283381,0.3592272351834334,-0.15961498464880253,-0.2376138307976533,0.2809073766157017,0.21747232946446823,0.20858044197675837,0.5318620977569939,0.9082567957691139,0.525565935907006,0.03679349081373343,0.3163048193025106,0.09737179780147855,0.16782732933370104,0.25350514692176135,0.060655937401408254,-0.5481652200961926,-0.37250294082437635,-0.4678430782083931,-0.15061871360674034,0.0012364739124372,-0.2727011426642027,-0.10302173225989346,-0.14481916800485123,-0.28923404579709605,0.007404139091921112,1.3089711984330743,1.1434698589870154,-0.5551856486441193,-0.6594669920845866,-0.7078890258048681,-0.5033623098863924,-0.5957849179132038,-0.641625550397941,0.4712818311667715,0.4984811246945512,0.476101585255068,1.0902914265741845,0.8025355552529035,1.0320492796771579,-0.9641228186529857,-0.5933137482505423,-0.9612951943343275,-0.38466159416328394,-0.3302348058978789,-0.5443094828648116,-0.3065381505059524,-0.725954275683481,-0.6205440833522949,-0.22068821459254037,-0.17473087591358152,-0.10288736956394778,1.2761579365776474,1.0768588090280962,1.7609594389434395,-0.24579554070939638,-0.3026993724055944,-0.2888733435434799,0.22490811492075605,0.24892509702702428,0.4112399326233597,-0.6260113822903178,-0.17071930041356792,0.005311389330080045,-0.9371317985490618,-0.8685259099658525,-0.9039458229444773,-0.4848777458905846,-0.47284447041075517,-0.4258915268143434,-0.46317682619969974,-0.43690627421937256,-0.3905565112766969,1.8139212955800004,2.032114170462882,1.7024542500325053,-0.35289619033422204,-0.34296270517685123,-0.3949999275799933,-0.6464605066165606,-0.8028401344348775,-0.9104748848474754,-0.5877939718532217,-0.8351878241584546,-0.9300222106439994,-0.8987754501421479,-0.6804329650812452,-0.5818902336908442,-0.989393474873651,-0.9510640187471975,-1.0656590904581495,0.9624369254233093,0.4301919628148852,0.40073745936681293,-0.24262479909810777,-0.26962136880134974,-0.25621226551121135,-0.43865548025513984,-0.31663462271624865,-0.34589855840592487,-0.37381975883929125,-0.19790311906992433,-0.08028280912121723,-0.5613527408145925,-0.5474154591735443,-0.576720292489389,-0.9354899624984595,-0.8624449707133034,-0.9246101746417364,0.6956853458314718,0.41359413022185987,0.4818066615621524,0.5362275338926221,0.560858635200277,0.6807586631132897,1.3955319823449297,1.1936125469464642,1.037328580845965,1.0827457488012664,0.7938848803512121,0.7664866705551926,-1.0969823628408568,-1.2498746905383575,-1.3681050478166699,-1.0931695517909266,-1.203214144416325,-1.2993518666559323,-0.8468027403095884,-0.7557302710862128,-0.8110253070804196,0.8414762234464822,0.4544289225869066,0.9322490802547495,0.6188958534040755,0.4787406611453606,0.6041035476645509,-0.47417784264962287,-0.45165128196976895,-0.404236253069241,2.463512099739881,2.979323144007539,2.765332344308473,0.846750598156967,-1.1035958941976045,0.011277518965515378,0.09307574336961699,-0.6549856542541201,0.5194052288242051,-0.39036440811567047,0.06974885198503793,-1.0537219687781945,-0.40480491308649225,0.42037593265416406,0.8617049072839279,-0.7479094516382959,0.9181553746963834,-0.142679743359549,2.254796320959898
Y2C-003,2nd Year,4,4,Positive,High,Positive-High,0.02295176068446849,1.4806774150140167,1.6635276388274884,-0.19820343074739807,1.3686155954793748,1.5142192440381206,0.579461766941819,1.1248057453124378,1.3014967227588563,-0.5232754151359453,-0.42147969065325813,-0.8428732949206776,0.03224168756200141,0.2727355167771366,0.20940169362618516,1.249869882049981,0.7660220625755233,0.8751655357182204,2.936470179021744,0.9532393072700861,2.002141308413723,2.1580971633399773,0.6302915278424966,0.9897800956490685,-1.4309087745826545,-1.1174647082963267,-1.4990081642167283,-1.7870986541972473,-1.2578825846015658,-1.6466849674681237,-1.2156454334523958,-0.8123491459973297,-1.3139807177820786,-1.140257662389388,-0.4700969456402173,-1.1333074861831536,1.5464131329604418,-0.15960988645477092,0.7081122237952372,-1.12902613396626,-1.287190476560601,-1.4751099825650098,-1.1189874003274378,-1.2142682426612508,-1.4180617239185698,1.624637898472039,-0.5021505017272174,0.6718215804195027,1.9274319492690446,1.682057902569191,1.2098240280782846,1.9621558549685845,1.7602644600622688,1.220360378759476,0.5131852946109638,-0.0136064704654581,0.04265328108104389,-1.6714956399031884,-0.5868812531739311,-0.9487449045161531,1.7637540669931784,-0.23586863218679247,0.5066323597601154,4.039154507416968,0.824482444837573,2.0091390252321504,0.6613973981351658,0.06593562350742757,0.40543095714116617,-0.7515604002520843,-0.7042308545429389,-0.817332384323336,0.22392569110936045,0.1405201035545419,0.5049147465141419,4.705551291415848,4.3054317555621555,4.303836042992025,-0.3745333574700577,-0.3563840981767677,-0.36741896526753537,-0.8741028405453972,-0.7372846995344091,-0.78037288110918,-0.37031424832823806,-0.26673645007521024,-0.28165147829647064,-0.10934153846278842,-0.3528201870935264,-0.32910601385805527,-0.30062321525392793,-0.3880974860380792,-0.34294316076980047,-0.6964420531263992,-0.8788221734803238,-0.8719822772531539,-0.41822790384778086,-0.37246019938654157,-0.4368237495117399,2.9860832888816455,2.266545424801001,2.248417863128388,2.882398439495753,2.131003312303329,2.120067343530205,0.001802221893906424,0.21577421993985393,0.33762967107953223,-0.6005137815704452,-0.7403330027916605,-0.7936174974787481,-0.9493274909627829,-0.8726034448579156,-1.00284522359663,4.869435785675327,4.7774423248209175,4.752298269206283,-0.29879079993952784,-0.27128853105902034,-0.2712929195297949,-0.013099066088169978,-0.18032779591003972,-0.1198638429024294,-0.5529471100542689,-0.5428292144547121,-0.565159761512084,-0.7279668795162372,-0.47285723459658935,-0.3130411212621886,-0.5395271183749365,0.7228506452183954,0.7910938823003842,-0.37306710834375034,0.9201884267107238,0.9816270122037776,2.8336094150852444,2.5523257147574467,2.6963181548937616,0.47886523253807717,0.14809575254333338,0.2363944003873169,-0.43262572844497993,-0.2785039080122423,0.024726429274334806,-0.06501595989111722,-0.0025026704595165054,0.1891879710843763,0.9476924524089558,0.594182887745701,0.4527404875706174,0.7457937677972974,-0.24477560704803264,0.41457517560871526,-0.45856470428810603,0.8280267632881149,0.9099608557205079,-0.22470087717374068,-0.3832744521717676,-0.3504976461065889,-0.0880467786789545,1.5031304851825114,1.657323570536775,-0.6208546065341735,-0.23856016656259704,0.3866037732012641,-0.4282052826373203,2.093660362879266,-1.0997087334104823,1.7750508324345537,1.0340072220798564,1.1651755325619118,1.8128367078724215,0.126652575314812,0.7022105800897869,-1.845294132118335,-0.501301398618457,0.6955820497438943,0.2622080817673869
Y2C-004,2nd Year,4,4,Positive,High,Positive-High,-0.8561498574475717,-0.7795236138640851,-0.8179482491380525,-0.9734463041280941,-0.9462488000679649,-0.9761534604921653,1.4116125687819376,-0.004734294070058417,0.5697716694706074,1.0759818246229613,1.025208463300362,0.7969025271565574,0.6493367229324422,0.9466829011710125,1.1367730108480627,-0.9979480310500821,-0.8658891111543943,-1.0763428360684006,0.4960011211756921,1.451681081743042,0.8317472446720392,-1.0916125202749276,-0.6556669610069729,-0.850610956124177,0.23027867813177821,-0.22292440004074507,-0.23964343070532795,0.6734813682772491,0.3059692331906037,-0.1149680109197903,1.6244467740542599,-0.7522945935023058,0.7397475514090457,1.819423167184852,-0.7178002153835226,0.8433788886174263,-0.9151064170414802,-1.0797832956223317,-1.197722098569893,0.6118128509552847,0.3874323132565821,0.31742830579517,1.3587135911656352,0.5796061404515365,0.9010271331187435,-0.5082675371875305,0.08407659891696695,-0.08236161182494149,-1.0206676111486603,-1.0492988230437197,-1.1321548742494474,-1.1016908224017028,-1.078804523935205,-1.2223538281349309,-1.590279499705332,-0.9122634298338961,-1.4564596013984916,-1.4642703254368117,-1.288767503289012,-1.9888622307915051,-0.06568327863979208,-0.5194193975351321,-0.3296486644531283,-0.09555665720265485,1.3841991636049125,0.9068034742099921,-0.25572904780322175,-0.12945229825601626,-0.23798831877629587,-0.5762291775786943,-0.5962022506618802,-0.6947565560739206,-0.7200519544307694,-0.6126268238250611,-0.7565748149921869,-0.2356032253624257,-0.26161158972982873,-0.2721592270435256,-0.41581538699136567,-0.3706520497296234,-0.3902304704425709,-0.9185430004412831,-0.8653786658837336,-0.9272720780048233,1.4454246482058069,2.591620463372059,3.161981865007378,-0.36724129983208187,-0.34857019798843947,-0.3337651939955795,-0.40064533160399396,-0.38491031259337527,-0.35028184290763525,0.33206428344806915,0.23396216959535748,0.4866162865790128,-0.15439838168243297,-0.21792153592853916,-0.24304164872605113,0.38755683105099853,0.7484181882440721,0.8788226465974923,-0.12208157204689976,0.3186408065248865,0.29349237791192345,-1.153839846771307,-0.847991680109044,-0.9017152900698189,0.009786331186191191,-0.17699051427893125,0.09570037908999354,2.835394258257208,2.239128718244428,1.9663478654051358,-0.24864550637808647,-0.2828201056978529,-0.3033174701149048,-0.36303622724503803,-0.253026647289372,-0.2955697655596577,-0.6724229164656988,-0.4101374362994452,-0.46267651489376393,-0.42298732572721515,-0.42514119041684106,-0.42029921222110084,1.196057930164403,0.5891268809430686,0.5310943219959161,-1.170332663679167,-1.2346406817257747,-1.2596531171203813,-1.0735714029634755,-0.8718296599994657,-0.8150209778754886,-0.8323339921016933,-0.7234183893742397,-0.7742907890416201,-0.8318784548871018,-0.34115678146978473,-0.4759914369539078,-0.0013969357491179454,0.23080844030829917,0.07254453956127853,0.5932239224102714,0.5970172918812446,0.46629681891260194,1.083874104556714,0.6281003760951721,0.9025636314436066,-0.6973096689532816,0.48067035133044883,-0.011123893867180566,-1.1269451043454837,-1.0560253590199267,-1.035783979922392,-0.38905838038702695,-0.3719112008665551,-0.3436777660911188,-0.9341493932567764,-0.8696588105749122,-0.9040596998669097,-1.6619065001941724,0.3180118355254497,-0.3349831382112472,0.18882319079884488,-0.46413611369436963,-0.6248949782087748,0.38069283165242757,0.83347432215348,0.8427999660744414,0.6652266471483789,-1.8029614728302736,-0.36707766261646574,0.45908025341528835,1.2702261288728305,1.0231616530962777,0.9837730431644317
Y2C-005,2nd Year,3,2,Neutral,Low,Neutral-Low,-0.8685293386693805,-0.8023512310962557,-0.8795118252814281,-0.8297291713640269,-0.7119451892817078,-0.8186861839002376,0.9752382454767938,0.2096502631187399,0.31208163443842574,0.9671729626014478,0.8432317732720849,0.5586109981500342,0.5290067009765298,0.38397523925824195,0.11921893140985894,2.0292352507067193,1.3731765609828301,1.0205517532726363,0.8827849517593178,-0.28211657002366974,-0.223684809423751,1.5308108018095616,0.36187172828160746,0.4449756516441613,1.6619751089216437,1.7922091103470936,1.8971873316284131,0.8678949975657286,1.4470798128866271,1.3236097375092992,1.6488947393094733,0.921235010982384,1.5551908636921965,1.5636975082389564,1.2290661540993706,1.5931190989515387,0.40879055993802815,-0.4841738407309049,-0.21736448007661732,-1.0459517831415417,-1.2267875805717154,-1.3977792084925895,-0.994383631269896,-1.1600879320181114,-1.3325040084837447,0.368652343017193,-0.7376317422394593,-0.46546143683161634,-1.000082529661239,-0.8702958129068771,-0.981623656309846,-1.0226676939971147,-0.8508126481969559,-0.9597186088743963,-1.8212598607890056,-0.3539346119283299,-1.9315369904736994,-1.4182822957456498,-0.3317179264963602,-1.5495071626826236,-0.8697600117673885,-0.2788051249069717,-0.9000351323551525,-0.47528013550944154,-0.39426495704397724,-0.7668819734109863,0.6286711122641593,0.2352969536150782,-0.020946434541541714,0.26020311817175,-0.20136372722168427,-0.12983801672744139,-0.138757664286805,-0.20372331093455276,-0.3539340179658113,-0.2752471463739188,-0.31300643614534035,-0.3164685298867869,-0.36817856504894936,-0.35277834044985174,-0.3729367939411599,0.2367361612932727,-0.44383492999362584,-0.38703678417441506,0.4704395872566254,0.41161284540281057,0.21382092036919498,-0.516811415665039,-0.5051792552104549,-0.45175608660998234,-0.4747502601023482,-0.454119360511868,-0.405683111023886,-0.039054005165343804,-0.23257188328035266,-0.2799097870086243,-0.15382855506886944,-0.16428755050448557,-0.1745777491220942,1.1454163841575489,0.9889983282252472,0.9532789851976976,1.4964217161248512,1.5542973468819536,1.0479324669967915,0.46888691562683293,-0.37700221401142786,-0.11486120368575607,1.7424630952466174,3.0454372764111444,2.5579527559007835,-0.46846282024995906,-0.5796454636135089,-0.6863214272060448,-0.24921923735946142,-0.2921551688064742,-0.312064612389328,0.027029085109096802,-0.231818853459176,-0.20696930084801293,-0.08587603883089305,-0.21029566230098679,-0.2419330546847045,-0.2516585521525432,-0.3039443122293647,-0.36116995619158426,1.6935138646633137,2.419339230621081,1.4181167191910145,0.027929088570317135,0.4983551838187445,0.0467143895429801,0.25134632981491845,0.8506214298956541,0.34244298722686684,-0.8781444296338123,-0.7560332350441631,-0.7706987020400955,-0.7293015151226124,-0.6758043196618789,-0.7607846762987001,2.0498781687528,0.07072787708542598,0.6800651762982667,1.9674261625231784,-0.2129655793859922,0.6544326473352999,1.013224669677408,0.6199139656467746,0.7154368498770293,2.049410593374664,0.7274283396285912,0.8515332954157026,0.1398202760068891,0.682735467489755,0.21216454693950842,-0.4940417396616583,-0.47486628412839593,-0.4235720962992558,-0.8680992964281565,-0.7669060072075502,-0.8582354758557302,-1.763684857035804,2.0217804282112484,0.5717567281213521,0.2607825852862111,-0.6312132892366016,1.0372725629275628,-1.1406026418032065,1.8442142152800016,-1.0643854003114426,0.1644885910146092,-1.2851622360020851,0.6820052129432441,-0.21036074784368922,-1.0044382993027177,0.09050582329663506,-0.6130209579515695
Y2C-006,2nd Year,4,4,Positive,High,Positive-High,2.1236571033088514,0.5160542668339119,1.3336817466358837,1.1223598058328217,-0.27236452111737985,0.4698499829159027,-0.7256553731047968,-0.8399064479703275,-0.9996520202228291,-1.1633693711483455,-1.6133235442670049,-1.8489935925134133,-0.7325907180259558,-0.9604140426133538,-1.10587636864555,1.3244295061245417,0.1556868555600953,0.38385609896220063,-0.49197039231218703,-0.30882983885026527,-0.4927384622814139,-0.34141054852954605,-0.4103343679356616,-0.308374634994085,0.79522168044639,-1.1219764245853658,-0.5317977143984165,0.09192101149170344,-1.0576379985044149,-0.9042911094415672,-0.5319175991074551,-1.3187361567427593,-1.2298801275801758,-0.5007283872565578,-1.3559674485886137,-1.224121858107174,-0.354072847340385,0.29339284301158675,0.08769722112082314,-0.39513966999151856,-0.5508514391541918,-0.7165999734579502,-0.4353581522569135,-0.5046570829979622,-0.6892902066821764,-0.3945177269314291,0.291451771994605,0.034040919807136735,-0.1283932601332106,-0.8704281915252263,-0.618314215258093,-0.0539953975377436,-0.8468518706058944,-0.5939267509642308,1.1130228206925712,-0.32744638002760545,0.6545430714051761,1.375467091603899,-1.5963467553903112,0.645783853539423,-1.2005835486349015,-1.3314060659923512,-1.3817649259106575,-0.5552638513457767,-1.5024228600811935,-1.2404197110435824,0.5633271539011017,-0.4209734293385622,-0.33734172882756186,3.9268623821843267,3.3880937652851397,2.8409889981292724,1.4666550375476006,0.1601533538011614,0.24134358750563517,-0.29698548119358253,-0.3202940556356942,-0.3125116977239485,-0.23158379972086862,-0.32807185900908126,-0.325500428451324,0.6580271493553612,1.2156156264009217,1.4557999562329684,0.24956377567340618,0.34788991579266715,0.5819489299223882,-0.5419049021720611,-0.5117630892327942,-0.4600169108390886,-0.5069718438566685,-0.4683743588369186,-0.41820498729307876,3.3898901217999,3.2872103006366213,2.9334608336410763,0.14885786401870624,-0.14467682257319206,-0.11282767746447545,0.48735555661474794,-0.24912202796979008,-0.3100407800014741,0.7545542765488495,-0.1259067876647604,-0.10946759239878447,-0.6997360693510236,0.5700503785711865,0.5889140034242826,-0.6737011757525886,0.2492652462499108,0.2738912747336021,1.124255072682206,0.06963002048001155,-0.002117778164310736,-0.26875891910450633,-0.3092357412546013,-0.32896242983768736,-0.4150856244588635,-0.30213612263948564,-0.33233184166216445,-0.10027561258077065,-0.2787900964297539,-0.2661892065806006,-0.5570559698278995,-0.544361539879665,-0.5748439628280412,-0.9891748876944919,-0.8691448627058529,-0.978684376982274,1.6377205808769395,0.46660666756055696,1.023803740729842,1.3013734116370756,0.4254922808143412,1.0694198467262512,-0.8095561138795011,-0.7289275325571275,-0.7707292789574404,-1.1224516291294033,-0.9134383588961281,-1.0326826051119684,1.0586322414209608,1.282633566017908,0.8642214746122067,0.8239041437248261,1.0857866774557259,0.7661791140201522,-1.018294917093114,-1.0146745742144403,-1.1247508958500645,-0.43969489395290984,-0.9268328618829332,-0.818577636322143,1.476477667735473,0.4508216394834061,1.0758811913362072,-0.523535001986918,-0.4861167844036954,-0.43444731611809084,1.6655949302318882,0.15822008634951787,0.9610171627032108,1.352397259133671,0.9408876605278018,-0.6689173292815535,-1.055480094169021,-0.9854319988433853,-1.2437786716337704,0.5841338678923339,1.4480680686188077,-0.4217747566402917,-0.2916972338502208,0.6316496129896936,-0.778757027740507,-0.8630998426388223,0.4143970775475218,-0.13699671308443268,-0.6862633414329365
Y2C-007,2nd Year,4,4,Positive,High,Positive-High,-0.8922215047003532,-0.8705689112881528,-0.9377966143198703,-0.9814118451260635,-0.9756665428623151,-1.0248093757284054,0.20256518634771337,-0.3978589798837349,-0.11363763479021004,1.3404207665581875,-0.28566842146479393,0.7937145653227526,0.60012338050286,-0.3415179202639343,0.1494544392386443,1.845171645369791,1.5250806698199129,1.2663367642055674,0.9019106100256014,0.03898772586357842,0.07854919481257651,-0.16426785953031975,-0.26045626736174166,-0.3700725642380512,-0.7986116218730864,0.6648532023302165,0.48529448633069244,-1.262296338964404,-0.21638327927073658,-0.5035018165815185,-0.5634307527093723,-0.2607825561850127,-0.4243292269589342,-0.5688446098953441,-0.42771981993059405,-0.4862460551020235,-0.6327930406155997,0.4210587501001713,0.6629702206299929,2.1154354843047765,1.458613444195667,0.9043759760281409,2.011174286260497,1.350217862603073,0.8190485065621146,-0.6451946175985341,0.3389640058281394,0.4890861453957366,-0.2532314056561154,-0.45296607645488507,-0.488498632773828,-0.32214288782591716,-0.5544225012171456,-0.5013116739724238,-0.38889540103047604,-1.2814089616736737,-0.4723376355916686,-0.5361057203920333,0.3910042314839625,-0.3247323614370334,1.5921282666349073,2.0274214167690987,1.2765862326917978,0.3945094309566037,-0.23690827783857624,-0.229915750338949,0.3250576928801352,0.35703385788248604,0.7262097808323019,0.3419435177896453,0.3656739472080274,0.752237283572205,-0.23089346624397206,-0.2933772915630727,0.02675931383687138,-0.29717237331088847,-0.33816730270138745,-0.3280225397754341,-0.3026516720803834,-0.3167591595961811,-0.32871630056657775,-0.8063437204616641,-0.7724238669319369,-0.8825554111823292,-0.4343437917988343,-0.5231205123630194,-0.43210057440055455,0.11064019444647649,0.03637481525639322,-0.02497854640592693,-0.046795487722785085,-0.09564759579292605,-0.13793920296559967,-0.7560606662215398,-0.9892126175878552,-0.9944833073331386,-0.3608317432943501,-0.3404029242803833,-0.396676682773928,-0.22186074216658525,-0.043449881243840825,0.3183977897929465,-0.3148945339194038,-0.22160313727721306,0.17474282042683048,-0.7201931114445917,-0.678393167659592,-0.7840296078305845,-0.1953589923511163,-0.3050603838281105,-0.16240479561792162,0.14261758363458094,1.5553266379360273,1.4727541807753903,-0.22880022207731343,-0.2386274235841809,-0.2248182545826747,0.065458281440829,-0.1596565892705981,-0.14870931667299292,-0.13012743413445493,-0.1323480299736314,-0.10957831353305447,-0.3145457861866012,-0.38058139419115394,-0.35880789963245857,0.8902403692824038,0.8845138266083509,0.8959166449076558,-0.07341274237091422,0.6778237947771546,0.3110140201408504,0.03627749070562133,0.7394515385778322,0.4121076289563553,-0.3298183029470634,-0.26992415981008444,-0.12358102269580337,0.2417577882072323,0.8039461469531661,1.3885103322884014,0.8651370418981063,0.31516439231270693,0.20637084390897517,1.201013202870317,0.5080735657256241,0.5400506072228461,-0.3159371880577124,0.11676532817236547,0.03890743029181238,0.9952068363370503,0.8366875950259083,0.3646347664738203,-0.018851722605484254,0.7161777754851376,0.38202507365633254,0.016656221960129294,-0.04397614628123848,-0.09343171590465878,-0.9568448478326402,-0.9355556422243694,-0.9960427211419798,-0.5024939902076077,1.0523881732716431,0.8613916369673585,0.08822398569858397,1.2822030881665683,0.5008171003371571,-0.08834869983095774,0.6046800832136888,-0.2658135870435626,0.18146093812461653,0.6619162333271705,-1.017927738708282,0.9465699712193895,1.6608952076177024,0.3561024319510927,-0.7819955593921003
Y4D-008,4th Year,3,4,Neutral,High,Neutral-High,1.0539591406810163,1.724691736760167,1.1497962464396152,1.7780133796113904,2.2341320524234574,1.5078706549112215,0.3188742638133929,2.423258639296503,1.7906903106863166,-0.4799050399456309,1.4381092384954517,0.4601333942044632,-0.14058323358295885,1.7192806105520337,1.001005500229833,0.27441719768599,0.1856874661008542,0.05038433372546001,0.9651217192835074,2.8854754323925196,2.72727216830598,0.9652608296892573,2.7970415538770608,2.5788851616414035,0.14823814707330701,-0.8213222583094327,-0.5324267071352006,0.2798581682530273,-0.874173397844683,-0.542428842405787,1.1189467674219085,-0.32330627565882153,0.45793370142148926,1.1844116399115192,-0.3261468045810282,0.47040744626266484,0.5873823325983256,0.6945985168933774,0.9679236408900742,-1.0205788094434691,-1.1431667003596855,-1.3175131297005078,-0.9787493646043257,-1.1162285338525133,-1.2928320022083646,0.519074020853942,0.3979726307392361,0.7305752487562378,-0.8893727126213163,-0.9837235561309409,-1.0205414141281266,-0.9807399033081868,-1.029983923186903,-1.1055295849626519,-0.7247837752831753,-0.05821934260970791,-0.7894988218196813,-1.2119126352915262,-1.1140015725506645,-1.6795390730177044,0.0923230850442609,-0.21387510116629604,-0.08863955745886146,-0.6106118800830738,-0.8162897475467836,-0.7835676773743337,3.694014215051686,4.420907086768162,4.263073757356059,-0.18414580943931758,-0.3171699572677742,-0.40408158281815487,-0.5047112208722797,-0.7692782576543573,-0.7815057758057539,-0.2567656709227314,-0.2908447373989488,-0.285653174051746,-0.40815370902151615,-0.37016072334557465,-0.3892955492311741,-0.30400761552686145,-0.3487607856284915,-0.5475629539025348,-0.6772125324049607,-0.522410935650408,-0.4753178051439314,-0.29723132133048663,-0.22176227969422227,-0.2500258914776326,-0.2943566727547245,-0.235798972160674,-0.2482883077634928,0.6661149808820324,0.2197962190029646,0.18443742518726047,-0.3691989177751052,-0.3474215736346884,-0.4131276720939729,2.743035078361921,3.146406825896108,2.8614510617508255,2.705333241796774,2.765658893873369,2.465087265675594,-0.6616332803462726,-0.9940639910877748,-0.8224443736280654,-0.7590282267073745,-0.5944023798366834,-0.7341519942890534,-0.3174856384227579,-0.45920153828417987,-0.617437733857641,-0.23687209397732256,-0.2898812653238759,-0.2987464003578788,-0.3960020982456014,-0.2954466861579075,-0.3168342915203972,-0.043710166667778445,-0.12717455733267555,-0.1870000024916258,-0.5581524464829815,-0.5450024077550788,-0.5739778882003689,-0.7921851077137189,-0.7093991516445903,-0.7974493243049847,-1.03079728710854,-1.0002885763899192,-1.0523239557474051,-1.0100674939382854,-0.9384382285237012,-1.0159249857391057,1.5509347096774306,2.98786438196939,2.7749615086385164,2.5710715890731066,4.036867703604159,3.5117449046695843,0.836616031559173,1.2726899054907945,0.955789004142223,0.7258110751970653,1.3174234702310148,1.0198948624280368,1.680453244650222,3.2643782071464145,2.399354619391684,-0.07549436245615965,0.520441951762919,0.2593362032625658,-1.0248482700366006,-0.9703101263065568,-1.0308809322290644,-0.2969326583120427,-0.23029924916086342,-0.24867670518675572,1.442237104467469,1.939322768437679,1.321233138774658,-1.0513337477461993,0.7837114156971785,1.3772584073426828,0.7711522165649023,-0.08970490283355273,-1.2527132298518322,0.9949568676864821,1.9208723806959735,-0.3495415800372631,0.852205239612404,-1.3072750593174267,1.0541107942819168,0.2792493434713257,-0.18809610681281227,-1.916370946739353,0.3915334635448566
Y4D-009,4th Year,3,2,Neutral,Low,Neutral-Low,-0.789978348781546,-0.8048993810964287,-0.8197592441105508,-0.5811575224970005,-0.6955617755521603,-0.7029480176076751,-0.70624085336351,-0.730251253476561,-0.7802950572602796,0.1697573168379494,-0.6780639945208212,-0.39598948343899193,-0.30279466149180173,-0.441243479078179,-0.3515262024695089,-0.5784906075148706,0.22806634146790306,-0.09747000866860155,-1.3650540284333248,-1.024651979735666,-1.0801966408195345,-1.1201451526261548,-0.9735194833907747,-1.0212193297433911,0.8600821289773026,0.1834382276893173,0.8378161655141458,1.5382201743171955,-0.06011481466444136,0.916464422714919,1.129996600435732,-0.04712793083052202,0.9721613998468401,0.9954293376570459,-0.010257938809166998,0.9779690760747708,-0.22533946780071742,0.9688365367199143,1.218505998508981,-0.6370122273075602,-0.9800521875719065,-1.0884595697600188,-0.6801217546487394,-0.9402028503239325,-1.0811205293997417,-0.3142388220245712,0.85929591496238,1.009775149798679,-0.8194427040879618,-0.9388385899118565,-1.0194459759432621,-0.904270411551076,-0.963620974026928,-1.0680549829017616,-0.7292550628041894,-0.3560600119748529,-0.5582359568013152,-0.1901094482213129,0.19376589320907284,0.1027525622995808,-0.6388101135276504,-0.7898324786268395,-0.911117309722639,-0.8396696716036585,-0.6469217477237001,-0.42780624416893104,-0.3880425591433831,0.18412154713669993,-0.16464450248513254,-0.6288015197790746,-0.5341755245570706,-0.6484294255068147,-0.38903141984108247,0.155542002846317,-0.002951563171631513,-0.23936460400876572,-0.26764849210628705,-0.27655722817225176,-0.37562265363223213,-0.3367959220511498,-0.3610454998063133,-0.03281428215650511,-0.152649405697169,-0.2598589221100603,1.3936756322681816,1.37264980314652,1.6031243550975878,-0.5218058871814064,-0.48093491463171983,-0.42436401373375043,-0.49180364521955344,-0.4459075203268216,-0.39139097308933857,-0.14022556546577525,0.11308895773066799,-0.04782161136982802,-0.3161058498695939,-0.3112797339709287,-0.3557198366380598,0.38864880717664274,1.3820387200041477,1.3661539283832267,0.13213213135235288,1.1529702980809546,1.2011675755432212,0.4643883842240048,1.2860164296578906,0.7769966798521882,0.6553038624184984,0.8679781362800012,1.0756665476043186,-0.35132903310945635,-0.20086934993060587,-0.2592595345561814,-0.23772050541549772,-0.28560631119202934,-0.292584864054104,-0.39097476837509043,-0.2915420268695872,-0.3124388089597888,-0.5362217976963223,-0.33732618046005913,-0.3489235385471634,0.021793050627612436,0.14632984762674675,0.27046127883349474,-0.7172336230720001,-0.6676375193902836,-0.7252444107233514,-0.3125988131245935,-0.19799605286379462,-0.006562531251025567,-0.03049764913995858,-0.26389236967636753,-0.03078483635023951,-0.8199811310865743,-0.7490365247631205,-0.7617178685983806,-1.1159143328627248,-0.9484374389340343,-1.078278409035337,-0.4905227423230061,-0.2724851389179899,-0.4502497276326409,-0.14793043824542193,0.3042125195298199,0.21399867866441358,-0.6235155811313942,-0.3154173074861344,0.010861050112492417,-1.7642146880569185,-1.7905228992301148,-1.937216513873038,-0.17280990563594548,-0.2488092166220093,-0.0024656448841387747,-0.5062996591318945,-0.46032889925175663,-0.4041501446914327,-0.702095287803444,-0.7971378115511158,-0.7883610037975018,-0.5023040347934448,-0.310374638823902,-0.5038080294182299,-0.012455455956299292,-1.1594501000990385,0.13717390061407364,-0.9526294581239333,-0.334355743713235,2.244704375098883,1.4364202296366932,-1.6598018903101692,-0.5637243275119592,-0.6116003563666785,-0.685096969872135,-1.5561535871939844,0.2866854418998286
Y4D-010,4th Year,2,4,Negative,High,Negative-High,0.14081592618621191,0.7620571922203654,0.46324759040244523,-0.5475345269029387,-0.21929509523301516,-0.413801827570171,1.2011067500491102,2.284736016650538,1.5353295263060482,-0.30112953029420164,1.3356974305509426,-0.008297114068576951,0.3711678168579814,2.0252045898975513,1.0071438725249204,-0.8932722819763353,-0.9487585457690462,-1.1153488318023466,0.05901747869603709,-0.3810755963213154,-0.19097972952224182,-0.5672471636412765,-0.769029477117107,-0.7508093313088338,-0.1525014998634107,-0.828546624584494,-0.8092182445618104,-0.6455435420065743,-1.2292216004950054,-1.1983058389717973,-0.30628410280606416,0.4006414791133581,-0.33443803587874515,-0.3317604918661041,0.22788317145790848,-0.4162330441605821,-0.38320911161504384,-0.5986998213235558,-0.5764898632557602,-0.6678637726253792,-0.8647010705197232,-0.7227293449232195,-0.7021463008149904,-0.8896936396806672,-0.7527767997898027,-0.46371168505083654,-0.7364532761694657,-0.8068122979315857,-0.2295343884979612,0.09198172571687946,-0.1764286529277465,-0.07501411796288625,0.3762555873060833,0.03801042922599575,-0.061713872232788354,-0.28185799002886713,-0.5815498441525695,0.5262368286905914,1.644424672783032,0.5691633230867048,-0.9921832081488264,-0.8593108064913167,-1.0216057683640425,-0.2841788474073623,-0.5799402317606156,-0.5429105857489528,-0.8175938277119933,-0.6733415833216974,-0.8643701274777703,1.4632563233292135,0.9518323770687115,1.4094201316443469,2.6926663854892046,2.6024874113704572,2.51508810993918,-0.2897431392326073,-0.3200447085509472,-0.3133898146440854,3.3637819510748486,4.1875853764286886,3.961746359266335,-0.4733978597329164,0.08142553083130268,0.04964086366527457,-0.7675874576996026,-0.41570226837864654,-0.3594761557506862,-0.1130392076919531,0.12398820592386771,0.07061584428139887,-0.04696708684403123,0.17925823773567853,0.13794566301370345,0.6299686078747144,0.9321876783350076,1.0757559871626292,-0.2497243208215883,-0.28645566401261574,-0.34555756611333927,-0.6904845712373925,-0.8125971301111911,-0.9363373157124337,-0.7121412173056287,-0.9221351961193878,-1.0592058239975952,-0.7352089984772715,-0.4635389034615724,-0.35722969573051166,-0.7524029739572788,-0.5436383974540945,-0.6238077842269162,0.4500537586572602,0.4674198751279683,0.1990961370577013,-0.2514243295700597,-0.2752978785552378,-0.29448336148888493,0.3913724155748311,0.5835668082537414,0.8047111352112982,-0.43252465607209584,-0.2502512051727536,-0.23888491028829892,-0.25911176557236915,-0.07881842781368704,0.01828444594276575,-0.6374471749025127,-0.46153275342640676,-0.623461324597569,-1.0394742826864851,-0.8646448711027593,-0.7080615605310121,-1.0577506820419849,-0.9608210400040542,-0.8805459838258874,-0.6892150497483738,-0.6355549126217576,-0.6456065722372643,-0.6411113322374157,-0.5320633262882906,-0.6141243442041967,-0.9516726415385321,-0.9427778988964314,-1.0546710922709892,-0.9948040245783009,-0.9638810167622778,-1.0977482221111956,-0.9398405552892275,-0.9581300143483384,-1.0555334163531174,-0.3422740783116365,-0.3705368954609985,-0.3741635364792156,-1.0530765402877458,-0.9133218910559373,-0.7872118763721675,-0.07391610269122577,0.16036865281524615,0.1124566954206148,-0.2031411863804636,0.3318742954421989,0.05751699467021368,0.25019188770140416,-0.9823612529959012,-0.49676642330787385,0.1701356103801546,0.6074373847272443,-0.6735745954616068,1.0491007294115728,0.39801582299752897,1.1271913322502198,1.9182475167513746,-0.4967295957896837,0.08746038251284438,0.17264543179749575,-0.8263308020616408,-0.3695229105238929,-0.822095554894305
Y4D-011,4th Year,3,3,Neutral,Moderate,Neutral-Moderate,-0.8636290077932626,-0.8439090370227221,-0.9079137640248888,-0.947598769685644,-0.9572617675778042,-1.0142813589673874,1.2346045035354145,0.3212823829050112,0.7682189857321322,0.8126121885173145,-0.46895765506145487,0.5166931383357559,0.6070741212123114,-0.5108867611635209,-0.02671421390758547,-1.4604361578921854,-1.4274012697147755,-1.4581507063324224,0.3915452386406563,0.43548583666993956,0.3905915621486177,-0.2310106010211123,-0.0033212469205912633,0.07153771030051179,-0.7614975350938881,-0.906745016669377,-0.7992751974289628,-0.7115230398877403,-0.3426956832588752,0.3729845397863063,-0.5758958651213663,-0.9918853078070744,-0.9632222307889233,-0.5454658271204307,-0.9673695736302957,-1.021684110170899,-0.45215381522683035,0.7450029998769419,0.7039247372357119,2.1647289458031707,1.9346921546256517,1.5590682335849664,2.109991231747538,1.8914826666269262,1.5868164618169873,-0.501028287133259,0.671585058132022,0.7450243211487254,-0.3002079842505645,-0.42493382052422024,0.0005798273833957435,-0.3080856750151984,-0.21834051541492033,0.18452523304088303,-0.9074511261697916,-0.5901666809624249,-0.050821535933274875,-0.9568545756487659,-1.2209243539265575,-1.135080829038174,0.3601377617253879,-0.34064961509461344,-0.07494271856213029,-0.1580771576988157,-0.4718295848102906,-0.30560701611485935,-0.8675432535696678,-0.570133970394866,-0.37788564125285173,-0.39688362890081497,-0.2980651347870089,-0.4162295302753107,-0.7755300648962902,-0.7245052412305372,-0.7531156750109894,-0.28671965017800105,-0.31363509944872514,-0.30636857839080356,-0.4063921488566613,-0.36631705059798053,-0.385832169582464,-0.09475573526871313,-0.2908602933685596,-0.2710774368629887,-0.9921487614845449,-0.8854921583553013,-0.9289052768780798,0.4984225421501498,0.4116770140979987,0.31832679766508015,1.2652710308786048,1.0308863183537662,0.6411074229326865,-0.36271575454551824,-0.16899949987833143,-0.3011941026073664,0.04455854314405878,0.0698670767789025,0.20136056840214817,-0.7649699103812904,-0.8776005073617139,-0.9998789675453805,-0.7549786126660959,-0.9575027071643526,-1.064467089780505,-0.5550670015667483,-0.5522647344190199,-0.6899090680946269,-0.8582106371852469,-0.8405941942152733,-0.9884835654818663,0.18131836194093115,-0.26402291462181926,-0.19813010616313353,-0.26393621233607956,-0.30445360950309347,-0.32380935365574215,-0.3813722474340139,-0.27166686605602364,-0.2875513419308507,-0.6727408742597226,-0.40657502063444567,-0.4531875218141591,-0.26586972764744243,-0.41402803753851336,-0.42229732026042555,2.047312928566721,2.0770492632849384,2.4523513450768744,-1.1271707567609308,-1.2824311781967115,-1.4475615345889978,-1.152228991279525,-1.3135291420798927,-1.4842093248566073,-0.5828044118612339,-0.5958475740564881,-0.6349825735964306,2.514691729110362,0.29089162485052494,0.6746871294353433,-0.9083616705346955,-0.7399334728800452,-0.5077000408308733,-1.1127527771955648,-1.1239972559948288,-1.107480454016061,3.09692216391574,2.3927493754117712,3.0191973984774667,0.5136874709734252,1.1243495181893826,1.0773561038013577,-1.1445420194553977,-1.3000052498105348,-1.4677548085403758,0.9611867065257403,0.7889426725213883,0.5165849494858522,-0.9249903334140549,-0.9103051788424003,-0.9749994806514424,-1.0137942889058906,-1.0252952067488177,-1.3253504791951123,-1.225904222879527,0.8469730720494764,-0.7199938327945007,0.31190576711840995,-1.2185424990190477,0.047795640354231124,-1.1706823491333438,1.0205731422453972,-0.5317656434905944,0.838164260369236,-0.5964359718723062,0.6520798670459049,-1.0865408544068942
Y4D-012,4th Year,4,4,Positive,High,Positive-High,-0.6709109905881809,-0.6998677862053951,-0.7331037611516192,-0.4777480121634801,-0.2809976846102051,-0.42863078538351657,-0.6535132791707291,-0.6851560496694485,-0.8031652192161925,-0.013732929341243828,-0.2557417268764189,0.3468624017129745,-0.40145809228942353,-0.45056160937004125,-0.33748208650375394,-0.8742406737219902,-0.48515350105523575,-0.24855193012025809,-0.6373551698690145,-0.8274244324741327,-0.7570558758190394,-1.0346915147673594,-0.9360245004036252,-0.9339468165844578,-1.1530917341986378,0.6591182409980643,0.7396725753812529,-1.0072056683811792,0.2292870429976438,0.3801835441913418,-1.022679209715273,0.4794917646958844,0.3849758255530501,-1.0482308261323992,0.48375920214758367,0.36842736223416744,2.7523140067754572,1.4369738400010261,2.1748444845610195,-1.1298005988998812,-1.261145134962645,-1.4704690507315614,-1.1867008096819271,-1.2487253920856547,-1.487172951432889,2.9412822108411714,1.461939981662383,2.3106169145087248,1.6704162512207104,2.939187985175762,2.6252898867601746,1.8845099431560737,2.9196212324019433,2.723180628770885,1.1759263327346614,0.4210705000528795,1.7055167198874683,0.1706455088239721,1.3784372034866557,0.7584217103252586,2.8532349902192777,3.0701395153655264,2.1100938655885084,0.5112373878049069,0.3069281964898378,0.17852356635798625,-0.6695714449915037,-0.28704021452157,-0.37222307654907566,1.1150896644654718,2.786735715009949,2.7322473409836046,0.33470846347154726,0.9481627278831362,0.6511731533627797,-0.2890180650787139,-0.31963941963117876,-0.30667938356394353,-0.23994731511649742,-0.21404169734165768,-0.2304449021195153,-0.7181147165041362,-0.6335323564181088,-0.5533644487015814,-0.46967451369511476,-0.5817287624823685,-0.606649015588611,-0.11445474948667009,-0.18856261062511825,-0.2263227151270108,-0.2875211917286779,-0.31961514496990107,-0.30458258379345,-0.2766449536840001,0.2867286330071048,0.1282841086264283,0.09955575979734806,0.17468775570165765,0.2279101142975576,-0.5966502587963171,-0.5222244173784958,-0.4741112112955279,-0.6911551136873703,-0.7851088986756212,-0.8437772542570856,-0.17569920136729242,-0.14406424301365892,-0.3703948590684735,0.22898479809973174,0.17130347794591902,0.048758845900242063,0.009810855095096742,1.3628513054971043,1.9466230318578797,-0.263536940900951,-0.2957342159099885,-0.3100722595294554,-0.27239026939898453,-0.2823915746561406,-0.29770217698904705,-0.16985906659806557,-0.22672697708948125,-0.24589425414143407,0.023962858120747964,-0.05326475561045198,-0.12163539794751894,-0.8431729085537685,-0.7266201455964559,-0.8307795769899848,1.064851715366462,1.5450597428042767,1.1199082032510546,1.2754009511509898,1.672926931128311,1.2319783196832674,0.3988429874779624,0.6749585274249246,1.2728035016801382,0.3142312401817833,0.4322172715986436,0.7128995190136335,-1.1935390874418628,-1.3503679972683613,-1.4850863997356243,-1.2206320564444537,-1.363383796964217,-1.525053086625577,-1.020585915038627,-0.974280560433544,-0.9907480677269452,-0.3164184185396598,-0.764602381021012,-0.7915414378963856,1.1747532633449973,1.6211639892297893,1.1992470024880357,-0.218903274917312,-0.2695917869163665,-0.2738281020778573,-0.5882995504642086,-0.5255474233871317,-0.6062382930723247,0.7366164374442179,-1.217521724238328,0.4133585499681799,-0.16528565045669308,1.140014300462725,0.8865269348039303,-1.0065677293177469,-1.269600149340685,0.4127561990654922,-0.9243707716341995,0.8968802754340272,1.44630388852148,1.46307273625319,0.1049152917195736,-1.0295329929562194,1.0071678091063831
Y4D-013,4th Year,5,4,Positive,High,Positive-High,-0.6590995857997742,-0.6445476676058048,-0.6293798059493657,-0.6224277242349417,-0.4110592627209218,-0.3868063697479814,-0.5836145165926598,-0.698797125808907,-0.8033494370195593,-0.13276146966592964,-0.5494296784057162,-0.6513581172219461,-0.19373759113213632,-0.13904633130720337,-0.20749112666207392,0.7025167285306754,1.5834114297868538,1.7645538689044502,-0.8998084107530596,-0.6051839469430852,-0.6688600994585676,-0.7607524914804068,-0.6579881865663167,-0.42822183180817264,0.16336023138094483,-0.4784210682371236,-0.454596663640634,0.44699089368213446,0.016516136197448388,-0.08137171567566534,-0.008354501840321745,-0.4276974249768125,-0.19125475610562254,-0.06601170337319731,-0.5353360195557441,-0.2476242586907901,-0.18290915113993647,0.8524086405050462,0.32392833980367297,0.4660608072061308,0.9368814483860091,1.019817099235303,0.44431036169892274,1.0398604129151843,1.0741250100109514,-0.2888223611735193,0.6765333307400062,0.10782266141683074,-0.4211152800427613,-0.6447252379035929,-0.6770677534229926,-0.4713027327933878,-0.6515632129340659,-0.7190708194979929,0.2248427543024743,2.1368980227210894,0.8542530451262061,-0.05885124969863728,0.20230193748820297,0.19547201589856344,-0.1855630314796922,-0.5172783650499013,-0.27941857070610654,-0.44023996804121507,0.33176016926142005,-0.276865938926578,0.37641751785470623,0.6176009878092944,0.48688340335614716,-0.49125153147424294,0.27029108795716855,0.9368259845375048,-0.784851064239777,-0.8183078780577978,-0.8418737610419454,-0.2706397610849538,-0.3202109318813407,-0.30326009173954943,-0.37965332623988907,-0.3507260445728384,-0.3562579472350137,2.201824520606812,1.453957500541191,1.7255543028061993,0.22445362436559665,0.4258788198131621,0.6644619780099021,-0.5109116433149483,-0.4753996611615549,-0.4298963102689564,-0.4677333874085908,-0.42823377422811426,-0.39247838653113193,0.5199490093633929,1.185422653869767,1.7904024595451782,-0.31517194057883857,-0.27297767264573863,-0.2910077926281579,-0.34607773903275624,-0.25222058710194717,-0.13359598535286316,-0.10224566902719015,0.2949090311261853,0.2195807247332945,-0.6276711781632766,-0.5857439395275629,-0.46363400255641574,-0.8555901069110756,-0.8598515250465041,-0.9295583313308132,0.8075195374480443,0.46032097896120217,0.7433784564838753,-0.1357978793380082,-0.12326673981836828,-0.1257340227082301,-0.37570169051735697,-0.23808506254803524,-0.2272152239132365,-0.5160084829652976,-0.34483456073738117,-0.3327320427806488,-0.40276684567571697,-0.179725487572275,-0.00452426613263042,-0.736143546201218,-0.6069206275656389,-0.7139588565829321,0.5672398441120289,1.175370471052526,1.0069828290853489,0.32205544436685635,0.9078110164602564,0.6459631292845202,-0.8485829995268831,-0.7113904336314388,-0.7372977408338212,-0.0470080029100928,0.9660974762218371,1.2195532800639042,1.4742659483852438,2.0139922615216865,1.6171095622802762,1.1266193524299353,1.764180282014396,1.5586645481358161,-0.0023546453082307728,-0.41421641697196654,-0.3494177395553094,-0.8462261323870158,-0.05269173688739031,-0.38127911270865245,0.44701199629628474,1.0522593993949139,0.7695791175401547,-0.4874429986701702,-0.4473979729973203,-0.4069733281434723,-0.6551291419559645,-0.5523181612581984,-0.5386455609978066,0.0914719320862979,1.2991522763060201,1.6000163956490099,0.8691755456988394,-0.4190574173020435,-0.6281136602360458,0.4996866261710408,0.769506711267708,0.9189023990076414,0.9689624337770402,-0.3154429912816423,0.3878692966042012,0.43836698705635685,2.9047201182059696,-1.4780174686675265,1.5887294073993272
Y4D-014,4th Year,4,5,Positive,High,Positive-High,-0.13481146876567407,-0.15092779888951074,-0.11692944714896461,0.015290157387922571,-0.034189710269247234,0.04728673464059527,-0.5024956976481123,0.10852906653076777,0.5994608747299951,-0.6416962979567992,0.403344688461162,0.7876228207154758,-0.2058689762149535,0.7183409810106368,1.5173914882575088,-0.8318924108618145,-0.2638179650536884,-0.35477861216646367,-0.41165324584157303,-0.4079795233829855,-0.35447003061372556,2.3581152556459064,2.0684244761914012,1.8429736927998575,-0.1661535769309732,0.8450589325187327,1.170723486969234,-0.8089024939252002,0.698051035184451,0.9031976075794761,-0.6631943772059299,1.4173691411279028,1.0752438835238123,-0.7106113292270859,1.668276704348657,1.238741746350055,-0.9849763765618963,-1.29745355770626,-1.336401739751963,1.9196320883203393,1.1428813856071005,1.2116842712213463,1.8462095098063698,1.0046877307528082,1.1887076334420235,-0.9358249797791288,-1.0961556307248501,-1.150892612972079,0.540971076797792,1.3534261285842666,0.8740884580316156,0.8260717890184137,1.5434354490495006,1.0786664567351347,0.048067793624807335,-0.5068035601851514,-0.05752519608289382,0.8646278697256996,-0.6653300990328456,0.6870933174775883,-0.6098422930319852,-0.3650444083878516,-0.6266245629372195,0.7392297932796501,0.728790360018012,0.5510593249305507,-0.825258105495612,-0.6109708112437915,-0.7586976944190025,-0.7133689031395778,-0.6625104233175036,-0.7570490599802085,0.9177229255701574,2.7317396236003684,2.492611571705039,1.1260002451666555,2.117212121357055,2.1368406721779936,-0.3104563961390974,-0.2799914676825873,-0.29379525296532544,1.4212966881245763,0.7115952631586842,0.6244581316548147,-0.9221188942999912,-0.8196444935481201,-0.8528650601823689,-0.4968030153364283,-0.43797205426993846,-0.3589888136382068,-0.4677050675819785,-0.4187855547508787,-0.3513911689548461,-0.2566011667657059,-0.14439807452087972,-0.27692549425439766,0.39065393314518654,0.1670849765524252,0.3132682259122823,-0.681177053258423,-0.7002307106981938,-0.7540480665367769,-0.6395500162445761,-0.7323018191779619,-0.8416820135090738,-0.03531358939104381,-0.56720077286658,-0.4181930189784528,-0.9405247523908936,-0.9338679635140242,-1.0385753806017293,0.22249696802287952,0.09659304182130776,0.5376018455621464,-0.2593664865549225,-0.28923884250775556,-0.2975495350109977,-0.37204358543849947,-0.289300123993411,-0.31087329015075754,-0.5371950649441526,-0.3318127986860564,-0.35128541171227373,-0.2503005710155992,-0.1408797504794331,0.052905553749607315,-0.34132331182512315,-0.06842121762599129,0.12550083406170792,0.32128789811604785,0.8438494673051459,0.7582625002326483,-0.16427431185503316,0.34817474620669203,-0.00893375383159936,-0.20403484501512967,-0.10560021198765038,0.02526175436621157,-0.7243034258452741,-0.7262699607285444,-0.6910322036100278,-1.1432321833371266,-1.2436048906051722,-1.3406851804985513,-1.1981824142270658,-1.3192173881922102,-1.4250608709093493,-0.14383058510260202,-0.0004910517625624514,0.3911885244410414,-0.4469629808524744,-0.2719921399444251,-0.07526003910709164,0.07974858404643849,0.5754222259377225,0.1772368285410589,-0.48171962549133923,-0.42695455046251457,-0.35419783955411976,-0.062101521950209355,-0.09000994701683339,-0.08535442996903903,0.4929964578861691,-1.1817748851591123,0.4597375727816538,-0.4682066533104652,0.6455377174860181,0.8254183344153526,-0.9200005998801537,-0.9114068279657019,1.5142168244563858,0.851076302824647,1.3487061350313942,0.03850545367579899,-2.3553417774053056,0.7074586098034105,-0.00012390227143724197,-0.5373926428677553
Y4D-015,4th Year,4,5,Positive,High,Positive-High,-0.6710179920122011,-0.6060915180954245,-0.6310460635688107,-0.7742425855774993,-0.6548572429160042,-0.6329163036862834,-0.12532214630806796,-0.10334340447828372,-0.2209376167366192,0.18063833218120717,0.10890727936774135,0.13079274823875456,-0.30258652098520866,-0.45865329980321135,-0.5583491787140854,-0.21855874946095172,-0.2784086766467649,0.08869885984220933,-0.03089208972549878,-0.19987433652566297,-0.030157780478650795,-0.6284537684596718,-0.7413098375649733,-0.6343498179653719,-0.35093520306652565,0.35332182130229933,0.29384850700628423,-0.09817417470934123,0.10732072968327358,0.4024625683500831,0.12233919202690373,-0.20304321086708402,-0.15883461233744833,0.02737432356413548,-0.40091965438174004,-0.19534974229790636,0.9386275025612255,1.1379402480402303,0.7775645057161912,-0.5520068901581812,1.0201597339871338,1.4284053958200587,-0.5585275949719836,1.025515798602045,1.4096307431778918,0.7285206319745435,0.828369799871124,0.5544175556678418,-0.670137944175179,-0.7332995350727003,-0.6925237826670243,-0.6778803977175216,-0.7472554773361205,-0.8033261467571534,-0.8142330705595017,-0.17953437528279714,-0.9933118289164871,-0.4320372601218921,0.6956471262523336,-0.029630981545815872,-0.14135650013903656,0.2876472000936503,0.5443706294856503,-0.3980887428151905,-0.6382691416167391,-0.8411379027112087,0.36205292236810604,0.15529401702995865,0.15597413190365117,-0.4612985433171599,-0.4249728274989426,-0.42939029402816326,-0.8304871376315252,-0.7736159263471535,-0.7202067579769819,-0.3024201283522674,-0.33718775754699704,-0.3261935106522844,-0.41058172570781065,-0.36629266363698393,-0.38311180726484717,-0.11985781145970303,0.1535559824075528,0.4218060002457715,-0.37044914899585013,-0.2529012249007181,-0.2653916786765479,-0.417914870574352,-0.41753951848548054,-0.3589885045219216,-0.4100161591592118,-0.3979075993760875,-0.34080546720447474,-0.38970988041684745,-0.27134393311968213,-0.02047991812588115,-0.36836099309709014,-0.33481399415659907,-0.3857574872080961,-0.12220574794735217,-0.10365693352229251,0.14862376614567385,-0.07638782495251005,0.09619726278188355,0.7507869536673614,1.1338608202288043,2.839961157943957,3.09121334493919,-0.01995634783357865,0.5117276472370164,0.7457736137474567,-0.660563566358101,-0.3807221885530749,0.02673603962257056,-0.1978149504002123,-0.2620008790034469,-0.2636190255417924,-0.40708734236146166,-0.3110237862221024,-0.3371408614393749,-0.6116406570965038,-0.3936088517038798,-0.4220448869510206,0.019060520557079897,0.3557025532170344,0.4729386451638178,0.7072285135228119,-0.1807550244975148,0.17006899662733937,0.05368471074421262,-0.20626372343926633,0.025130110133397356,-0.07106183199554562,-0.41727342324369915,-0.24657988205364442,-0.20264522533113483,-0.4683870678395339,-0.37278894530368994,0.2574365498960734,-0.037592014707530805,0.03228099755796285,1.245083525595926,0.9150700297349889,1.1712113577112289,1.0169413256341633,0.7565930536234137,0.9307135824519357,1.1046870596870733,0.49220892078826406,0.5054048028155821,0.09154756908643298,-0.16940438284934242,0.14255508381141554,-0.008493318735347774,-0.3213939496355706,-0.09466943486037936,-0.4151794960690225,-0.40613757029345815,-0.3477290074930744,-0.7378444269018087,-0.6377884012050149,-0.6342128067006519,-0.6794514443852098,1.132368034325728,0.7048907333227564,0.6652396010401079,0.5285153790271302,0.37609891930365175,-0.37538030632736846,0.2946546500196032,0.4152571950717444,0.6061076432601369,-0.05863390893440877,-0.18852489372978395,1.493918084883221,-0.19513028933467716,0.9132684525788057,0.41497840940731867
Y4D-016,4th Year,3,4,Neutral,High,Neutral-High,-0.7365561940625992,-0.8556256700778767,-0.8566423430737605,-0.7697265399950782,-0.915630809662486,-0.9060361807245503,-0.5624466852189586,-0.7573274824598706,-0.8896779821547808,-0.15944160187368128,-1.0317159337382278,-0.601631416592315,-0.052787326508038024,-0.6067377895857781,-0.5262097082537259,-0.15130182631477193,-0.2725890678507442,-0.6369032168380212,-1.2979196504425776,-0.9961233409390938,-1.0448408251879457,-0.44805976372697465,-0.4875271190862864,-0.5636178366968282,-0.03872771801259994,-0.9512535666248799,-0.6743924109592276,-0.4496799976872509,-0.898322029229649,-0.9073696506736825,-0.5697933661852618,-0.4589775100232654,-0.8999089626575291,-0.5178135075312214,-0.5252378454567167,-0.89923997127542,2.513805908912137,2.7880016989535843,1.8438568657117087,-0.6995921279506614,0.14096449596632327,0.09964658845432378,-0.7460611399772913,0.16593117020256218,0.08309224059797415,2.4018874320780723,2.7594113932163986,1.8068456022186206,-0.13125186355339002,0.6389351953871265,1.016499561041927,-0.032363503451726866,0.6253286697601197,1.110840693318766,-0.34179453260036524,-0.47515958203078656,-0.7704700634768203,-0.5435531578282876,-1.2830268489226713,-1.0103949398910286,-0.18377395194164256,-0.6623911408479461,-0.14271928654373447,-0.7062448010912251,-1.076827076071022,-1.1293407627933298,0.443317320387725,0.21722875658570545,-0.004754855836029528,1.1681670586202968,0.5488402853313744,0.6184019169158096,-0.02634514097003269,-0.12402317078428331,-0.05705421285633189,-0.299101931151309,-0.33976979951450803,-0.3287619618985616,-0.33026775037569583,-0.33379875818792976,-0.34224831814524576,1.612731519421694,1.5811760727754745,0.9437026999640774,-0.9674621739364515,-0.8544049901078995,-0.9141833183898086,-0.42026599031370104,-0.44818551082974595,-0.40986226445180424,-0.32936925395538946,-0.3632923283730213,-0.31845415124255655,-0.8313692624796944,-0.991711650216229,-1.0406921968975917,4.788538795573527,4.809107765476914,4.707187933258832,-0.2695197576294242,-0.492290323263417,-0.5965655137014753,-0.22435491726903378,-0.4891228739613345,-0.5937313100846963,0.6974348338234928,1.0917795726891066,0.42169302444447343,-0.4561428641860535,-0.5802634992918065,-0.7148837135386582,-1.0172225027769963,-0.9105365297424994,-1.0199835732511917,-0.27172155624613703,-0.3105495533494457,-0.33104719150834305,-0.154485473274087,-0.18851733913911356,-0.1702264337060824,0.8883004869272234,-0.13120141159003362,0.046045291909530585,-0.5531425607302098,-0.5418022613965593,-0.5658975395651433,-1.0196556764131046,-0.8865446833276627,-0.9422283376720771,-1.0929091174211907,-1.1400863851806595,-1.3024191988498872,-1.1875672447546155,-1.3609295753350803,-1.5252490542183683,-0.7586723866541502,-0.6735163128077962,-0.724158364927162,-0.42869768648106354,-0.36588997287464015,-0.28097131260156033,-1.0903491128446827,-1.1826260346120425,-1.2839593624748515,-1.2029869546026164,-1.3398694677027951,-1.4996004581557054,-0.5226925432055076,-0.4460428992995498,-0.6255280189781424,0.3122158369853973,0.8747255074751533,0.5534879267255615,-1.1449529099555618,-1.2513841109649897,-1.4142988981002835,-0.367714735035307,-0.3977848856318116,-0.35392136361040727,-0.7695057322878041,-0.9114600233712142,-0.9020289533130993,-0.4806978179041656,-1.1594632141930312,-1.7012014762563519,-0.8214481457845615,0.7496780521885208,-1.078658919009782,1.267093570565107,-0.05338669498988484,-1.1306827688612116,-1.126411301501888,-0.29208829231523886,-0.6374068509840685,1.3676092648034808,-0.8883466379645615,-0.5519074913452043,-0.9978585229650353
Y4D-017,4th Year,3,4,Neutral,High,Neutral-High,0.9862217821709474,0.1892303136667419,0.6410385014361597,1.5278588557851958,1.2974033821897146,1.7383385784154222,-0.6755200361920841,-0.731521092311237,-0.803679019804463,-1.0784137026400764,-1.3927757397675389,-1.635521766735206,-0.7479376175574348,-0.7786336378749622,-0.9414013336924696,-0.17152453268650514,0.8432021187358762,1.4971651629729432,-0.33744546997721037,-0.3422147654330211,-0.4521275144942377,0.5593767263520256,0.41226868498796704,0.4770764777609788,2.6815069183410887,1.1440235744807754,1.2652743756649691,2.0677584773700093,-0.29864970522750034,0.6565249022556935,1.4131768909074665,0.7182244673750597,0.804321841106866,1.4338713811517985,0.5814715138777978,0.8174462637591772,-0.3010197929178228,-0.21148118439659097,0.0011449703492828777,-0.4821213410658483,-0.5200634261976613,-0.5342668861891725,-0.5324494037148435,-0.491177139964519,-0.5619157306687711,-0.4045174153151222,-0.24458514105996784,-0.13551064894978762,-0.8024861889899043,-0.5653984617522743,-0.7731535833746055,-0.8428477931091876,-0.740473194765627,-0.8799731892557796,0.4103071608220889,1.0988431123385292,1.2126770075990903,0.9545584374608429,0.9569479325767147,1.486770911253278,-1.4247745875306792,-0.6662308325905495,-1.186358527647613,-1.0458507798273007,-1.0780741869407249,-1.0172992539912151,-0.9336325649363293,-0.5124859892841849,-0.5109498729091595,-0.6723364426505535,-0.6354286811074557,-0.7150284581538565,-0.8081143608101786,-0.7195398068842106,-0.7268610331267219,-0.2391137078752885,-0.17655652850466563,-0.1493188381690475,-0.3905581105597802,-0.36303585103112035,-0.37804875980949326,1.058953932135997,0.9902759282383983,1.6050636888300152,-0.2635284172877538,-0.42631459953409945,-0.390629713591843,2.5921483500379705,4.054575109647206,4.444447747482582,2.830882899438259,4.168972726117864,4.5294478139324355,-0.8571700933276705,-0.828078712961273,-0.9056986430062899,-0.33495871128264165,-0.25484082214958187,-0.26336331603592505,-0.560313166721506,-0.16244763988920363,0.013005966773505694,-0.4559600563600627,0.2569474341560739,0.5888383435499919,3.132435021998772,1.9999983194702582,2.506579654941516,0.33592110699474004,0.545200079404792,0.5071953421493652,-1.0383141112278353,-0.9037775600892387,-1.0082512064415985,-0.023535367847085344,0.3865613059175704,0.5868906207813721,0.7855585239806459,0.38167004575919594,0.4976176074605249,0.3486002529730888,0.19501408407979662,0.3359305033651039,3.725402116053553,4.199063353020093,4.2283567795391335,0.9750851550071279,1.6037311111180217,2.0475960123349926,0.4510624609554567,0.9436624485016647,0.6594801561261611,0.21210385952361266,0.6855731057897667,0.4575005386725357,-0.30527101902680776,-0.28327006920158593,-0.24358669329721444,0.45380316126269277,0.08352805965823651,-0.06116498931435307,0.5677967367436605,0.9915455773226036,1.2033674253939897,0.11663965533571939,0.5615101229161784,0.5302272741422815,-0.6328225248112238,-0.4814751784700435,-0.5622048295680162,1.513192936086088,1.3335448153676133,1.5873157043980106,0.33345090732082694,0.8250185783632169,0.5673196728795998,2.74791641938109,4.140763160118568,4.502673245580528,1.2810347487596672,0.5411567173616848,1.110777930337951,0.740073966027209,0.32992910269533987,1.2623619155121366,2.567237046864979,-2.41050926044568,0.4367933611534626,-0.9900463271297251,-0.7368735927415799,0.4621892103239761,0.9412573628291669,-1.9835050053836443,-0.3702866883066176,-0.4405193191806187,0.630170844351427,0.09486107924691939,1.193018405590307
Y4D-018,4th Year,3,4,Neutral,High,Neutral-High,-0.9507202515690225,-0.9000990381718504,-0.9793107975964466,-1.0357670851899357,-1.0130546113670287,-1.0846213476672781,3.5071707418475917,1.9194319854913748,2.291129152378905,3.5949397041767184,1.7977891082181428,2.7979524221618672,4.409119321266082,3.228969947695184,3.541789181236885,0.5518609203760606,0.06633326461710579,0.681789218261626,1.3184716656380628,1.7385411183760369,1.7439187046258913,0.552338612183309,0.5439497222775675,0.6081748550436566,2.124674905154291,1.6207395168466583,1.7001535326059247,2.0139100878497946,1.8012923984850235,1.7345408641440085,2.0298265138816274,0.6407899146016316,1.8711246485136432,2.0624715640532756,0.8788938298370228,1.921380392159057,-0.2262773656936412,-0.23355254603446957,-0.4561773468397106,-0.6445662626191797,-0.6042801463871171,-0.6991468960363892,-0.5933555876675529,-0.6333377645761946,-0.7321384397907742,-0.23148836406200893,-0.31954883587159355,-0.5728806968198794,-1.0399429792165373,-0.9744197758599702,-1.1084068098245912,-1.0645091451156967,-0.9887712211437848,-1.1230656058182094,-1.5833022817437432,1.1066682316431107,-0.5159445990243973,-0.8368531487806087,2.1421609772149557,0.18352429360004024,-1.0257705050584782,0.7837767193331547,0.9462288993058958,-0.6045596226133865,0.7472395381302266,0.8823688468035762,-0.6337164568362719,-0.2331687721791918,0.029074200730272014,-0.35582083663778225,-0.4195795626355354,-0.47730769772379966,0.40313786156052217,0.19721821225300318,0.01435370720059715,-0.08110686784962008,-0.05570659394773457,-0.10605654535965776,0.8712708168465015,0.6215498200774028,0.719533025744317,2.5455344862401197,3.277129502076005,2.90573804106588,3.439933431160633,3.1334712732186447,2.3028721598357667,-0.4375258707161264,-0.26025187630512975,-0.2316088628628806,-0.4072087984986026,-0.23451830607376306,-0.19004960078981054,-0.4061331784881657,-0.5470876839134794,-0.60851943663318,-0.1425350223882911,-0.10483516284268711,-0.10906821544100365,-0.47926499012490764,0.07157195702497954,0.5034234473684291,-0.5303457442422971,-0.08102521752617449,0.370010929195752,1.749566639319025,1.0107087099778862,0.6409668657859492,1.0799616273660018,0.3871770359192936,0.6600654258546392,-0.3640502269450704,-0.7004501205834954,-0.7896106161396537,0.22918074813890388,0.620961983168448,0.498194929486801,0.293162573726065,-0.08153713726853908,-0.05924007436715335,0.9504413423113632,0.47623641844752634,0.6329290994879614,-0.01792523989865912,0.003770383110800104,-0.07029408676475134,0.20657392110157408,0.5296971486958321,0.08177931024499484,-0.3572635867310469,-0.3141149566416615,-0.34179822968365836,-0.2603817202658541,-0.3236287732780616,-0.2144774093683743,-0.8357367674298555,-0.5940617516916384,-0.5971193873985384,-0.9487203074222881,-0.4445804670955057,-0.37321988438117326,-0.12284221109603154,0.30979092036828326,0.8857738871919777,-0.08771495469531927,0.46432767860086016,0.8330847202580235,-0.46833114089757777,-0.39599520975356206,-0.2839705219720401,-0.9516910905843197,-0.7454241245201974,-0.5592271468681902,-0.31032795356773724,-0.3352592893917495,-0.33641678136661024,-0.42142598007191673,-0.24471842947833022,-0.2059019181447235,-1.014543134852178,-0.9661892027888503,-1.0439441015087054,-1.3194571728444016,-0.10494955293090334,1.3437547441063795,2.8881193667286804,-0.9680061442833119,1.7126554292815774,-1.4905968294029215,-0.3519922970067698,-0.45734649639128144,-0.0534112005992142,-1.3672597629723935,3.536156252940117,-0.17005703228406902,-0.3361679189607986,-0.4141637887054775,0.2565966988802268
Y4D-019,4th Year,3,4,Neutral,High,Neutral-High,-0.7889853514314894,-0.7084366007270024,-0.8145563932461486,-0.6963931835623548,-0.6141729591476763,-0.7151584692784243,0.17102220908518395,1.166938305872395,0.9819404175055532,0.4828752592878571,2.0840420357530225,1.241206204239039,-0.13971093437481824,-0.022478903549060614,-0.01629904991033401,1.0782474711997043,0.3445291236839983,0.534746230854279,-0.08233663079583406,-0.44787030975357406,-0.42071188194687487,0.3045749377449826,0.3380373891667657,0.11759726529698074,-0.2761550620164351,-0.18780307597792534,-0.545404388831549,-0.2965000538566763,0.04901379173453267,-0.5935594240682789,1.1413199488437258,0.695838242115553,0.42984004211497356,1.0272922244896723,0.5779604674454261,0.3191604800212335,0.5510208624108268,0.5739770336486529,0.4655881818673372,-0.404028300684201,0.8022951352041263,0.8634616190345867,-0.4749135908547113,0.8974806517277572,0.9308392388965175,0.5897515551539676,0.748493190872734,0.5484695785556846,-0.784894611510358,-0.38501189346696885,-0.3150846851692656,-0.8361713602514034,-0.22951846707684748,-0.16014888676986322,0.28098102354534066,2.4547312945873894,0.20478050424893898,-0.31195670304763534,-0.014237934327789317,-0.6794994656529428,1.0631478694531054,1.9211965650843725,2.892236819636121,0.24096048098633033,2.474044249179356,2.2014771954579504,0.4355520617286734,-0.06212876660976126,0.48291414128572524,0.11708366566678731,-0.21004947855125944,-0.11798342976855891,-0.8514678046892736,-0.9420191929152214,-1.0017392765356448,-0.3129036183240356,-0.34347945508528527,-0.3334497135013761,-0.40236430776692383,-0.36643586841699693,-0.3854296557726554,-0.17473210061261318,-0.5969983269296798,-0.5872886324355138,0.5234343907987452,0.08964851135602807,-0.15602685843421937,-0.36575421591302876,-0.38641467434785254,-0.3720212359945038,-0.3886108110390942,-0.3842950376625617,-0.35568121967122374,-0.8649445203438334,-1.0287291272992083,-1.0551574590936865,0.06054998667602294,0.250083805551157,0.5696288570608324,-0.5984892937923604,-0.7473725670632826,-0.8059386921408777,-0.6423827721749452,-0.8998744231207889,-0.9747385673006715,0.6836590992393147,-0.38534771166217646,-0.09372606650024713,1.25534363095262,0.04139598244286963,0.6252656139577392,-1.0422279111607062,-0.9707436239992452,-1.1013183731641238,-0.2643278389646819,-0.30328360165152973,-0.32354418446888883,-0.14240814211229944,-0.23584286077958924,-0.2631740920337559,0.6326198809106517,0.26112805970858743,0.1894939480313278,-0.37485186425438416,-0.49253148299799043,-0.46999599554000493,-0.3306907145169633,-0.5447280750778192,-0.4183858872304326,1.6436215520945212,0.5934507017869683,1.0930856961859254,1.6538710789876694,0.6925218983938135,1.131804406985165,-0.2081060943285562,-0.20071454734678645,-0.22690890497775118,-0.40926670331814274,-0.3695673548697296,-0.4471439073349333,0.4540250591447684,-0.1847291950768767,-0.025853489149870845,0.04066745665020924,-0.4512199850538984,-0.1578479027176605,-0.26344871561057714,-0.09182054628671377,-0.011734805747418253,1.866479224431765,1.8157313717752304,1.5566125971997031,1.6557996656832397,0.6506712937861315,1.136954258079032,-0.38123209120282353,-0.38576439858915673,-0.36348172805648915,-0.7596816915018579,-0.6680598315174097,-0.7720633645629259,-0.014363368562795993,0.23556866472409066,0.5524596630098763,0.05983426148027219,0.06199934579577263,0.39025662218997403,0.31742844058713077,-0.410941573593926,-2.3602262190975796,-1.7423173138105896,0.8498093707683714,0.23655361422811227,1.0968216061396403,0.06325892249586988,0.06458337861389189,-0.19195761921962992
Y4D-020,4th Year,3,3,Neutral,Moderate,Neutral-Moderate,0.3842744777946189,0.5102175256750651,0.3137205775620405,1.0034731902973753,1.025350065409996,0.7361495961832306,-0.6653657977719205,-0.592896819187389,-0.7458686324284194,-0.5149256184480272,0.7367365697703603,0.10125058233477977,-0.6039154798284185,-0.4640948215335232,-0.7045320147849519,-0.7505653658086275,-0.8998724491766708,-0.8617680280527059,0.12848264223042616,0.3752847754045195,0.32353264921784525,0.4418742948611431,0.9963135114042055,1.3090212962412355,-1.1733837454594018,-1.1599775614727177,-1.4509893847169326,-1.4074016611227094,-1.2678445271126468,-1.6251777751099832,-0.962584417666879,-0.16096077464778505,-0.6953319431635995,-1.0756832556318683,-0.1795848933700713,-0.7426563867724226,-0.7912447760604817,-1.1508736901478334,-1.2197224034842853,-0.3438344176404677,-0.21610755415442415,0.5259819580256431,-0.29341985759869016,-0.3235050546702102,0.39319266620674015,-0.6749226409891487,-1.111658365679619,-1.194486189347703,0.736632702659707,0.8195166807699551,1.0197339348160368,1.145430796532168,0.9146761229594033,1.2089181992991467,-0.5082316695914832,0.3475936081897777,-0.6200722458125191,0.9622704135841089,0.49171329693640925,0.7181514297713574,-0.015729823726847655,0.2988502985140765,0.6349967533038675,1.2975290407188722,1.6806874403982286,2.0728962355309566,0.010310611470165985,0.34951740865014186,0.5452458329807576,-0.3522892609840743,-0.4816986348680752,-0.5487524503091836,-0.6091182481476343,-0.6464818410912679,-0.5752441766956757,-0.30148992624773996,-0.33427738950180236,-0.32310283168001186,-0.39483597696894607,-0.36496656042841946,-0.38305781913702336,-0.8691118080174532,-0.8505514059492278,-0.9037987906480577,-0.8889711743339325,-0.8185361816422538,-0.8518059329306807,-0.04566678651144845,-0.11842991340319854,-0.16559345053331956,-0.13667103118724758,-0.1852186512403935,-0.2135772126620172,-0.38407649453047066,-0.3636935577398352,-0.24653307858354342,-0.29235579263882305,-0.3511616983559045,-0.39104998601561924,-0.4164869523191471,-0.2701686158471845,-0.17082653028366426,-0.41167661948124235,-0.1796797476313578,0.017142291560285638,-0.5305429203114379,-0.7931605413449281,-0.7447408114438744,-0.5947135222429197,-0.642132905160948,-0.6868184626802494,-0.8049161271266534,-0.8241123413161022,-0.9030036818421162,-0.26397924490471303,-0.30644853598740296,-0.3249473711881742,-0.43423879226526235,-0.32310951345516997,-0.34954912431113333,-0.5554221492479855,-0.36938760816553234,-0.412894062533543,-0.46985322113458533,-0.4512344716823609,-0.48129950096418334,0.5539824658856275,-0.12482558908565927,0.4082348494649949,-0.5689592917033574,-0.21596351613889184,-0.31636317501552647,-0.6317816468520008,-0.35766947288555345,-0.4233453415639409,1.4136115208115174,0.7447166704380127,0.615671067987473,1.013054990803729,0.6604496156841542,0.6600175988738043,-0.5528858594583381,-0.0752281532002526,0.1800679982392733,-0.5512448482978398,-0.17000245618748802,0.048724833911387364,0.03440233661356825,0.34787306180439453,0.22745720385241364,0.6587774111830973,0.32969669478573715,0.8420721036422623,-0.6028287222752771,-0.2833811339183114,-0.35771052997276676,-0.10051968448276023,-0.1597621193287439,-0.19452014225865874,0.7049330789231012,0.7930333074265891,0.5516670364518925,0.2407916269392039,-0.5563651644690124,-1.2727179037784107,-1.015105560173418,1.0115928392967237,-1.2823172314997273,1.5242604799011552,-0.47193979604004294,-0.3216408688672876,-0.47448258713713015,0.7393797827745879,-0.3178136110571103,-0.3197602805859501,-0.8579160568406871,0.3201151770345524,-0.8360248520747497
Y4D-021,4th Year,3,3,Neutral,Moderate,Neutral-Moderate,1.5788714199680258,0.5767871819722074,0.8997329067264012,1.09463049702986,0.46292092190348855,0.6269694180514225,-0.7692441165889183,-0.8666392547224809,-1.0289533334855394,-0.7268195754923695,-0.314876028827781,-0.1057631448452569,-0.601090570435105,-0.7278950695448855,-0.707110699471845,-1.0211860112247682,-1.2674213532578866,-1.274456382678227,-1.1344803286422946,-0.8257486096145107,-0.8819373488089889,-1.1741508372806448,-1.0724108291566017,-1.0946323595370575,-0.5592334850086592,-0.13473029423891364,-0.1659956781274106,0.6730330582288793,0.8691414845204166,0.9384161694804185,-0.9442985927051434,-0.37375599604045556,-0.5289460640215624,-0.838782800210473,-0.37559964011238944,-0.6707289941787549,-0.9586661112090721,-1.3201160093458555,-1.3650255112587915,0.41381467843369035,-0.40931562275898675,0.08639413328932957,0.6444860823910766,-0.6834655510594774,-0.10866422309030836,-0.8437626149468849,-1.2666922018306164,-1.3273776361800858,0.5550024951944895,0.6409730475175965,1.0448826361594141,0.12428729989307671,0.4830054769500836,0.8285708061831761,0.954433184864267,-0.7234015415539833,0.6560944132675537,-0.38646149815406833,0.2184196856120493,-0.019000520407530926,0.4065741869666461,0.0702256743096684,0.3932041588827191,-1.015304984487354,-0.8801500797945135,-0.8312080670690594,-1.1756460693241277,-1.0199043097285727,-1.1607996051067515,-0.344847096357038,-0.265093290808927,-0.18999941153195887,-0.7686592435805424,-0.6039806530413752,-0.45560665713453774,-0.3087857567662223,-0.3395776704666333,-0.32803732304463945,-0.38715159448285746,-0.3555956071116352,-0.368348181774653,-0.8505882499354026,-0.8544865827876227,-0.9124844629314256,0.08050797923389881,0.3282678752847649,0.06679674988955928,3.8325390546007383,2.303368779824863,1.6088630377356639,3.4963532523333263,1.9185270813145583,1.3187387288613697,-0.9492008933729335,-1.0590432530661549,-1.1025252847288554,-0.3656848044094986,-0.3490261568898277,-0.3985841812942313,-0.7803652717268751,-0.9087062569288866,-1.030132401775175,-0.8061370687035915,-1.0767448102315542,-1.220424514450009,0.6272010057116573,0.24875326880149137,0.2848781470159176,3.440119015425192,2.7547891498792003,2.720417876136514,-1.0776037631118294,-0.9908450726222636,-1.1208354207869689,-0.2545100524274456,-0.29365789606141146,-0.31048085448795887,0.21701690020151748,-0.19999317610218167,-0.17875718130532472,-0.564822420389315,-0.3922268874636182,-0.4171323243547392,2.0909119396425413,1.388027504390138,1.446063389630529,2.108001795214404,1.749337002829795,1.563572144704222,-1.2157395437484162,-1.5021480657509663,-1.6520876796932282,-1.2010389083914637,-1.4875968552089112,-1.6311648253125042,-0.614353801951484,-0.6958292076370441,-0.675556087691639,-0.06565119484967563,-0.279796731390868,-0.34195306756918054,-1.1325595677946492,-1.2387304935733385,-1.3028787483525486,-1.1095448710594171,-1.1485926467661889,-1.1507445100765539,-0.730315326163565,-0.6223401435476316,-0.7637108917932145,-0.48917686564945534,-0.22204389787532156,-0.3103313018433531,-1.2136001266787062,-1.4991868519491123,-1.6459296672875683,3.6491140405187914,2.0726158386009073,1.4342356013775746,1.3695027342629953,0.5598985171490563,0.8087158263915283,0.3145397642216174,-1.1291427005600345,-2.2103307623599138,-0.8826090276299486,-0.11953862803763368,0.3310150102835065,-0.5448252773423911,-1.2049349423531368,-1.0090651472504375,-0.8492518919677559,0.41836659610700594,-1.2491022303697672,1.472768365920464,-0.3968210655464573,-0.21552129129218417,-0.527728857995727
Y4D-022,4th Year,4,4,Positive,High,Positive-High,-0.37154689083663756,-0.24778709708337654,-0.21686462379398316,0.10989622014039085,0.22535447464231353,0.2738677870805139,-0.7409723651785657,-0.8602143945533416,-1.0205849139954888,-0.6871418948139334,-1.0947471681843755,-1.3285697088902018,-0.7122712738880532,-0.884126672437055,-1.0777116976800452,0.7122460515584467,0.6753826586274265,0.20169521325599285,-0.8667857961253902,-0.6746471286631696,-0.8685823008326604,-0.5199772325571324,-0.519694249907863,-0.7396167861398125,-0.743423363358474,-0.6141808762077954,-0.959510294465763,0.13106884576517275,-0.5807013553160151,-0.5926139909083193,-1.1689280899044645,-1.3423341415624077,-1.7726997023664435,-1.0368340329462267,-1.20130519620157,-1.5438076588747327,-0.23621677716853373,-0.10934665485742691,-0.4970358216061019,0.8036264660721323,1.1999285081048596,0.9408782837281235,0.35024819740529406,1.2200876383172499,0.7064777301692415,-0.7405159903554961,-0.836206970534792,-1.0732403640060193,2.953581299389982,1.1019114349947345,1.9296017903235867,2.5133150607819856,0.5543087398111934,1.4364824201359134,2.3910739311889673,-1.2256230660127356,1.6927681434788366,2.6524454004264175,-0.6604938960001612,2.021975371526964,1.0480030313233177,-0.2670330662386953,0.07902815348134087,-0.06678789341646515,-0.9952271506032376,-0.6623812653638523,0.7557111003419128,0.40408582335569715,0.051050774534929295,-0.6067166913497529,-0.6107793174679232,-0.7071894573982415,-0.7275647281606101,-0.7878590729712436,-0.8297396288505146,-0.27264193275005644,-0.3150633611148516,-0.30854234673646186,-0.3673601544912492,-0.35664950182216204,-0.3734375073369558,0.07451635030444975,-0.020844452183068792,0.03558455838851067,0.16420606994777456,-0.2508786410100812,-0.19854183985849327,-0.5356097628868532,-0.5106693374519126,-0.4588401225914161,-0.5018993402578503,-0.4674716814551194,-0.4172999742848653,-0.45469809071495826,-0.585498395176379,-0.6982804307945688,-0.30626233478744574,-0.319253473991047,-0.3364169279656078,-0.3143421162806282,-0.4450296404528582,-0.5941883558118296,-0.2990515196471874,-0.4968976367845979,-0.669962141187486,-0.40799313708091467,-0.6254768988477449,-0.6389483922385997,-0.05203254524327249,-0.2180913882399987,-0.33762097914449796,-0.9018947580016378,-0.8098635452091867,-0.8927987300249329,-0.25976877170926926,-0.3055223759625634,-0.32274401493742944,-0.44516884297650194,-0.31886360995834423,-0.3508760347223438,0.42330518186512545,0.01090776229918089,-0.08122957529126174,-0.5317875079165989,-0.5210635749212158,-0.5408285880252918,-1.0912142907340012,-1.0237598049912278,-1.072218103806758,1.638556665292056,2.0343159100370234,1.487283608783553,1.7779779444353911,1.9917839923653262,1.5314045752785248,-0.5514576046200633,-0.5705565501413871,-0.62861375053548,-0.44818531400596584,-0.6377373074727406,-0.8152811937321939,0.6926512069524657,1.0528169180353002,0.5171654257264395,0.7852333607138654,1.1907560679796771,0.6014166874662926,-0.7438536502289019,-0.8621517447773493,-0.9233642993615411,-0.6116094321591148,-0.33869556493591524,-0.6009557479018793,1.715335215599985,2.0302871647435583,1.5444156773412638,-0.51794363670381,-0.4851425300194047,-0.43344351977028595,-0.1369930086642371,-0.016455983473331978,0.0036596382190068172,2.7420896790924614,0.7478415769634043,0.34643308934563305,-1.269211737349229,-1.2101791878477626,-0.14784977436865404,-0.07282032985937416,-0.47271301757183914,-0.8317367999325405,-1.4384428848629485,0.2116856163979324,-1.2161501335496143,-0.13488652099577833,-1.20605430315484,1.6311906784514218,-1.0905096607830833
Y4D-023,4th Year,3,4,Neutral,High,Neutral-High,-0.816839474087584,-0.8300626162348621,-0.8750932481385765,-0.7899368270764594,-0.8390717985036843,-0.8618757395712019,-0.20007900841147436,0.33130366033677827,0.6310992231991984,-0.060876026197780916,-0.5380583342666767,0.0718408015791965,-0.30035434890578816,-0.19403482653342174,0.018023216632074904,0.24025965379425177,-0.27218681209370077,-0.3814338468332811,-0.4463717072636053,-0.6593022520544842,-0.6715623419464439,-0.6937133207365925,-0.6880917329595053,-0.6773699306871148,-0.5844950439731481,-1.1982787398935424,-1.1275446825317006,-0.29467688366660316,-1.0936479692774335,-0.8928158477833195,-0.3147897078965072,-1.116365736457518,-0.9580132709955202,-0.4238992882574378,-1.1860936128162298,-1.077476185679497,-0.7548401180151041,-1.180577140914662,-1.2326790088930895,0.054101145826686604,0.23950006471638133,0.8026783843062409,-0.03322148781506888,0.2550633854834416,0.7613923287665552,-0.8236424168013017,-1.2191624612481644,-1.3657619481215153,-0.2973631550412745,-0.7881570439908223,-0.6048858102376858,-0.260349059021848,-0.6856630294996011,-0.5443542819754024,-0.8308843412668618,-1.9174413161650534,-1.7242192306131934,-0.03194353243927044,-1.3694429246876276,-0.6924356149250633,0.12414957152321043,-1.069078012945679,-0.5242806418085982,0.16649108566988083,-0.7566681154302894,-0.13551546037521897,1.0822768501506794,-0.1084555299598815,0.2351869791105109,-0.6245382326475586,-0.6070327939819529,-0.7232772118864421,-0.7450407302991401,-0.8214038190206109,-0.8908540715491894,-0.254523109710545,-0.30749311737817747,-0.30383429353265917,-0.40293657572115577,-0.3659836622159906,-0.38617842116072015,-0.42575603036108567,-0.6241640873005738,-0.5481345169536057,0.3456213820410246,-0.051655946392265104,0.07135964229426212,-0.5426102465385204,-0.5145884240283809,-0.46096695200845905,-0.5074836164581193,-0.46973757048542886,-0.4184498317278044,1.7498761844056188,0.5070944315073903,0.7912974053883555,-0.35503402219064223,-0.33830243759136347,-0.3988008702380295,1.1301261938556018,0.6067420472410061,0.44856979516465795,1.0517489912120765,0.8700388353074325,0.788928726152209,-1.0148136262954464,-1.0555595082183995,-0.9944237337042025,-0.75032711747133,-0.9569580482874899,-1.0145769745950906,2.131255871424052,-0.02137028007383718,0.354611027135173,-0.19278353875422108,-0.25235109178930326,-0.2527507721658696,-0.43996626826796104,-0.3107294651439567,-0.34544149431211746,-0.516782436119255,-0.37583696445333986,-0.4131921321318836,-0.5543795755267438,-0.5477224440526768,-0.5760370195323242,-0.5986139610522065,-0.867538232884106,-0.8147520681962683,1.3100411546604414,-0.4036398047083692,0.6814459644326117,1.5680103226810898,-0.3537803689591817,0.8344378085542186,-0.8332395628479118,-0.7893104378085731,-0.8078195007971135,-1.087258855677908,-0.9118726256060343,-1.0252515199828853,1.4492960507946675,0.9056751858648042,1.2552024613687358,1.8296060334056217,0.97890695545918,1.2559433434179665,0.5093833605288746,-0.012515430604490486,0.09765141191581553,-1.0653363521566719,-1.371950177136213,-1.352885740896229,1.4447177533576485,-0.37799937971586633,0.7831613776888593,-0.5241275237621731,-0.48806335003616336,-0.43496763910315833,-0.82126937532102,-0.8432158308425397,-0.8774310936767008,-0.47264212853384413,1.665025912378399,-1.2715568676627707,-0.09346257730384333,0.3817028518819761,-1.2208737873367872,1.0353170609856235,1.5354785847602817,-0.7913669441645055,0.23583185549305863,0.3755466844789413,-0.6185398830456031,-0.5124850489815909,-1.0614610815360626,0.49710228029250153,-0.9264541678483296
Y4D-024,4th Year,3,3,Neutral,Moderate,Neutral-Moderate,0.5509844442525321,0.6883439298460289,0.6943329550894028,0.6880159173977697,0.6276945568253913,0.7057995038601046,-0.728297816218963,-0.8077332966905406,-0.9649045066643356,-0.6039203741692891,0.09385166208265067,-0.09824094539606033,-0.6335719651829831,-0.6975752058206452,-0.8009865921723458,-1.3318401014587968,-1.2650550915585395,-1.2235052357913836,-1.0618216226619652,-0.8238717403662085,-0.7549117182794862,-0.878585961485813,-0.6625779083924392,-0.7063080642480137,0.6786115058725369,2.340188882849988,1.5326572908780127,0.9502651902576571,2.3001307643593294,1.4403872064585936,0.491451621590076,2.9840084259342556,1.4655761072692264,0.48964477943288576,2.873154447400412,1.4767846856650897,-0.7919489510845706,-0.7551361847442031,-0.9109417704962158,1.4940391502942099,1.6908668041564587,1.4208495498229643,1.4183060860339538,1.7851667392408423,1.4247540805780943,-0.8774058059796375,-0.9217224835161675,-1.1093279724549128,-0.5185929670268002,0.13202560902576793,-0.11703771216080813,-0.4590258189536041,0.35279074107755515,0.07004948557763471,0.43046065815409473,1.3780140472932516,0.775226363758283,0.5392868045132087,0.885330459858207,1.0822610812738505,-0.6874907165626638,0.020402241713342754,-0.4527266202467177,-0.4653068087635282,0.19244638997506322,-0.018617003244937442,-0.6375109134666063,-0.5209429941481042,-0.5389789960881998,-0.21309701864381092,-0.053661744693004026,-0.2008978918103465,-0.7916627716493928,-0.7735758404530707,-0.7555102367880179,-0.2995018696542677,-0.33361406116085685,-0.3249408842456123,-0.39917117841214045,-0.36304894361049433,-0.38246580242101885,-0.9458965695778087,-0.8848055761632259,-0.9630004570408183,-0.7253248387798944,-0.7630693417260714,-0.7838797507929631,0.23389344713054064,0.13632510024073774,-0.029648715128815648,-0.0687760054871,-0.14497240331187777,-0.2031850154855945,-0.23295496083359696,0.2848063687720873,0.47454055598080525,0.08361407286721573,0.08592878013388586,0.2536633469589137,-0.6024631449460399,-0.6027757200814176,-0.5812679791944123,-0.7027708851836902,-0.8358325833811755,-0.849814849775181,-0.845981346675908,-0.7152621831742183,-0.7045249351726321,-0.3008479577089781,-0.24236242383681925,-0.287041993417288,-0.2703518987312295,-0.12079261650204932,0.059357056022053344,-0.2677929594785648,-0.3074734441617042,-0.32697915989316684,-0.43392101661369753,-0.3137191217353339,-0.3461542536218177,-0.6065657355701165,-0.37594775853149814,-0.4256398677187217,-0.481320561425792,-0.49597183869902794,-0.5179196984840698,-0.06360074276414611,-0.26232031652082827,-0.2622426448350039,-1.101450767387075,-1.2135417131496788,-1.2229338325197237,-1.0966591893770505,-1.1972436859419302,-1.1626255366643452,1.4205439851191561,0.9514935602967038,0.7087580398641475,-0.1843841085995628,-0.255027924068338,-0.2248534042611762,-0.8845192522102264,-0.6084753175617718,-0.44704225385024393,-0.7997461520902216,-0.3313975029506963,-0.11184560487193,0.4606165816174012,0.4993716379111137,0.41926066591857764,-1.2564014267737402,-1.3836940714894768,-1.3750691809444262,-1.10377841007413,-1.208930080251634,-1.191620097635213,0.05331137724935365,-0.03552594023428052,-0.1351244189490287,0.632211768288051,0.6916483877419338,0.7388527671407691,0.5269924839016,-0.8459625220420652,0.6229054482984466,0.12685837979847797,-1.33518672521134,2.3246440919160585,-1.6864561493161205,-1.0510260851149231,0.12176511789030303,-0.32174963576588295,0.7326207614756175,-0.15771810966051686,0.1447200005216382,1.3233076524931158,2.7709723608577965,2.104218586051448
Y4D-025,4th Year,3,3,Neutral,Moderate,Neutral-Moderate,-0.5249371270856283,-0.5595578950986243,-0.6107815379859416,-0.39473231461000513,-0.571527647348499,-0.5561209921172793,-0.6893028517501075,-0.8311119824733986,-0.9721341827236297,0.397208100434476,0.7718979302591717,1.0199077719279108,0.04018652958925204,-0.38980917772621043,-0.04282455516717723,-1.1289944044342701,-1.1316227309967792,-1.0410326751560797,-0.730505889649506,-0.88574008394273,-0.8095541470921279,-0.8530386260101284,-0.9495072137479995,-0.9693808207246861,-0.5464507594593199,0.8248110181601096,0.8463091727786206,-0.37058892415071426,1.4190210901560498,1.4146091696325078,-0.8683046698253893,1.3429175592011677,1.0039942610065142,-0.9134141626688871,1.1988000552340154,0.8977461738643295,0.3729086654425853,0.34611816292303477,0.7703004061445611,-1.0009138694218853,-1.0571597630263794,-1.1386233564705655,-0.9412423024583856,-1.0260552605672288,-1.157661592717825,0.35728654418216055,-0.13927352127432363,0.3754847129811985,1.0192306378098444,0.8231447543854294,0.44428708282206036,1.0477674905982994,0.780046433423429,0.35691758717565986,0.9963977788119331,-0.019955158939041207,1.4489825571000468,0.7679579605822707,-0.5077121315034578,0.7762889290867371,-0.35149099375819925,-0.33513136291936313,-0.6963493375795848,0.039845454396823625,0.04916224077096447,-0.3980248287619619,-1.1430679094939191,-0.923943169664216,-1.0234553949872058,-0.08903732137758574,-0.43049485635919515,-0.4137390025488826,2.417853668700502,1.2071001560240282,1.1737878368247723,-0.12207300024109305,-0.17432922657189512,-0.18749319130526917,3.169558571239387,2.127985057075886,2.427821446752395,-1.0137905732108945,-0.9097678747975089,-0.9950843253130804,1.0926961295322557,0.17442432173161412,0.3141284263138863,-0.4244098284696092,-0.4437323217333581,-0.4011161033494077,-0.46613423727454784,-0.44840041550249854,-0.40122675786300765,-0.7727320780268336,-0.8203059122517161,-0.8920108418363935,-0.4012929088008836,-0.36435844592765565,-0.42426864963345295,-0.7225357659694049,-0.8695495410082528,-1.0301800734715576,-0.7875236745391664,-1.051854189146127,-1.1984417917998051,-0.9483333765631544,-0.8581282705648496,-0.8156874989545474,0.37601395534688176,0.3702001791468725,0.434517449297952,1.0300016691019365,2.8066430016296446,2.266777498933788,-0.03515841458979035,0.01480044678986696,0.19542270088922956,4.652445221682604,4.788731831581508,4.724905152316309,4.318790412960836,4.779302753151215,4.729964473673832,-0.2966885107680024,-0.2426385425270161,-0.30122132983029215,-1.0883154566585838,-0.9183700360064377,-0.9722555327472643,-1.2000488625492487,-1.4196706790115858,-1.5714259934936312,-1.1237670545501546,-1.265862158051659,-1.4181006894540946,0.25494651169519633,0.2612971505246088,0.14041368344729743,-1.0357938282265173,-0.8818014954086533,-1.0068680977048188,-1.208771557567482,-1.377495915460355,-1.5387310040319384,-1.225994385301088,-1.3705166752236317,-1.5360588242251427,-1.1290424155696874,-1.0267020425676854,-1.1360089029029967,-1.3180586177702938,-1.7066840319809085,-1.7381334115994265,-1.1670342531174378,-1.3460462561886142,-1.4977623844455614,-0.45149646316298053,-0.44793657968931166,-0.40154995843718894,-0.47085291803004214,-0.5747461279542232,-0.6058573508725488,0.9605953699362187,-1.2275767765033654,-0.6236170340786663,-0.4363977824970435,0.519963580429638,1.356464390026218,-1.28612938041133,-1.2688235627193598,-0.10386105853095119,-1.2208287379986797,1.4246371085759413,-0.0886437023135699,-0.8234444924247483,-0.12325902336252778,-1.1459040499915902,-0.8439099442317529
