feature,target,rho,p_value,n,q_value_bh
face_mouthSmileLeft_std,valence_score,0.6088225208032239,0.001239158356176655,25,0.19653986340970508
face_mouthSmileLeft_max,valence_score,0.6045015660778639,0.0013712960374345964,25,0.19653986340970508
face_mouthSmileRight_std,valence_score,0.5984522294623599,0.001576522968527046,25,0.19653986340970508
face_smile_std,valence_score,0.5803042196158479,0.0023575847494286227,25,0.22043417407157623
face_smile_max,valence_score,0.5578352550439759,0.0037619424015310856,25,0.2813932916345252
face_mouthSmileRight_max,valence_score,0.5453044863404319,0.0048153177835407995,25,0.30015480850737647
face_mouthSmileLeft_max,arousal_score,0.4735664878858821,0.016793338441276492,25,0.6745311800320616
face_mouthDimpleLeft_max,arousal_score,0.4722160131105422,0.017151698722675086,25,0.6745311800320616
face_cheekPuff_max,valence_score,0.4679593967564879,0.018322367977489127,25,0.6745311800320616
face_cheekPuff_std,valence_score,0.4657989193938079,0.018941031239718624,25,0.6745311800320616
face_mouthDimpleLeft_std,arousal_score,0.46276268968316236,0.019839152353884164,25,0.6745311800320616
face_mouthUpperUpRight_std,valence_score,0.4454904321846159,0.025630565280030885,25,0.7471157242949091
face_mouthSmileLeft_mean,arousal_score,0.43575319417636305,0.02945320581007737,25,0.7471157242949091
face_mouthSmileLeft_mean,valence_score,0.4320954725359999,0.03100210958625368,25,0.7471157242949091
face_smile_mean,valence_score,0.4320954725359999,0.03100210958625368,25,0.7471157242949091
face_smile_max,arousal_score,0.42990113681655656,0.03196217002331162,25,0.7471157242949091
face_mouthSmileLeft_std,arousal_score,0.4172967055800502,0.037946571493317933,25,0.7854423234400334
face_mouthUpperUpLeft_std,valence_score,0.4139474626894879,0.03967749793163089,25,0.7854423234400334
face_eyeLookDownLeft_std,valence_score,-0.409626507964128,0.042002263285563286,25,0.7854423234400334
face_eyeLookDownRight_std,valence_score,-0.409626507964128,0.042002263285563286,25,0.7854423234400334
face_mouthSmileRight_mean,valence_score,0.4035771713486239,0.04543603258249557,25,0.8091941040882544
face_smile_mean,arousal_score,0.3974897422083973,0.049110348582046486,25,0.8348759258947903
face_eyeWideRight_mean,valence_score,0.3914784981176159,0.052962918870277514,25,0.8612231155427735
face_mouthSmileRight_max,arousal_score,0.382184361421211,0.05937828969270913,25,0.8642612131330821
face_expressiveness_proxy,arousal_score,0.37858309535363777,0.0620197288739396,25,0.8642612131330821
face_mouthPressRight_mean,arousal_score,-0.37858309535363777,0.0620197288739396,25,0.8642612131330821
face_eyeLookDownRight_mean,valence_score,-0.37808353846899995,0.06239318918340432,25,0.8642612131330821
face_mouthUpperUpRight_max,valence_score,0.36944162901828,0.06913219247092076,25,0.9234085708615843
face_mar_std,valence_score,0.35820714673234394,0.07870998197488341,25,0.9401814170337306
face_smile_std,arousal_score,0.35607518243130487,0.08063593215119338,25,0.9401814170337306
face_cheekPuff_mean,valence_score,0.3495652372816239,0.08673798976724821,25,0.9401814170337306
face_eyeLookDownLeft_mean,valence_score,-0.3482689508640159,0.08799347994609814,25,0.9401814170337306
face_jawLeft_mean,valence_score,-0.34092332783090395,0.09536757593426831,25,0.9401814170337306
face_mouthPressRight_max,arousal_score,-0.33761869383499205,0.09883158766700993,25,0.9401814170337306
face_mouthLowerDownRight_mean,valence_score,0.3357381821604719,0.10084414922081361,25,0.9401814170337306
face_mouthUpperUpRight_mean,valence_score,0.3357381821604719,0.10084414922081361,25,0.9401814170337306
face_mouthSmileRight_mean,arousal_score,0.3353679025427587,0.10124399274990571,25,0.9401814170337306
face_browOuterUpLeft_std,valence_score,-0.33314560932525594,0.10366850309734368,25,0.9401814170337306
face_mouthPucker_max,valence_score,0.32968884554496797,0.10752497035459632,25,0.9401814170337306
face_eyeWideLeft_mean,valence_score,0.32882465459989596,0.10850542936994759,25,0.9401814170337306
face_mouthPressRight_std,arousal_score,-0.32816537040761223,0.10925783852202722,25,0.9401814170337306
face_eyeSquintLeft_mean,valence_score,0.3245036998745359,0.11350690619289636,25,0.9401814170337306
face_mouthUpperUpLeft_max,valence_score,0.32407160440199995,0.11401621199751857,25,0.9401814170337306
face_eyeLookDownRight_max,valence_score,-0.32407160440199995,0.11401621199751857,25,0.9401814170337306
face_eyeLookDownLeft_max,valence_score,-0.32407160440199995,0.11401621199751857,25,0.9401814170337306
face_cheekPuff_max,arousal_score,0.3133101478788726,0.12724828251693868,25,0.9401814170337306
face_disgust_proxy_mean,valence_score,0.3115408356984559,0.1295261695538724,25,0.9401814170337306
face_mouthUpperUpLeft_mean,valence_score,0.308516167390704,0.13348841573625375,25,0.9401814170337306
face_expressiveness_proxy,valence_score,0.30808407191816795,0.13406151258782986,25,0.9401814170337306
face_eyeLookUpLeft_mean,valence_score,0.29901006699491195,0.1465098110947845,25,0.9401814170337306
face_eyeBlinkRight_max,arousal_score,-0.2989050836085796,0.146658496302573,25,0.9401814170337306
face_mouthDimpleLeft_mean,arousal_score,0.29395334276566637,0.1537943450768111,25,0.9401814170337306
face_eyeBlinkRight_mean,valence_score,-0.29339282585194393,0.1546173299092119,25,0.9401814170337306
face_mouthSmileRight_std,arousal_score,0.2845000193382866,0.1680941733123846,25,0.9401814170337306
face_cheekSquintLeft_std,arousal_score,0.28224922804605335,0.17163170710593326,25,0.9401814170337306
face_eyeWideRight_std,valence_score,0.28086205714839996,0.173837611578812,25,0.9401814170337306
face_browInnerUp_std,valence_score,-0.2804299616758639,0.1745287548612223,25,0.9401814170337306
face_brow_inner_raiser_std,valence_score,-0.2804299616758639,0.1745287548612223,25,0.9401814170337306
face_eyeBlinkLeft_mean,valence_score,-0.27826948431318393,0.178013179319041,25,0.9401814170337306
face_mouthLowerDownRight_std,valence_score,0.27783738884064796,0.17871581843656614,25,0.9401814170337306
face_eyeSquintLeft_max,valence_score,0.27783738884064796,0.17871581843656614,25,0.9401814170337306
face_eyeWideLeft_max,valence_score,0.2774052933681119,0.1794203797811262,25,0.9401814170337306
face_cheekSquintRight_mean,arousal_score,0.2759470124278002,0.18181242087487234,25,0.9401814170337306
face_browInnerUp_max,valence_score,-0.27394852958782395,0.18512627896906927,25,0.9401814170337306
face_brow_inner_raiser_max,valence_score,-0.27394852958782395,0.18512627896906927,25,0.9401814170337306
face_cheekPuff_mean,arousal_score,0.27279590461867353,0.18705638231660654,25,0.9401814170337306
face_jawForward_std,valence_score,0.268331288444856,0.19466320737197063,25,0.9401814170337306
face_mouthLowerDownLeft_mean,valence_score,0.2674670974997839,0.19615971398970283,25,0.9401814170337306
face_brow_inner_raiser_std,arousal_score,0.26604353074197373,0.1986419924954353,25,0.9401814170337306
face_browInnerUp_std,arousal_score,0.26604353074197373,0.1986419924954353,25,0.9401814170337306
face_eyeLookUpRight_mean,valence_score,0.26401033371949595,0.20222429815001414,25,0.9401814170337306
face_mouthRight_std,arousal_score,0.2637927394497404,0.20261026360877,25,0.9401814170337306
face_mouthUpperUpLeft_std,arousal_score,0.26244226467440046,0.20501691173146433,25,0.9401814170337306
face_mouthUpperUpRight_std,arousal_score,0.26244226467440046,0.20501691173146433,25,0.9401814170337306
face_cheekPuff_std,arousal_score,0.2606416316406138,0.2082558273426653,25,0.9401814170337306
face_mouthRight_max,arousal_score,0.2606416316406138,0.2082558273426653,25,0.9401814170337306
face_cheekSquintLeft_max,arousal_score,0.25749052383148724,0.21400683089194783,25,0.9401814170337306
face_mouthUpperUpLeft_max,arousal_score,0.25523973253925397,0.21817950829365354,25,0.9401814170337306
face_jawRight_max,valence_score,0.254072137851168,0.22036541845140784,25,0.9401814170337306
face_yaw_std_deg,valence_score,0.252343755961024,0.22362802450870692,25,0.9401814170337306
face_cheekSquintRight_max,arousal_score,0.2520886247301274,0.22411234173399514,25,0.9401814170337306
face_eyeLookInRight_mean,valence_score,0.25191166048848795,0.22444868464216738,25,0.9401814170337306
face_browInnerUp_max,arousal_score,0.24983783343789412,0.22841534158839782,25,0.9401814170337306
face_brow_inner_raiser_mean,arousal_score,0.24983783343789412,0.22841534158839782,25,0.9401814170337306
face_brow_inner_raiser_max,arousal_score,0.24983783343789412,0.22841534158839782,25,0.9401814170337306
face_browInnerUp_mean,arousal_score,0.24983783343789412,0.22841534158839782,25,0.9401814170337306
face_eyeLookOutLeft_mean,valence_score,0.24672651481805594,0.23445330279096047,25,0.9401814170337306
face_yaw_std_deg,arousal_score,0.2426353013027476,0.24255204520059734,25,0.9401814170337306
face_mouthPucker_std,valence_score,0.24110927367508797,0.24561930223164985,25,0.9401814170337306
face_frown_max,valence_score,-0.23894879631240792,0.25000499158579503,25,0.9401814170337306
face_eyeBlinkRight_mean,arousal_score,-0.2363330856844944,0.25538266456855985,25,0.9401814170337306
face_mouthStretchRight_max,valence_score,0.23549203253211995,0.25712760987907984,25,0.9401814170337306
face_ear_min,arousal_score,0.23543276916760109,0.2572508548422549,25,0.9401814170337306
face_mouthFrownRight_max,valence_score,-0.23462784158704794,0.2589285810133133,25,0.9401814170337306
face_mar_mean,arousal_score,0.23408229439226114,0.2600696873988488,25,0.9401814170337306
face_mouthFrownLeft_std,valence_score,-0.23376365064197593,0.2607376857874816,25,0.9401814170337306
face_eyeWideLeft_std,valence_score,0.22987479138915196,0.2689793878365489,25,0.9401814170337306
face_jawRight_mean,valence_score,0.22857850497154394,0.27176327601101774,25,0.9401814170337306
face_mouthFrownRight_std,valence_score,-0.22598593213632795,0.2773860689034151,25,0.9401814170337306
face__neutral_std,arousal_score,0.2219280214142014,0.2863342109027787,25,0.9401814170337306
face_mar_max,arousal_score,0.22147786315575477,0.2873379380731995,25,0.9401814170337306
face_mouthRight_max,valence_score,0.22036869099335996,0.28982052318356516,25,0.9401814170337306
face_mouthLowerDownLeft_std,valence_score,0.21993659552082395,0.2907912883066729,25,0.9401814170337306
face_mouthFrownRight_mean,valence_score,-0.21993659552082395,0.2907912883066729,25,0.9401814170337306
face_cheekSquintRight_std,arousal_score,0.21832675534662815,0.2944259669194731,25,0.9401814170337306
face_eyeWideRight_mean,arousal_score,0.21742643882973486,0.29647102203588677,25,0.9401814170337306
face_cheekSquintLeft_std,valence_score,0.21734402268560796,0.2966586708733998,25,0.9401814170337306
face_mouthRollLower_mean,valence_score,-0.21691192721307193,0.2976436982051379,25,0.9401814170337306
face_eyeLookOutLeft_std,arousal_score,0.21562580579594823,0.30058765908767776,25,0.9401814170337306
face_mouthLowerDownLeft_max,valence_score,0.21475144985039196,0.3025993786911376,25,0.9401814170337306
face_mouthUpperUpRight_max,arousal_score,0.21247469798682164,0.30787682663149085,25,0.9401814170337306
face_jawForward_mean,arousal_score,0.21022390669458837,0.31314958377670454,25,0.9401814170337306
face_mouthLowerDownRight_max,valence_score,0.20999839965249598,0.31368089997136495,25,0.9401814170337306
face_eyeLookOutLeft_max,arousal_score,0.20752295714390845,0.3195496192776739,25,0.9401814170337306
face_mouthStretchRight_std,valence_score,0.20697373134474395,0.3208607332125617,25,0.9401814170337306
face_eyeLookInRight_max,arousal_score,0.20617248236856847,0.3227793497255057,25,0.9401814170337306
face_ear_mean,arousal_score,0.20527216585167518,0.324943495196663,25,0.9401814170337306
face__neutral_max,valence_score,0.204813253982064,0.32604999063289175,25,0.9401814170337306
face_jawRight_max,arousal_score,0.2039216910763352,0.3282061857416506,25,0.9401814170337306
face_eyeLookInRight_std,arousal_score,0.20347153281788852,0.3292981386170851,25,0.9401814170337306
face_mouthShrugUpper_std,arousal_score,-0.20212105804254857,0.33258715327606825,25,0.9401814170337306
face_frown_mean,valence_score,-0.20178858567431196,0.3333998985451281,25,0.9401814170337306
face_jawForward_max,valence_score,0.20135649020177596,0.3344579624615144,25,0.9401814170337306
face_eyeWideRight_max,valence_score,0.20092439472923995,0.3355180431886555,25,0.9401814170337306
face_motion_energy,arousal_score,0.2007705832672086,0.33589588286248084,25,0.9401814170337306
face_eyeBlinkRight_max,valence_score,-0.19833182189402396,0.3419208311376012,25,0.9401814170337306
face_cheekSquintLeft_mean,arousal_score,0.1967191589411887,0.34594009369466827,25,0.9401814170337306
face_mouthPucker_max,arousal_score,0.19626900068274203,0.34706702188325944,25,0.9401814170337306
face_mouthStretchRight_max,arousal_score,0.19626900068274203,0.34706702188325944,25,0.9401814170337306
face_jawLeft_std,valence_score,-0.19617134453134397,0.3473117821009397,25,0.9401814170337306
face_browOuterUpRight_std,arousal_score,0.1953686841658487,0.34932740735829615,25,0.9401814170337306
face_jawForward_mean,valence_score,0.195307153586272,0.3494822071313962,25,0.9401814170337306
face_mouthShrugUpper_mean,arousal_score,-0.19401820939050873,0.3527342899793594,25,0.9401814170337306
face_mouthRollLower_std,valence_score,-0.19228248527851996,0.3571417363061562,25,0.9401814170337306
face_frown_std,valence_score,-0.19228248527851996,0.3571417363061562,25,0.9401814170337306
face_mouthLowerDownRight_mean,arousal_score,0.19086710158138215,0.3607595896462007,25,0.9401814170337306
face_browOuterUpLeft_max,valence_score,-0.19012200791583994,0.3626727049751344,25,0.9401814170337306
face_mouthRollLower_max,valence_score,-0.18796153055315998,0.36825339390826595,25,0.9401814170337306
face_mouthUpperUpRight_mean,arousal_score,0.18726583551380893,0.3700609864548392,25,0.9401814170337306
face_mouthRollUpper_max,valence_score,-0.18580105319047996,0.3738836352752348,25,0.9401814170337306
face_eyeLookOutLeft_std,valence_score,0.18493686224540795,0.3761495668479411,25,0.9401814170337306
face_mouthRollUpper_std,valence_score,-0.18450476677287198,0.37728549139211365,25,0.9401814170337306
face_jawRight_mean,arousal_score,0.183214411187789,0.380689396014137,25,0.9401814170337306
face_eyeLookInRight_max,valence_score,0.18191219393765595,0.3841423646601895,25,0.9401814170337306
face_jawForward_max,arousal_score,0.18186393641244905,0.38427066718686864,25,0.9401814170337306
face_mouthFunnel_max,arousal_score,0.18186393641244905,0.38427066718686864,25,0.9401814170337306
face_eyeBlinkRight_std,arousal_score,-0.18096361989555573,0.38666882537536695,25,0.9401814170337306
face_mouthRollUpper_max,arousal_score,0.1800633033786624,0.3890754814663405,25,0.9401814170337306
face_mouthDimpleRight_mean,arousal_score,-0.1787128286033224,0.3927013657300923,25,0.9401814170337306
face_eyeLookUpLeft_max,valence_score,0.17845543015736795,0.3933946149730754,25,0.9401814170337306
face_disgust_proxy_mean,arousal_score,0.17781251208642912,0.3951291991591789,25,0.9401814170337306
face_mouthUpperUpLeft_mean,arousal_score,0.17781251208642912,0.3951291991591789,25,0.9401814170337306
face_eyeLookDownRight_max,arousal_score,-0.17601187905264248,0.4000101789423173,25,0.9401814170337306
face_roll_mean_deg,valence_score,0.17586285732215196,0.40041564154031384,25,0.9401814170337306
face__neutral_std,valence_score,0.17586285732215196,0.40041564154031384,25,0.9401814170337306
face_mouthRight_std,valence_score,0.17543076184961595,0.40159260121066653,25,0.9401814170337306
face_mouthRight_mean,arousal_score,0.1751115625357492,0.40246329217893384,25,0.9401814170337306
face_mouthShrugUpper_max,arousal_score,-0.1751115625357492,0.40246329217893384,25,0.9401814170337306
face_mouthPressLeft_max,valence_score,0.17456657090454397,0.4039523225533914,25,0.9401814170337306
face_mouthFunnel_max,valence_score,0.17413447543200794,0.4051350804103854,25,0.9401814170337306
face_mouthRight_mean,valence_score,0.17283818901439996,0.4086949194658186,25,0.9401814170337306
face_mouthFunnel_std,arousal_score,0.17241061298506924,0.40987291966941575,25,0.9401814170337306
face_eyeLookOutLeft_max,valence_score,0.17240609354186395,0.4098853810836015,25,0.9401814170337306
face_ear_mean,valence_score,0.17154190259679195,0.41227206522334714,25,0.9401814170337306
face_eyeLookDownRight_std,arousal_score,-0.1697096634343893,0.41735760352014295,25,0.9460105679789907
face_jawLeft_mean,arousal_score,-0.16700871388370936,0.4249168390402116,25,0.949927491871792
face_eyeLookInRight_std,valence_score,0.166788852398896,0.42553543781402736,25,0.949927491871792
face_mouthStretchLeft_std,arousal_score,0.16475792259147612,0.43127276869589337,25,0.949927491871792
face_mouthFrownLeft_mean,arousal_score,-0.16385760607458277,0.43382946196287664,25,0.949927491871792
face_eyeLookDownLeft_max,arousal_score,-0.16340744781613614,0.4351108669764059,25,0.949927491871792
face_pitch_std_deg,valence_score,-0.16246789767353598,0.4377919122413987,25,0.949927491871792
face_mouthFrownLeft_max,valence_score,-0.16160370672846394,0.440265724014992,25,0.949927491871792
face_eye_squint_mean,valence_score,0.15901113389324795,0.44773184584006687,25,0.949927491871792
face_jawLeft_max,valence_score,-0.15901113389324795,0.44773184584006687,25,0.949927491871792
face_roll_std_deg,arousal_score,0.15710523219788297,0.45326299628246347,25,0.949927491871792
face_mouthFrownLeft_mean,valence_score,-0.15598646558549598,0.4565264662617369,25,0.949927491871792
face_browOuterUpRight_max,arousal_score,0.155754757422543,0.4572039014296031,25,0.949927491871792
face_jawRight_std,valence_score,0.15512227464042397,0.4590557423354923,25,0.949927491871792
face_mouthPressRight_mean,valence_score,-0.154258083695352,0.4615923248131314,25,0.949927491871792
face_eyeLookDownLeft_std,arousal_score,-0.1535039661303097,0.46381177143378527,25,0.949927491871792
face_browOuterUpLeft_mean,arousal_score,-0.15305380787186307,0.465139272018647,25,0.949927491871792
face_frown_mean,arousal_score,-0.15305380787186307,0.465139272018647,25,0.949927491871792
face__neutral_max,arousal_score,0.15305380787186307,0.465139272018647,25,0.949927491871792
face_browInnerUp_mean,valence_score,-0.15123341538759996,0.4705275846037287,25,0.949927491871792
face_brow_inner_raiser_mean,valence_score,-0.15123341538759996,0.4705275846037287,25,0.949927491871792
face_mar_std,arousal_score,0.14990270006273648,0.4744867086300295,25,0.949927491871792
face_mouthStretchLeft_max,arousal_score,0.14900238354584314,0.4771749649091436,25,0.949927491871792
face_mouthFrownLeft_std,arousal_score,-0.14810206702894982,0.4798709774851264,25,0.949927491871792
face_ear_min,valence_score,0.14691246066223995,0.48344512278744667,25,0.949927491871792
face_browDownLeft_max,arousal_score,0.14675159225360984,0.4839294806781732,25,0.949927491871792
face_mouthPressLeft_max,arousal_score,0.14585127573671655,0.4866447660185108,25,0.949927491871792
face_eyeSquintLeft_std,valence_score,-0.14431988782702396,0.49128089723932533,25,0.949927491871792
face_noseSneerRight_mean,arousal_score,0.14315032618603662,0.4948364765192712,25,0.949927491871792
face_eyeSquintRight_std,valence_score,-0.14129521951927196,0.5005023761440734,25,0.949927491871792
face_mouthRollUpper_mean,valence_score,-0.14086312404673598,0.5018266814621375,25,0.949927491871792
face_mouthDimpleRight_std,arousal_score,-0.14044937663535667,0.5030963724719677,25,0.949927491871792
face_eyeBlinkLeft_max,arousal_score,-0.13909890186001672,0.507251644774654,25,0.949927491871792
face_mouthRollUpper_std,arousal_score,0.13729826882623009,0.5128180440725301,25,0.949927491871792
face_mouthDimpleLeft_max,valence_score,0.13697426479391198,0.5138227984055237,25,0.949927491871792
face_roll_std_deg,valence_score,0.13654216932137597,0.5151642356835293,25,0.949927491871792
face_mouthStretchLeft_mean,arousal_score,0.13549763579244345,0.5184139756200723,25,0.949927491871792
face_jawRight_std,arousal_score,0.13459731927555016,0.5212229385561021,25,0.949927491871792
face_mouthStretchRight_std,arousal_score,0.1341471610171035,0.5226301555785041,25,0.949927491871792
face_pitch_mean_deg,valence_score,0.13394959648615998,0.5232483264853695,25,0.949927491871792
face_mouthLowerDownLeft_mean,arousal_score,0.13324684450021018,0.5254500408927525,25,0.949927491871792
face_mouthFunnel_std,valence_score,0.13265331006855197,0.5273130153932217,25,0.949927491871792
face_eyeWideLeft_max,arousal_score,0.13234652798331686,0.5282771678903362,25,0.949927491871792
face_pitch_std_deg,arousal_score,0.13144621146642357,0.5311115042927077,25,0.949927491871792
face_mouthPressLeft_std,valence_score,0.13049283270587198,0.5341207119470981,25,0.949927491871792
face_mouthPressLeft_std,arousal_score,0.128295103657297,0.541087982603357,25,0.949927491871792
face_mouthPucker_std,arousal_score,0.126944628881957,0.5453901763481985,25,0.949927491871792
face_cheekSquintRight_max,valence_score,0.12660397345304797,0.5464778942910127,25,0.949927491871792
face_eyeBlinkLeft_max,valence_score,-0.125739782507976,0.549241758398473,25,0.949927491871792
face_mouthDimpleRight_max,valence_score,0.12530768703543996,0.5506260982495363,25,0.949927491871792
face_mouthFrownRight_mean,arousal_score,-0.12469383758972372,0.5525954885618036,25,0.949927491871792
face_mouthPressRight_std,valence_score,-0.12314720967275998,0.5575717215141966,25,0.949927491871792
face_mouthLeft_mean,valence_score,-0.12271511420022396,0.558965603778091,25,0.949927491871792
face_cheekSquintLeft_max,valence_score,0.12271511420022396,0.558965603778091,25,0.949927491871792
face_mouthPucker_mean,valence_score,0.12185092325515198,0.5617580945601508,25,0.949927491871792
face_jawLeft_std,arousal_score,-0.12109257152215047,0.5642137539461667,25,0.949927491871792
face_mouthLowerDownRight_std,arousal_score,0.12109257152215047,0.5642137539461667,25,0.949927491871792
face_mouthPressRight_max,valence_score,-0.11882625494739997,0.5715810202933209,25,0.949927491871792
face_mouthShrugLower_max,valence_score,0.11882625494739997,0.5715810202933209,25,0.949927491871792
face_motion_energy,valence_score,-0.11882625494739997,0.5715810202933209,25,0.949927491871792
face_mouthLowerDownRight_max,arousal_score,0.11839162197147053,0.5729987721582541,25,0.949927491871792
face_jawLeft_max,arousal_score,-0.11794146371302389,0.5744688056323212,25,0.949927491871792
face_mouthRollUpper_mean,arousal_score,0.11659098893768391,0.5788888657595268,25,0.949927491871792
face_mouthLeft_std,arousal_score,0.11614083067923726,0.5803655234599553,25,0.949927491871792
face_eyeLookUpLeft_std,valence_score,0.11450530022203999,0.5857443720123678,25,0.949927491871792
face_mouthPressLeft_mean,arousal_score,0.11434019764545063,0.5862885502007434,25,0.949927491871792
face_cheekSquintLeft_mean,valence_score,0.11407320474950398,0.587169021493205,25,0.949927491871792
face_eyeLookOutRight_std,arousal_score,0.11343988112855732,0.5892598345300956,25,0.949927491871792
face_browOuterUpRight_mean,valence_score,-0.11018434549667998,0.6000576231983495,25,0.9517901629054274
face_noseSneerRight_std,arousal_score,0.10938845680253742,0.6027100295674813,25,0.9517901629054274
face_noseSneerRight_max,arousal_score,0.10893829854409076,0.6042124195089267,25,0.9517901629054274
face_mouthFrownLeft_max,arousal_score,-0.10803798202719744,0.6072218941945681,25,0.9517901629054274
face_mouthPucker_mean,arousal_score,0.10713766551030414,0.6102375951663037,25,0.9517901629054274
face_browDownLeft_max,valence_score,0.10456710435371197,0.6188818552242447,25,0.9517901629054274
face_eyeLookUpRight_max,valence_score,0.10413500888117598,0.6203397853298418,25,0.9517901629054274
face_browOuterUpLeft_mean,valence_score,-0.10413500888117598,0.6203397853298418,25,0.9517901629054274
face_mouthLowerDownLeft_std,arousal_score,0.10353639944273088,0.6223618502998733,25,0.9517901629054274
face_cheekSquintRight_std,valence_score,0.10197453151849598,0.6276502449237633,25,0.9517901629054274
face_mouthShrugLower_mean,arousal_score,-0.10173576640894426,0.6284602729814328,25,0.9517901629054274
face_eyeSquintLeft_mean,arousal_score,0.10083544989205094,0.6315184123362094,25,0.9517901629054274
face_mouthDimpleRight_max,arousal_score,-0.09813450034137101,0.6407280348397963,25,0.9517901629054274
face_mouthRollLower_max,arousal_score,-0.09543355079069107,0.6499895635044204,25,0.9517901629054274
face__neutral_mean,arousal_score,0.09363291775690447,0.6561921733423204,25,0.9517901629054274
face_mouthDimpleLeft_std,valence_score,0.09333262206777598,0.6572287657344131,25,0.9517901629054274
face_roll_mean_deg,arousal_score,0.09183228472311784,0.6624169777060802,25,0.9517901629054274
face_browOuterUpRight_max,valence_score,-0.09160424017763197,0.6632068951350056,25,0.9517901629054274
face_mouthRollLower_mean,arousal_score,-0.09138212646467117,0.6639766049356688,25,0.9517901629054274
face_frown_max,arousal_score,-0.09048180994777787,0.6670999314959263,25,0.9517901629054274
face_eyeLookUpRight_std,valence_score,0.09030795376002397,0.6677036859678138,25,0.9517901629054274
face_eyeLookOutRight_mean,valence_score,-0.09030795376002397,0.6677036859678138,25,0.9517901629054274
face_eyeSquintLeft_std,arousal_score,-0.0891313351724379,0.6717950168841358,25,0.9517901629054274
face_ear_std,arousal_score,-0.0891313351724379,0.6717950168841358,25,0.9517901629054274
face_eyeBlinkLeft_std,arousal_score,-0.08868117691399123,0.673362714800403,25,0.9517901629054274
face_frown_std,arousal_score,-0.08823101865554459,0.6749317379448907,25,0.9517901629054274
face_mouthClose_max,arousal_score,0.08823101865554459,0.6749317379448907,25,0.9517901629054274
face_mouthShrugLower_std,valence_score,0.088147476397344,0.6752230691765602,25,0.9517901629054274
face_eyeLookInLeft_std,valence_score,0.08598699903466399,0.6827728207684272,25,0.9517901629054274
face_eyeLookOutRight_mean,arousal_score,0.0859802273633113,0.6827965313338848,25,0.9517901629054274
face_mouthLowerDownLeft_max,arousal_score,0.0859802273633113,0.6827965313338848,25,0.9517901629054274
face_browOuterUpRight_std,valence_score,-0.08512280808959198,0.685801082022646,25,0.9517901629054274
face_jawForward_std,arousal_score,0.08417959432952467,0.6891116326898354,25,0.9517901629054274
face_mouthStretchRight_mean,arousal_score,0.08327927781263136,0.6922768108956723,25,0.9517901629054274
face_mouthFrownRight_std,arousal_score,-0.08192880303729139,0.697033980564604,25,0.9517901629054274
face_brow_lowerer_max,arousal_score,0.08192880303729139,0.697033980564604,25,0.9517901629054274
face_mouthDimpleRight_std,valence_score,0.08080185336423197,0.7010122971563737,25,0.9517901629054274
face_eyeLookInLeft_mean,arousal_score,0.07967801174505813,0.7049872751174788,25,0.9517901629054274
face_mouthDimpleRight_mean,valence_score,0.07820928052901598,0.7101934481603183,25,0.9517901629054274
face_eyeSquintRight_mean,arousal_score,0.0778773787112715,0.7113716917997234,25,0.9517901629054274
face_yaw_mean_deg,valence_score,-0.07691299411140798,0.7147988777344332,25,0.9517901629054274
face_browOuterUpLeft_max,arousal_score,-0.07517642916059156,0.7209837145245994,25,0.9517901629054274
face_mouthClose_mean,arousal_score,0.07427611264369825,0.7241969668217925,25,0.9517901629054274
face_mouthFrownRight_max,arousal_score,-0.07337579612680492,0.7274147597617788,25,0.9517901629054274
face_jawOpen_mean,arousal_score,0.07337579612680492,0.7274147597617788,25,0.9517901629054274
face_jaw_open_mean,arousal_score,0.07337579612680492,0.7274147597617788,25,0.9517901629054274
face_mouthLeft_max,arousal_score,0.07067484657612498,0.7370948880422675,25,0.9517901629054274
face_noseSneerRight_std,valence_score,0.06956737107829598,0.7410754229127599,25,0.9517901629054274
face_mouthStretchLeft_max,valence_score,0.06913527560576,0.7426302402099902,25,0.9517901629054274
face_eyeBlinkRight_std,valence_score,-0.06870318013322399,0.7441860378898844,25,0.9517901629054274
face_mouthShrugUpper_mean,valence_score,-0.06827108466068799,0.7457428103790857,25,0.9517901629054274
face_eyeBlinkLeft_mean,arousal_score,-0.06797389702544507,0.7468140938940666,25,0.9517901629054274
face_browDownLeft_std,arousal_score,0.06797389702544507,0.7468140938940666,25,0.9517901629054274
face_noseSneerLeft_mean,valence_score,0.06783898918815198,0.747300552094095,25,0.9517901629054274
face_eyeLookInLeft_std,arousal_score,0.06752373876699841,0.7484376655608329,25,0.9517901629054274
face_browDownLeft_mean,arousal_score,0.06752373876699841,0.7484376655608329,25,0.9517901629054274
face_noseSneerLeft_max,valence_score,0.06654270277054398,0.751979536607986,25,0.9517901629054274
face_mouthFunnel_mean,arousal_score,0.06617326399165843,0.7533146038400542,25,0.9517901629054274
face_mouthPressLeft_mean,valence_score,0.066110607298008,0.7535410991903017,25,0.9517901629054274
face_ear_std,valence_score,-0.06567851182547199,0.7551036029307161,25,0.9517901629054274
face_eyeLookOutRight_max,valence_score,0.06524641635293599,0.756667042186035,25,0.9517901629054274
face_mouthLeft_std,valence_score,-0.06524641635293599,0.756667042186035,25,0.9517901629054274
face_browOuterUpLeft_std,arousal_score,-0.06482278921631847,0.758200743433484,25,0.9517901629054274
face_mar_mean,valence_score,0.0648143208804,0.75823141130331,25,0.9517901629054274
face_mouthStretchRight_mean,valence_score,0.0648143208804,0.75823141130331,25,0.9517901629054274
face_eyeLookUpRight_mean,arousal_score,0.0634723144409785,0.7630959117855325,25,0.9517901629054274
face_mouthShrugLower_std,arousal_score,-0.0634723144409785,0.7630959117855325,25,0.9517901629054274
face_eyeLookOutRight_max,arousal_score,0.06302215618253185,0.7647296110030962,25,0.9517901629054274
face_mouthRollLower_std,arousal_score,-0.062121839665638535,0.767999935420614,25,0.9517901629054274
face_cheekSquintRight_mean,valence_score,0.06092546162757599,0.7723516396550067,25,0.9517901629054274
face_eyeLookOutLeft_mean,arousal_score,0.059871048373405254,0.7761925125298271,25,0.9517901629054274
face_jaw_open_max,arousal_score,0.059871048373405254,0.7761925125298271,25,0.9517901629054274
face_jawOpen_max,arousal_score,0.059871048373405254,0.7761925125298271,25,0.9517901629054274
face_pitch_mean_deg,arousal_score,-0.05807041533961863,0.7827633898244932,25,0.9530430647157582
face_eyeBlinkLeft_std,valence_score,-0.05790079331982399,0.783383128673271,25,0.9530430647157582
face_mouthDimpleLeft_mean,valence_score,0.05703660237475199,0.7865425605654819,25,0.9530430647157582
face_mouthLeft_max,valence_score,-0.056604506902215995,0.7881235104430193,25,0.9530430647157582
face_eyeSquintLeft_max,arousal_score,-0.055819624047385344,0.790997318235556,25,0.9530430647157582
face_browDownRight_std,arousal_score,0.05491930753049203,0.7942970458795535,25,0.9530430647157582
face_browDownRight_mean,valence_score,-0.05444402953953599,0.7960403654500655,25,0.9530430647157582
face_eyeWideLeft_mean,arousal_score,0.05401899101359872,0.7976002119145249,25,0.9530430647157582
face_mouthStretchLeft_mean,valence_score,0.05098726575924799,0.8087478737301532,25,0.957738228813545
face_jawOpen_std,valence_score,-0.05055517028671199,0.8103396965208675,25,0.957738228813545
face_jaw_open_std,valence_score,-0.05055517028671199,0.8103396965208675,25,0.957738228813545
face_mar_max,valence_score,0.04925888386910399,0.815119534666285,25,0.957738228813545
face_eye_squint_mean,arousal_score,0.04816693365379219,0.819150913004187,25,0.957738228813545
face_eyeLookUpLeft_mean,arousal_score,0.047266617136898885,0.8224781606331889,25,0.957738228813545
face_jawOpen_mean,valence_score,-0.04666631103388799,0.8246983371998371,25,0.957738228813545
face_jaw_open_mean,valence_score,-0.04666631103388799,0.8246983371998371,25,0.957738228813545
face_mouthStretchLeft_std,valence_score,0.045802120088815984,0.8278967624963116,25,0.957738228813545
face_brow_lowerer_max,valence_score,0.045370024616279994,0.829496977644001,25,0.957738228813545
face_eyeSquintRight_max,arousal_score,0.0450158258446656,0.8308092041857814,25,0.957738228813545
face_eyeLookInRight_mean,arousal_score,0.04411550932777229,0.8341466482303664,25,0.957738228813545
face_noseSneerRight_mean,valence_score,0.04364164272613599,0.8359043805859709,25,0.957738228813545
face_eyeLookDownLeft_mean,arousal_score,-0.04276503455243232,0.8391580289106164,25,0.957738228813545
face_eyeLookUpRight_max,arousal_score,-0.04231487629398566,0.8408298522440188,25,0.957738228813545
face_browDownRight_mean,arousal_score,-0.04186471803553901,0.8425023456675302,25,0.957738228813545
face_mouthShrugUpper_std,valence_score,-0.03888859252823999,0.8535760412159991,25,0.9673861800447989
face_eyeLookInLeft_mean,valence_score,-0.036296019693024,0.8632446625800902,25,0.9680808225066009
face_brow_lowerer_mean,arousal_score,0.03601266067573248,0.864302593518851,25,0.9680808225066009
face_noseSneerLeft_mean,arousal_score,0.03556250241728583,0.8659837414570783,25,0.9680808225066009
face_yaw_mean_deg,arousal_score,0.034662185900392516,0.8693477282949462,25,0.9680808225066009
face_mouthLeft_mean,arousal_score,-0.034212027641945864,0.87103055319769,25,0.9680808225066009
face_eyeLookInLeft_max,valence_score,0.033703446857807996,0.8729324341041753,25,0.9680808225066009
face_eyeWideRight_max,arousal_score,0.033311711125052546,0.8743978309308871,25,0.9680808225066009
face_browDownRight_max,arousal_score,0.03286155286660589,0.8760822697266432,25,0.9680808225066009
face_eyeLookUpLeft_max,arousal_score,-0.03151107809126592,0.8811387014942387,25,0.9680808225066009
face_noseSneerLeft_std,arousal_score,-0.03061076157437261,0.8845121817568504,25,0.9680808225066009
face_eyeSquintRight_mean,valence_score,0.029382492132447993,0.8891176410424744,25,0.9680808225066009
face_noseSneerLeft_max,arousal_score,-0.02835997028213933,0.8929543109561932,25,0.9680808225066009
face_brow_lowerer_std,valence_score,-0.027654110242303992,0.8956041833884596,25,0.9680808225066009
face_browDownLeft_mean,valence_score,0.027654110242303992,0.8956041833884596,25,0.9680808225066009
face_eyeLookOutRight_std,valence_score,0.027654110242303992,0.8956041833884596,25,0.9680808225066009
face_mouthClose_std,valence_score,-0.027654110242303992,0.8956041833884596,25,0.9680808225066009
face_mouthClose_max,valence_score,0.024197346462015993,0.9085964230143102,25,0.9719599593397543
face_eyeSquintRight_std,arousal_score,-0.02385838769767277,0.9098716814919015,25,0.9719599593397543
face_mouthClose_std,arousal_score,0.02295807118077946,0.913259970278169,25,0.9719599593397543
face_noseSneerLeft_std,valence_score,0.022901060044407992,0.9134745785218807,25,0.9719599593397543
face_browOuterUpRight_mean,arousal_score,-0.0225079129223328,0.9149546701736251,25,0.9719599593397543
face_eyeWideRight_std,arousal_score,0.0225079129223328,0.9149546701736251,25,0.9719599593397543
face_mouthShrugUpper_max,valence_score,-0.021604773626799995,0.9183557776734748,25,0.9719599593397543
face_mouthShrugLower_mean,valence_score,0.021172678154263998,0.9199834909258637,25,0.9719599593397543
face_eyeLookDownRight_mean,arousal_score,-0.01935680511320621,0.9268272715137594,25,0.9764321113975946
face_browDownRight_max,valence_score,0.018148009846512,0.9313858897039828,25,0.9784784346890157
face_mouthClose_mean,valence_score,-0.016419627956367998,0.9379075925631924,25,0.9825698588757255
face_eyeSquintRight_max,valence_score,0.014259150593687998,0.9460651421716162,25,0.9883473831625265
face_browDownRight_std,valence_score,0.012962864176079999,0.9509622574404095,25,0.9906960564978082
face_browDownLeft_std,valence_score,-0.011234482285935998,0.9574944037043238,25,0.993248033513117
face_eyeWideLeft_std,arousal_score,-0.01035363994427309,0.9608244588424735,25,0.993248033513117
face_brow_lowerer_std,arousal_score,0.00900316516893312,0.9659311957654788,25,0.993248033513117
face_mouthShrugLower_max,arousal_score,-0.006302215618253184,0.9761483867323291,25,0.993248033513117
face_eyeLookUpLeft_std,arousal_score,0.005852057359806529,0.9778516492983315,25,0.993248033513117
face_jaw_open_max,valence_score,0.005185145670431999,0.9803752123049428,25,0.993248033513117
face_jawOpen_max,valence_score,0.005185145670431999,0.9803752123049428,25,0.993248033513117
face__neutral_mean,valence_score,-0.00432095472536,0.9836455400479173,25,0.993248033513117
face_jaw_open_std,arousal_score,-0.004051424326019904,0.984665569439243,25,0.993248033513117
face_eyeLookInLeft_max,arousal_score,0.004051424326019904,0.984665569439243,25,0.993248033513117
face_jawOpen_std,arousal_score,-0.004051424326019904,0.984665569439243,25,0.993248033513117
face_brow_lowerer_mean,valence_score,-0.0038888592528239993,0.9852808032977711,25,0.993248033513117
face_noseSneerRight_max,valence_score,-0.003024668307751999,0.9885514965060425,25,0.9938662894980105
face_mouthFunnel_mean,valence_score,0.00216047736268,0.9918223692546603,25,0.9944814104590963
face_eyeLookUpRight_std,arousal_score,-0.00045015825844665604,0.9982960777062876,25,0.9982960777062876
