axis,input_pitch_deg,input_yaw_deg,input_roll_deg,recovered_pitch_deg,recovered_yaw_deg,recovered_roll_deg,max_abs_error_deg
pitch,-30.0,0.0,0.0,-29.999999999999996,-0.0,0.0,3.552713678800501e-15
pitch,-10.0,0.0,0.0,-10.0,-0.0,0.0,0.0
pitch,10.0,0.0,0.0,10.0,-0.0,0.0,0.0
pitch,30.0,0.0,0.0,29.999999999999996,-0.0,0.0,3.552713678800501e-15
yaw,0.0,-45.0,0.0,0.0,-45.0,0.0,0.0
yaw,0.0,-15.0,0.0,0.0,-14.999999999999998,0.0,1.7763568394002505e-15
yaw,0.0,15.0,0.0,0.0,14.999999999999998,0.0,1.7763568394002505e-15
yaw,0.0,45.0,0.0,0.0,45.0,0.0,0.0
roll,0.0,0.0,-20.0,0.0,-0.0,-19.999999999999996,3.552713678800501e-15
roll,0.0,0.0,-5.0,0.0,-0.0,-4.999999999999999,8.881784197001252e-16
roll,0.0,0.0,5.0,0.0,-0.0,4.999999999999999,8.881784197001252e-16
roll,0.0,0.0,20.0,0.0,-0.0,19.999999999999996,3.552713678800501e-15
combined,10.0,-20.0,15.0,10.000000000000002,-19.999999999999996,14.999999999999998,3.552713678800501e-15
