participant_code,valence__Majority baseline,valence__Logistic Regression,valence__Random Forest,valence__SVM (RBF),valence__kNN (k=3),arousal__Majority baseline,arousal__Logistic Regression,arousal__Random Forest,arousal__SVM (RBF),arousal__kNN (k=3)
Y2c-001,neutral,positive,positive,neutral,positive,high,high,high,high,high
Y2c-002,neutral,positive,positive,neutral,neutral,high,high,high,high,high
Y2c-003,neutral,neutral,neutral,neutral,positive,high,high,high,high,high
Y2c-004,neutral,neutral,neutral,neutral,neutral,high,high,high,high,high
Y2c-005,neutral,positive,positive,neutral,negative,high,high,high,high,high
Y2c-006,neutral,positive,positive,neutral,positive,high,high,high,high,high
Y2c-007,neutral,neutral,neutral,neutral,negative,high,high,high,high,high
Y4d-008,neutral,neutral,neutral,neutral,neutral,high,high,high,high,high
Y4d-009,neutral,neutral,neutral,neutral,neutral,high,high,high,high,moderate
Y4d-010,neutral,positive,neutral,neutral,neutral,high,high,high,high,high
Y4d-011,neutral,neutral,neutral,neutral,neutral,high,high,high,high,high
Y4d-012,neutral,positive,neutral,neutral,positive,high,high,high,high,high
Y4d-013,neutral,neutral,neutral,neutral,positive,high,high,high,high,high
Y4d-014,neutral,neutral,neutral,neutral,neutral,high,moderate,high,high,moderate
Y4d-015,neutral,neutral,neutral,neutral,neutral,high,high,high,high,high
Y4d-016,neutral,neutral,neutral,neutral,neutral,high,high,high,high,high
Y4d-017,neutral,neutral,neutral,neutral,neutral,high,high,high,high,high
Y4d-018,neutral,neutral,neutral,neutral,neutral,high,high,high,high,high
Y4d-019,neutral,neutral,neutral,neutral,positive,high,high,high,high,high
Y4d-020,neutral,positive,neutral,neutral,positive,high,high,high,high,high
Y4d-021,neutral,neutral,neutral,neutral,negative,high,high,high,high,high
Y4d-022,neutral,neutral,neutral,neutral,positive,high,high,high,high,high
Y4d-023,neutral,neutral,neutral,neutral,neutral,high,high,high,high,high
Y4d-024,neutral,neutral,neutral,neutral,neutral,high,high,high,high,high
Y4d-025,neutral,neutral,neutral,neutral,neutral,high,moderate,high,high,moderate
