participant_code,year_level,class_activity,subject,session,session_name,spoken_word,self_reported_feeling,valence_score,valence_label,arousal_score,arousal_label,affect_category,word_english,date_collected,audio_filename,audio_sr,audio_duration_sec,audio_voiced_duration_sec,audio_rms_mean,audio_rms_std,audio_rms_max,audio_rms_min,audio_rms_db_mean,audio_zcr_mean,audio_zcr_std,audio_zcr_max,audio_zcr_min,audio_spec_centroid_mean,audio_spec_centroid_std,audio_spec_centroid_max,audio_spec_centroid_min,audio_spec_bandwidth_mean,audio_spec_bandwidth_std,audio_spec_bandwidth_max,audio_spec_bandwidth_min,audio_spec_rolloff_mean,audio_spec_rolloff_std,audio_spec_rolloff_max,audio_spec_rolloff_min,audio_spec_flatness_mean,audio_spec_flatness_std,audio_spec_flatness_max,audio_spec_flatness_min,audio_spec_contrast_mean,audio_spec_contrast_std,audio_spec_contrast_max,audio_spec_contrast_min,audio_mfcc1_mean,audio_mfcc1_std,audio_mfcc2_mean,audio_mfcc2_std,audio_mfcc3_mean,audio_mfcc3_std,audio_mfcc4_mean,audio_mfcc4_std,audio_mfcc5_mean,audio_mfcc5_std,audio_mfcc6_mean,audio_mfcc6_std,audio_mfcc7_mean,audio_mfcc7_std,audio_mfcc8_mean,audio_mfcc8_std,audio_mfcc9_mean,audio_mfcc9_std,audio_mfcc10_mean,audio_mfcc10_std,audio_mfcc11_mean,audio_mfcc11_std,audio_mfcc12_mean,audio_mfcc12_std,audio_mfcc13_mean,audio_mfcc13_std,audio_mfcc_delta_mean,audio_voiced_ratio,audio_f0_mean,audio_f0_std,audio_f0_min,audio_f0_max,audio_f0_range,audio_jitter_local,audio_shimmer_local,audio_hnr_db
Y2C-001,2nd Year,Quiz,Discrete Structure,PM,Afternoon,Nalipay,Nalipay,5,Very Pleasant,4,High,,,9/24/2026,,,,,,,,,,,,,,,,,,,,,,,,,,,,,,,,,,,,,,,,,,,,,,,,,,,,,,,,,,,,,,,,,,,,,
Y2C-002,2nd Year,Quiz,Discrete Structure,PM,Afternoon,Kakulba,Kakulba,3,Neutral,4,High,,,9/24/2026,,,,,,,,,,,,,,,,,,,,,,,,,,,,,,,,,,,,,,,,,,,,,,,,,,,,,,,,,,,,,,,,,,,,,
Y2C-003,2nd Year,Quiz,Discrete Structure,PM,Afternoon,Kapoy,Exhausted,4,Pleasant,4,High,,,9/24/2026,,,,,,,,,,,,,,,,,,,,,,,,,,,,,,,,,,,,,,,,,,,,,,,,,,,,,,,,,,,,,,,,,,,,,
Y2C-004,2nd Year,Quiz,Discrete Structure,PM,Afternoon,Proud,I feel proud,4,Pleasant,4,High,,,9/24/2026,,,,,,,,,,,,,,,,,,,,,,,,,,,,,,,,,,,,,,,,,,,,,,,,,,,,,,,,,,,,,,,,,,,,,
Y2C-005,2nd Year,Quiz,Discrete Structure,PM,Afternoon,Nalingaw,Nalingaw,3,Neutral,2,Low,,,9/24/2026,,,,,,,,,,,,,,,,,,,,,,,,,,,,,,,,,,,,,,,,,,,,,,,,,,,,,,,,,,,,,,,,,,,,,
Y2C-006,2nd Year,Quiz,Discrete Structure,PM,Afternoon,Ambot,Ambot lang,4,Pleasant,4,High,,,9/24/2026,,,,,,,,,,,,,,,,,,,,,,,,,,,,,,,,,,,,,,,,,,,,,,,,,,,,,,,,,,,,,,,,,,,,,
Y2C-007,2nd Year,Quiz,Discrete Structure,PM,Afternoon,Salimuang,Feeling great,4,Pleasant,4,High,,,9/24/2026,,,,,,,,,,,,,,,,,,,,,,,,,,,,,,,,,,,,,,,,,,,,,,,,,,,,,,,,,,,,,,,,,,,,,
Y4D-008,4th Year,Examination,Graph Theory,PM,Afternoon,Lisod,Lisod,3,Neutral,4,High,,,9/29/2026,,,,,,,,,,,,,,,,,,,,,,,,,,,,,,,,,,,,,,,,,,,,,,,,,,,,,,,,,,,,,,,,,,,,,
Y4D-009,4th Year,Examination,Graph Theory,PM,Afternoon,Grabe,Grabe,3,Neutral,2,Low,,,9/29/2026,,,,,,,,,,,,,,,,,,,,,,,,,,,,,,,,,,,,,,,,,,,,,,,,,,,,,,,,,,,,,,,,,,,,,
Y4D-010,4th Year,Examination,Graph Theory,PM,Afternoon,Ambot,Ambot,2,Unpleasant,4,High,,,9/29/2026,,,,,,,,,,,,,,,,,,,,,,,,,,,,,,,,,,,,,,,,,,,,,,,,,,,,,,,,,,,,,,,,,,,,,
Y4D-011,4th Year,Examination,Graph Theory,PM,Afternoon,Lisod,Lisod,3,Neutral,3,Moderate,,,9/29/2026,,,,,,,,,,,,,,,,,,,,,,,,,,,,,,,,,,,,,,,,,,,,,,,,,,,,,,,,,,,,,,,,,,,,,
Y4D-012,4th Year,Examination,Graph Theory,PM,Afternoon,Okay,Okay lang,4,Pleasant,4,High,,,9/29/2026,,,,,,,,,,,,,,,,,,,,,,,,,,,,,,,,,,,,,,,,,,,,,,,,,,,,,,,,,,,,,,,,,,,,,
Y4D-013,4th Year,Examination,Graph Theory,PM,Afternoon,Ambot,Ambot,5,Very Pleasant,4,High,,,9/29/2026,,,,,,,,,,,,,,,,,,,,,,,,,,,,,,,,,,,,,,,,,,,,,,,,,,,,,,,,,,,,,,,,,,,,,
Y4D-014,4th Year,Examination,Graph Theory,PM,Afternoon,Sayon,Sayon kaayo,4,Pleasant,5,Very High,,,9/29/2026,,,,,,,,,,,,,,,,,,,,,,,,,,,,,,,,,,,,,,,,,,,,,,,,,,,,,,,,,,,,,,,,,,,,,
Y4D-015,4th Year,Examination,Graph Theory,PM,Afternoon,Sayon,Sayon,4,Pleasant,5,Very High,,,9/29/2026,,,,,,,,,,,,,,,,,,,,,,,,,,,,,,,,,,,,,,,,,,,,,,,,,,,,,,,,,,,,,,,,,,,,,
Y4D-016,4th Year,Examination,Graph Theory,PM,Afternoon,Sayon,Sayon,3,Neutral,4,High,,,9/29/2026,,,,,,,,,,,,,,,,,,,,,,,,,,,,,,,,,,,,,,,,,,,,,,,,,,,,,,,,,,,,,,,,,,,,,
Y4D-017,4th Year,Examination,Graph Theory,PM,Afternoon,Libog ,Libog,3,Neutral,4,High,,,9/29/2026,,,,,,,,,,,,,,,,,,,,,,,,,,,,,,,,,,,,,,,,,,,,,,,,,,,,,,,,,,,,,,,,,,,,,
Y4D-018,4th Year,Examination,Graph Theory,PM,Afternoon,Lisod,Lisod,3,Neutral,4,High,,,9/29/2026,,,,,,,,,,,,,,,,,,,,,,,,,,,,,,,,,,,,,,,,,,,,,,,,,,,,,,,,,,,,,,,,,,,,,
Y4D-019,4th Year,Examination,Graph Theory,PM,Afternoon,Lisod ,Lisod,3,Neutral,4,High,,,9/29/2026,,,,,,,,,,,,,,,,,,,,,,,,,,,,,,,,,,,,,,,,,,,,,,,,,,,,,,,,,,,,,,,,,,,,,
Y4D-020,4th Year,Examination,Graph Theory,PM,Afternoon,Lisod,Lisod,3,Neutral,3,Moderate,,,9/29/2026,,,,,,,,,,,,,,,,,,,,,,,,,,,,,,,,,,,,,,,,,,,,,,,,,,,,,,,,,,,,,,,,,,,,,
Y4D-021,4th Year,Examination,Graph Theory,PM,Afternoon,Grabe,Grabe,3,Neutral,3,Moderate,,,9/29/2026,,,,,,,,,,,,,,,,,,,,,,,,,,,,,,,,,,,,,,,,,,,,,,,,,,,,,,,,,,,,,,,,,,,,,
Y4D-022,4th Year,Examination,Graph Theory,PM,Afternoon,Nadumduman,Nadumduman,4,Pleasant,4,High,,,9/29/2026,,,,,,,,,,,,,,,,,,,,,,,,,,,,,,,,,,,,,,,,,,,,,,,,,,,,,,,,,,,,,,,,,,,,,
Y4D-023,4th Year,Examination,Graph Theory,PM,Afternoon,Sakto,Sakto lang,3,Neutral,4,High,,,9/29/2026,,,,,,,,,,,,,,,,,,,,,,,,,,,,,,,,,,,,,,,,,,,,,,,,,,,,,,,,,,,,,,,,,,,,,
Y4D-024,4th Year,Examination,Graph Theory,PM,Afternoon,Luya,Luya,3,Neutral,3,Moderate,,,9/29/2026,,,,,,,,,,,,,,,,,,,,,,,,,,,,,,,,,,,,,,,,,,,,,,,,,,,,,,,,,,,,,,,,,,,,,
Y4D-025,4th Year,Examination,Graph Theory,PM,Afternoon,Libog,Libog,3,Neutral,3,Moderate,,,9/29/2026,,,,,,,,,,,,,,,,,,,,,,,,,,,,,,,,,,,,,,,,,,,,,,,,,,,,,,,,,,,,,,,,,,,,,
