Participant Code,Year Level,Class Activity,Subject,Session,Spoken Word,Self-Reported Feeling,Valence (1-5),Arousal (1-5),Audio Filename,Video Filename,Consent Obtained,Date Collected,Collector Initials,Notes
Y2c-001,2nd Year,Quiz,Discrete Structure,Afternoon,Nalipay,Nalipay,5 — Very Pleasant,4 — High,Y2c-001.m4a,Y2c-001.mp4,Yes,9/24/2026,,Face and Audio
Y2c-002,2nd Year,Quiz,Discrete Structure,Afternoon,Kakulba,Kulba,3 — Neutral,4 — High,Y2c-002.m4a,Y2c-002.mp4,Yes,9/24/2026,,Face and Audio
Y2c-003,2nd Year,Quiz,Discrete Structure,Afternoon,Kapoy,Exhausted,4 — Pleasant,4 — High,Y2c-003.m4a,Y2c-003.mp4,Yes,9/24/2026,,Face and Audio
Y2c-004,2nd Year,Quiz,Discrete Structure,Afternoon,Proud,I feel proud,4 — Pleasant,4 — High,Y2c-004.m4a,Y2c-004.mp4,Yes,9/24/2026,,Face and Audio
Y2c-005,2nd Year,Quiz,Discrete Structure,Afternoon,Nalingaw,Nalingaw,3 — Neutral,2 — Low,Y2c-005.m4a,Y2c-005.mp4,Yes,9/24/2026,,Face and Audio
Y2c-006,2nd Year,Quiz,Discrete Structure,Afternoon,Ambot,Ambot lang,4 — Pleasant,4 — High,Y2c-006.m4a,Y2c-006.mp4,Yes,9/24/2026,,Face and Audio
Y2c-007,2nd Year,Quiz,Discrete Structure,Afternoon,Salimuang,Feeling great,4 — Pleasant,4 — High,Y2c-007.m4a,Y2c-007.mp4,Yes,9/24/2026,,Face and Audio
Y4d-008,4th Year,Examination,Graph Theory,Afternoon,Lisod,Lisod,3 — Neutral,4 — High,Y4d-008.m4a,Y4d-008.mp4,Yes,9/29/2026,,Face and Audio
Y4d-009,4th Year,Examination,Graph Theory,Afternoon,Grabe,Grabe,3 — Neutral,2 — Low,Y4d-009.m4a,Y4d-009.mp4,Yes,9/29/2026,,Face and Audio
Y4d-010,4th Year,Examination,Graph Theory,Afternoon,Ambot,Ambot,2 — Unpleasant,4 — High,Y4d-010.m4a,Y4d-010.mp4,Yes,9/29/2026,,Face and Audio
Y4d-011,4th Year,Examination,Graph Theory,Afternoon,Lisod,Lisod,3 — Neutral,3 — Moderate,Y4d-011.m4a,Y4d-011.mp4,Yes,9/29/2026,,Face and Audio
Y4d-012,4th Year,Examination,Graph Theory,Afternoon,Okay lang,Okay lang,4 — Pleasant,4 — High,Y4d-012.m4a,Y4d-012.mp4,Yes,9/29/2026,,Face and Audio
Y4d-013,4th Year,Examination,Graph Theory,Afternoon,Ambot,Ambot,5 — Very Pleasant,4 — High,Y4d-013.m4a,Y4d-013.mp4,Yes,9/29/2026,,Face and Audio
Y4d-014,4th Year,Examination,Graph Theory,Afternoon,Sayon,Sayon kaayo,4 — Pleasant,5 — Very High,Y4d-014.m4a,Y4d-014.mp4,Yes,9/29/2026,,Face and Audio
Y4d-015,4th Year,Examination,Graph Theory,Afternoon,Sayon,Sayon,4 — Pleasant,5 — Very High,Y4d-015.m4a,Y4d-015.mp4,Yes,9/29/2026,,Face and Audio
Y4d-016,4th Year,Examination,Graph Theory,Afternoon,Sayon,Sayon,3 — Neutral,4 — High,Y4d-016.m4a,Y4d-016.mp4,Yes,9/29/2026,,Face and Audio
Y4d-017,4th Year,Examination,Graph Theory,Afternoon,Libog ,Libog,3 — Neutral,4 — High,Y4d-017.m4a,Y4d-017.mp4,Yes,9/29/2026,,Face and Audio
Y4d-018,4th Year,Examination,Graph Theory,Afternoon,Lisod,Lisod,3 — Neutral,4 — High,Y4d-018.m4a,Y4d-018.mp4,Yes,9/29/2026,,Face and Audio
Y4d-019,4th Year,Examination,Graph Theory,Afternoon,Lisod siya,Lisod,3 — Neutral,4 — High,Y4d-019.m4a,Y4d-019.mp4,Yes,9/29/2026,,Face and Audio
Y4d-020,4th Year,Examination,Graph Theory,Afternoon,Lisod,Lisod,3 — Neutral,3 — Moderate,Y4d-020.m4a,Y4d-020.mp4,Yes,9/29/2026,,Face and Audio
Y4d-021,4th Year,Examination,Graph Theory,Afternoon,Grabi,Grabi,3 — Neutral,3 — Moderate,Y4d-021.m4a,Y4d-021.mp4,Yes,9/29/2026,,Face and Audio
Y4d-022,4th Year,Examination,Graph Theory,Afternoon,Nadumduman,Nadumduman,4 — Pleasant,4 — High,Y4d-022.m4a,Y4d-022.mp4,Yes,9/29/2026,,Face and Audio
Y4d-023,4th Year,Examination,Graph Theory,Afternoon,Sakto lang,Sakto lang,3 — Neutral,4 — High,Y4d-023.m4a,Y4d-023.mp4,Yes,9/29/2026,,Face and Audio
Y4d-024,4th Year,Examination,Graph Theory,Afternoon,Luya,Luya,3 — Neutral,3 — Moderate,Y4d-024.m4a,Y4d-024.mp4,Yes,9/29/2026,,Face and Audio
Y4d-025,4th Year,Examination,Graph Theory,Afternoon,Libog,Libog,3 — Neutral,3 — Moderate,Y4d-025.m4a,Y4d-025.mp4,Yes,9/29/2026,,Face and Audio